[{"version":1,"nodes":[{"col_index":0,"label":"col0","id":0},{"col_index":1,"label":"col1","id":1},{"col_index":2,"label":"col2","id":2},{"abs_uri":"http://www.wikidata.org/entity/Q2143354","rel_uri":"wd:Q2143354","approximation":false,"readable_label":"insurance company (Q2143354)","id":3},{"abs_uri":"http://www.wikidata.org/entity/Q268592","rel_uri":"wd:Q268592","approximation":false,"readable_label":"industry (Q268592)","id":4},{"abs_uri":"http://www.wikidata.org/entity/Q1549591","rel_uri":"wd:Q1549591","approximation":false,"readable_label":"big city (Q1549591)","id":5}],"edges":[{"source":3,"target":0,"abs_uri":"http://www.w3.org/2000/01/rdf-schema#label","rel_uri":"rdfs:label","approximation":false,"readable_label":"rdfs:label","id":0},{"source":4,"target":1,"abs_uri":"http://www.w3.org/2000/01/rdf-schema#label","rel_uri":"rdfs:label","approximation":false,"readable_label":"rdfs:label","id":1},{"source":5,"target":2,"abs_uri":"http://www.w3.org/2000/01/rdf-schema#label","rel_uri":"rdfs:label","approximation":false,"readable_label":"rdfs:label","id":2},{"source":3,"target":4,"abs_uri":"http://www.wikidata.org/prop/P452","rel_uri":"p:P452","approximation":false,"readable_label":"industry (P452)","id":3},{"source":3,"target":5,"abs_uri":"http://www.wikidata.org/prop/P159","rel_uri":"p:P159","approximation":false,"readable_label":"headquarters location (P159)","id":4}]}]