[{"version":1,"nodes":[{"col_index":0,"label":"col0","id":0},{"col_index":1,"label":"col1","id":1},{"abs_uri":"http://www.wikidata.org/entity/Q1223230","rel_uri":"wd:Q1223230","approximation":false,"readable_label":"Roman bridge (Q1223230)","id":2}],"edges":[{"source":2,"target":0,"abs_uri":"http://www.w3.org/2000/01/rdf-schema#label","rel_uri":"rdfs:label","approximation":false,"readable_label":"rdfs:label","id":0},{"source":2,"target":1,"abs_uri":"http://www.wikidata.org/prop/P1314","rel_uri":"p:P1314","approximation":false,"readable_label":"number of spans (P1314)","id":1}]}]