{"version":"1.2","table":{"version":"2","table_id":"GZPG5324","columns":[{"index":0,"name":"col0","values":["Loné Molen","Windmouor Sint Nicolaasga","Heechhelm, Goënhahuizen","Victor, Wanswesd","De Boezemvriene, De Groeve","Windmoor Hartwerd","Lagenwaardse Polen","De Ueiger","Monnikenburenmolen, Nljhuizum","Vervoorne#Molen","De Marsswmermolen, Marssum","Gere Moln","De Beintemapolermolen","De Cornwerdermolen Cornwerd","Slootgaardmoln, Waarland","De Groeqe Molen, Joure","De Klelânsmole, Marrum","De Dird, Grou","Tjavker, Augustinusga","Owdendijkse\"Molen"]},{"index":1,"name":"col1","values":["Bolsward","Rotsterhaule","Goëngahuizen","Wanswerd","De Groeve","Hartwerd","Koudekerk aan den Rijn","Nijetrijne","Nijhuizum","Werkendam","Marssum","Hazerswoude-Dorp","Westergeest","Cornwerd","Waarland","Joure","Marrum","Akkrum","Augustinusga","Hoornaar"]},{"index":2,"name":"col2","values":["Rijksmonument","Rijksmonument","Rijksmonument","Rijksmonument","Rijksmonument","Rijksmonument","Rijksmonument","Rijksmonument","Rijksmonument","Rijksmonument","Rijksmonument","Rijksmonument","Rijksmonument","Rijksmonument","Rijksmonument","Rijksmonument","Rijksmonument","Rijksmonument","Rijksmonument","Rijksmonument"]}]},"context":{"page_title":null,"page_url":null,"page_entity_id":null,"content_hierarchy":[]},"links":[[[{"start":0,"end":25,"url":null,"entity_id":"Q4886947","candidates":[]}],[{"start":0,"end":12,"url":null,"entity_id":"Q3112096","candidates":[]}],[{"start":0,"end":13,"url":null,"entity_id":"Q916333","candidates":[]}]],[[{"start":0,"end":23,"url":null,"entity_id":"Q2802691","candidates":[]}],[{"start":0,"end":12,"url":null,"entity_id":"Q3030160","candidates":[]}],[{"start":0,"end":13,"url":null,"entity_id":"Q916333","candidates":[]}]],[[{"start":0,"end":16,"url":null,"entity_id":"Q2855657","candidates":[]}],[{"start":0,"end":8,"url":null,"entity_id":"Q3028090","candidates":[]}],[{"start":0,"end":13,"url":null,"entity_id":"Q916333","candidates":[]}]],[[{"start":0,"end":26,"url":null,"entity_id":"Q3906229","candidates":[]}],[{"start":0,"end":9,"url":null,"entity_id":"Q3020150","candidates":[]}],[{"start":0,"end":13,"url":null,"entity_id":"Q916333","candidates":[]}]],[[{"start":0,"end":17,"url":null,"entity_id":"Q2859822","candidates":[]}],[{"start":0,"end":8,"url":null,"entity_id":"Q2960451","candidates":[]}],[{"start":0,"end":13,"url":null,"entity_id":"Q916333","candidates":[]}]],[[{"start":0,"end":18,"url":null,"entity_id":"Q4978607","candidates":[]}],[{"start":0,"end":22,"url":null,"entity_id":"Q2922911","candidates":[]}],[{"start":0,"end":13,"url":null,"entity_id":"Q916333","candidates":[]}]],[[{"start":0,"end":9,"url":null,"entity_id":"Q3183815","candidates":[]}],[{"start":0,"end":10,"url":null,"entity_id":"Q2913075","candidates":[]}],[{"start":0,"end":13,"url":null,"entity_id":"Q916333","candidates":[]}]],[[{"start":0,"end":29,"url":null,"entity_id":"Q2909487","candidates":[]}],[{"start":0,"end":9,"url":null,"entity_id":"Q2685159","candidates":[]}],[{"start":0,"end":13,"url":null,"entity_id":"Q916333","candidates":[]}]],[[{"start":0,"end":15,"url":null,"entity_id":"Q3147653","candidates":[]}],[{"start":0,"end":9,"url":null,"entity_id":"Q2682753","candidates":[]}],[{"start":0,"end":13,"url":null,"entity_id":"Q916333","candidates":[]}]],[[{"start":0,"end":26,"url":null,"entity_id":"Q2832557","candidates":[]}],[{"start":0,"end":7,"url":null,"entity_id":"Q2527568","candidates":[]}],[{"start":0,"end":13,"url":null,"entity_id":"Q916333","candidates":[]}]],[[{"start":0,"end":9,"url":null,"entity_id":"Q2798307","candidates":[]}],[{"start":0,"end":16,"url":null,"entity_id":"Q2516687","candidates":[]}],[{"start":0,"end":13,"url":null,"entity_id":"Q916333","candidates":[]}]],[[{"start":0,"end":21,"url":null,"entity_id":"Q2947830","candidates":[]}],[{"start":0,"end":11,"url":null,"entity_id":"Q2504767","candidates":[]}],[{"start":0,"end":13,"url":null,"entity_id":"Q916333","candidates":[]}]],[[{"start":0,"end":27,"url":null,"entity_id":"Q3221018","candidates":[]}],[{"start":0,"end":8,"url":null,"entity_id":"Q2500857","candidates":[]}],[{"start":0,"end":13,"url":null,"entity_id":"Q916333","candidates":[]}]],[[{"start":0,"end":24,"url":null,"entity_id":"Q2787363","candidates":[]}],[{"start":0,"end":8,"url":null,"entity_id":"Q2361617","candidates":[]}],[{"start":0,"end":13,"url":null,"entity_id":"Q916333","candidates":[]}]],[[{"start":0,"end":22,"url":null,"entity_id":"Q3917198","candidates":[]}],[{"start":0,"end":5,"url":null,"entity_id":"Q2317245","candidates":[]}],[{"start":0,"end":13,"url":null,"entity_id":"Q916333","candidates":[]}]],[[{"start":0,"end":22,"url":null,"entity_id":"Q3086976","candidates":[]}],[{"start":0,"end":6,"url":null,"entity_id":"Q2304407","candidates":[]}],[{"start":0,"end":13,"url":null,"entity_id":"Q916333","candidates":[]}]],[[{"start":0,"end":13,"url":null,"entity_id":"Q2863892","candidates":[]}],[{"start":0,"end":6,"url":null,"entity_id":"Q2250527","candidates":[]}],[{"start":0,"end":13,"url":null,"entity_id":"Q916333","candidates":[]}]],[[{"start":0,"end":21,"url":null,"entity_id":"Q4990643","candidates":[]}],[{"start":0,"end":12,"url":null,"entity_id":"Q2017681","candidates":[]}],[{"start":0,"end":13,"url":null,"entity_id":"Q916333","candidates":[]}]],[[{"start":0,"end":17,"url":null,"entity_id":"Q2964375","candidates":[]}],[{"start":0,"end":8,"url":null,"entity_id":"Q2012106","candidates":[]}],[{"start":0,"end":13,"url":null,"entity_id":"Q916333","candidates":[]}]],[[{"start":0,"end":10,"url":null,"entity_id":"Q3217981","candidates":[]}],[{"start":0,"end":8,"url":null,"entity_id":"Q3291153","candidates":[]}],[{"start":0,"end":13,"url":null,"entity_id":"Q916333","candidates":[]}]]]}