{"version":"1.2","table":{"version":"2","table_id":"H1MIBVE7","columns":[{"index":0,"name":"col0","values":["Warren Wrthington III","Bnue Devil","Cycloss","Black Lightnng","Mist America","Plavtic Man","Black Ct","Windicator","Wally Wet","Blade","Bett| Ross","Valeria Rchards","MisterFantastic","Elliot Bogis","Wild Chilg","Rorscch","Stong Guy","Doco Manhattbn","Terry MGinnis","Mister\"Miracle"]},{"index":1,"name":"col1","values":["businessperson","superhero","student","superhero","reporter","superhero","superhero","secretary","superhero","vampire hunter","writer","superhero","scientist","student","superhero","private investigator","actor","superhero","student","superhero"]},{"index":2,"name":"col2","values":["Warren Kepneth Worthington III","Daniel Patrick Causidy","Scott Sumers","efferson Pierce","Joan Dalh","Patric!O'Brian","Felicia\"Hardy","Heathes McNeil","Wallae Rudolph West","Eric Broqks","Eli}abeth Ross","Vleria Meihan Richards","Reef Richards","Glliot Boggs","Kyoe ibney","Walter Joseph Lovacs","Guido Catosella","Jonathan Qsterman","Terrece McGinnis","Scott Ftee"]},{"index":3,"name":"col3","values":["Worthington","Cassidy","Summers","Pierce","Dale","O'Brian","Hardy","Hudson","West","Brooks","Ross","Richards","Richards","Boggs","Gibney","Kovacs","Carosella","Osterman","McGinnis","Free"]}]},"context":{"page_title":null,"page_url":null,"page_entity_id":null,"content_hierarchy":[]},"links":[[[{"start":0,"end":10,"url":null,"entity_id":"Q677330","candidates":[]}],[{"start":0,"end":9,"url":null,"entity_id":"Q188784","candidates":[]}],[],[{"start":0,"end":7,"url":null,"entity_id":"Q16865428","candidates":[]}]],[[{"start":0,"end":7,"url":null,"entity_id":"Q857921","candidates":[]}],[{"start":0,"end":7,"url":null,"entity_id":"Q48282","candidates":[]}],[],[{"start":0,"end":7,"url":null,"entity_id":"Q16036681","candidates":[]}]],[[{"start":0,"end":14,"url":null,"entity_id":"Q751117","candidates":[]}],[{"start":0,"end":9,"url":null,"entity_id":"Q188784","candidates":[]}],[],[{"start":0,"end":6,"url":null,"entity_id":"Q14921982","candidates":[]}]],[[{"start":0,"end":12,"url":null,"entity_id":"Q735193","candidates":[]}],[{"start":0,"end":8,"url":null,"entity_id":"Q42909","candidates":[]}],[],[{"start":0,"end":4,"url":null,"entity_id":"Q13582244","candidates":[]}]],[[{"start":0,"end":11,"url":null,"entity_id":"Q746838","candidates":[]}],[{"start":0,"end":9,"url":null,"entity_id":"Q188784","candidates":[]}],[],[{"start":0,"end":7,"url":null,"entity_id":"Q12797659","candidates":[]}]],[[{"start":0,"end":8,"url":null,"entity_id":"Q912640","candidates":[]}],[{"start":0,"end":9,"url":null,"entity_id":"Q188784","candidates":[]}],[],[{"start":0,"end":5,"url":null,"entity_id":"Q12790756","candidates":[]}]],[[{"start":0,"end":10,"url":null,"entity_id":"Q641682","candidates":[]}],[{"start":0,"end":9,"url":null,"entity_id":"Q80687","candidates":[]}],[],[{"start":0,"end":6,"url":null,"entity_id":"Q2720681","candidates":[]}]],[[{"start":0,"end":9,"url":null,"entity_id":"Q611576","candidates":[]}],[{"start":0,"end":9,"url":null,"entity_id":"Q188784","candidates":[]}],[],[{"start":0,"end":4,"url":null,"entity_id":"Q2564123","candidates":[]}]],[[{"start":0,"end":5,"url":null,"entity_id":"Q881024","candidates":[]}],[{"start":0,"end":14,"url":null,"entity_id":"Q1058307","candidates":[]}],[],[{"start":0,"end":6,"url":null,"entity_id":"Q1354011","candidates":[]}]],[[{"start":0,"end":10,"url":null,"entity_id":"Q616633","candidates":[]}],[{"start":0,"end":6,"url":null,"entity_id":"Q36180","candidates":[]}],[],[{"start":0,"end":4,"url":null,"entity_id":"Q908629","candidates":[]}]],[[{"start":0,"end":15,"url":null,"entity_id":"Q734861","candidates":[]}],[{"start":0,"end":9,"url":null,"entity_id":"Q188784","candidates":[]}],[],[{"start":0,"end":8,"url":null,"entity_id":"Q608991","candidates":[]}]],[[{"start":0,"end":15,"url":null,"entity_id":"Q865017","candidates":[]}],[{"start":0,"end":9,"url":null,"entity_id":"Q901","candidates":[]}],[],[{"start":0,"end":8,"url":null,"entity_id":"Q608991","candidates":[]}]],[[{"start":0,"end":12,"url":null,"entity_id":"Q48777057","candidates":[]}],[{"start":0,"end":7,"url":null,"entity_id":"Q48282","candidates":[]}],[],[{"start":0,"end":5,"url":null,"entity_id":"Q20995863","candidates":[]}]],[[{"start":0,"end":10,"url":null,"entity_id":"Q2597584","candidates":[]}],[{"start":0,"end":9,"url":null,"entity_id":"Q188784","candidates":[]}],[],[{"start":0,"end":6,"url":null,"entity_id":"Q37559019","candidates":[]}]],[[{"start":0,"end":7,"url":null,"entity_id":"Q2346769","candidates":[]}],[{"start":0,"end":20,"url":null,"entity_id":"Q1058617","candidates":[]}],[],[{"start":0,"end":6,"url":null,"entity_id":"Q37076317","candidates":[]}]],[[{"start":0,"end":9,"url":null,"entity_id":"Q2569703","candidates":[]}],[{"start":0,"end":5,"url":null,"entity_id":"Q33999","candidates":[]}],[],[{"start":0,"end":9,"url":null,"entity_id":"Q36884494","candidates":[]}]],[[{"start":0,"end":14,"url":null,"entity_id":"Q2519257","candidates":[]}],[{"start":0,"end":9,"url":null,"entity_id":"Q188784","candidates":[]}],[],[{"start":0,"end":8,"url":null,"entity_id":"Q21497093","candidates":[]}]],[[{"start":0,"end":13,"url":null,"entity_id":"Q2601118","candidates":[]}],[{"start":0,"end":7,"url":null,"entity_id":"Q48282","candidates":[]}],[],[{"start":0,"end":8,"url":null,"entity_id":"Q21449159","candidates":[]}]],[[{"start":0,"end":14,"url":null,"entity_id":"Q2365204","candidates":[]}],[{"start":0,"end":9,"url":null,"entity_id":"Q188784","candidates":[]}],[],[{"start":0,"end":4,"url":null,"entity_id":"Q16870019","candidates":[]}]],[[{"start":0,"end":21,"url":null,"entity_id":"Q770064","candidates":[]}],[{"start":0,"end":14,"url":null,"entity_id":"Q43845","candidates":[]}],[],[{"start":0,"end":11,"url":null,"entity_id":"Q17119399","candidates":[]}]]]}