{"version":"1.2","table":{"version":"2","table_id":"H2FEEIRH","columns":[{"index":0,"name":"col0","values":["Chapel of Saint Ildephonsus","Oratori de Sant Feliu","Asilo da Infância Desvalida Maria Cordeiro / Lar de Infância Maria Cordeiro","Lar de Santa Estefânia","Recolhimento das Trinas","Asilo de Inválidos de Penela","Recolhimento de Lázaro Leitão","Prayer Hall Cheikh Baelhadj","Prayer Hall Sidi Aïssa","Prayer Hall Abou Baker","Cappella di Santo Stefano in Sardina","Rachol Seminary","Certosa di Padula","San Giusto al Pinone","Pleasant Grove Tithing Office","Ducal Georgianum","Groupe épiscopal (Lyon)","Reformed church in Mintia","Church on the Hill","Bolyai street Unitarian church in Târgu Mureș"]},{"index":1,"name":"col1","values":["Alcalá de Henares","Palma","Cantanhede e Pocariça","Oliveira, São Paio e São Sebastião","Oliveira, São Paio e São Sebastião","São Miguel, Santa Eufémia e Rabaçal","São Vicente","Ghardaïa Province","Ghardaïa Province","Ghardaïa Province","Calcinaia","Rachol","Padula","Carmignano","Pleasant Grove","Maxvorstadt","5th arrondissement of Lyon","Vețel","Mureș County","Mureș County"]},{"index":2,"name":"col2","values":["Bien de Interés Cultural","Bien de Interés Cultural","heritage without legal protection","Included in protected site","Included in protected site","Included in protected site","Included in protected site","part of World Heritage Site","part of World Heritage Site","part of World Heritage Site","Italian national heritage","Heritage of Portuguese Influence","Italian national heritage","Italian national heritage","place listed on the National Register of Historic Places","architectural heritage monument in Bavaria","monument historique classé","historic monument","historic monument","historic monument"]}]},"context":{"page_title":null,"page_url":null,"page_entity_id":null,"content_hierarchy":[]},"links":[[[{"start":0,"end":21,"url":null,"entity_id":"Q56512367","candidates":[]}],[{"start":0,"end":5,"url":null,"entity_id":"Q8826","candidates":[]}],[{"start":0,"end":24,"url":null,"entity_id":"Q23712","candidates":[]}]],[[{"start":0,"end":75,"url":null,"entity_id":"Q66942101","candidates":[]}],[{"start":0,"end":21,"url":null,"entity_id":"Q18468089","candidates":[]}],[{"start":0,"end":33,"url":null,"entity_id":"Q66733014","candidates":[]}]],[[{"start":0,"end":22,"url":null,"entity_id":"Q73761947","candidates":[]}],[{"start":0,"end":34,"url":null,"entity_id":"Q18479565","candidates":[]}],[{"start":0,"end":26,"url":null,"entity_id":"Q53806418","candidates":[]}]],[[{"start":0,"end":23,"url":null,"entity_id":"Q70093843","candidates":[]}],[{"start":0,"end":34,"url":null,"entity_id":"Q18479565","candidates":[]}],[{"start":0,"end":26,"url":null,"entity_id":"Q53806418","candidates":[]}]],[[{"start":0,"end":28,"url":null,"entity_id":"Q66944038","candidates":[]}],[{"start":0,"end":35,"url":null,"entity_id":"Q17294246","candidates":[]}],[{"start":0,"end":26,"url":null,"entity_id":"Q53806418","candidates":[]}]],[[{"start":0,"end":29,"url":null,"entity_id":"Q73769716","candidates":[]}],[{"start":0,"end":11,"url":null,"entity_id":"Q10376043","candidates":[]}],[{"start":0,"end":26,"url":null,"entity_id":"Q53806418","candidates":[]}]],[[{"start":0,"end":27,"url":null,"entity_id":"Q65643596","candidates":[]}],[{"start":0,"end":17,"url":null,"entity_id":"Q17601","candidates":[]}],[{"start":0,"end":27,"url":null,"entity_id":"Q43113623","candidates":[]}]],[[{"start":0,"end":22,"url":null,"entity_id":"Q65643583","candidates":[]}],[{"start":0,"end":17,"url":null,"entity_id":"Q17601","candidates":[]}],[{"start":0,"end":27,"url":null,"entity_id":"Q43113623","candidates":[]}]],[[{"start":0,"end":22,"url":null,"entity_id":"Q65643576","candidates":[]}],[{"start":0,"end":17,"url":null,"entity_id":"Q17601","candidates":[]}],[{"start":0,"end":27,"url":null,"entity_id":"Q43113623","candidates":[]}]],[[{"start":0,"end":36,"url":null,"entity_id":"Q66615570","candidates":[]}],[{"start":0,"end":9,"url":null,"entity_id":"Q103016","candidates":[]}],[{"start":0,"end":25,"url":null,"entity_id":"Q26971668","candidates":[]}]],[[{"start":0,"end":15,"url":null,"entity_id":"Q7279553","candidates":[]}],[{"start":0,"end":6,"url":null,"entity_id":"Q7279550","candidates":[]}],[{"start":0,"end":32,"url":null,"entity_id":"Q40461605","candidates":[]}]],[[{"start":0,"end":17,"url":null,"entity_id":"Q1051820","candidates":[]}],[{"start":0,"end":6,"url":null,"entity_id":"Q81258","candidates":[]}],[{"start":0,"end":25,"url":null,"entity_id":"Q26971668","candidates":[]}]],[[{"start":0,"end":20,"url":null,"entity_id":"Q3603223","candidates":[]}],[{"start":0,"end":10,"url":null,"entity_id":"Q20385","candidates":[]}],[{"start":0,"end":25,"url":null,"entity_id":"Q26971668","candidates":[]}]],[[{"start":0,"end":29,"url":null,"entity_id":"Q7203823","candidates":[]}],[{"start":0,"end":14,"url":null,"entity_id":"Q482842","candidates":[]}],[{"start":0,"end":56,"url":null,"entity_id":"Q19558910","candidates":[]}]],[[{"start":0,"end":16,"url":null,"entity_id":"Q533069","candidates":[]}],[{"start":0,"end":11,"url":null,"entity_id":"Q256012","candidates":[]}],[{"start":0,"end":42,"url":null,"entity_id":"Q17297633","candidates":[]}]],[[{"start":0,"end":23,"url":null,"entity_id":"Q3117610","candidates":[]}],[{"start":0,"end":26,"url":null,"entity_id":"Q3354","candidates":[]}],[{"start":0,"end":26,"url":null,"entity_id":"Q10387684","candidates":[]}]],[[{"start":0,"end":25,"url":null,"entity_id":"Q12721869","candidates":[]}],[{"start":0,"end":5,"url":null,"entity_id":"Q1021932","candidates":[]}],[{"start":0,"end":17,"url":null,"entity_id":"Q916620","candidates":[]}]],[[{"start":0,"end":18,"url":null,"entity_id":"Q2258547","candidates":[]}],[{"start":0,"end":12,"url":null,"entity_id":"Q190711","candidates":[]}],[{"start":0,"end":17,"url":null,"entity_id":"Q916620","candidates":[]}]],[[{"start":0,"end":45,"url":null,"entity_id":"Q1399893","candidates":[]}],[{"start":0,"end":12,"url":null,"entity_id":"Q190711","candidates":[]}],[{"start":0,"end":17,"url":null,"entity_id":"Q916620","candidates":[]}]],[[{"start":0,"end":27,"url":null,"entity_id":"Q52847704","candidates":[]}],[{"start":0,"end":17,"url":null,"entity_id":"Q46940","candidates":[]}],[{"start":0,"end":24,"url":null,"entity_id":"Q23712","candidates":[]}]]]}