{"version":"1.2","table":{"version":"2","table_id":"H37T87LC","columns":[{"index":0,"name":"col0","values":["San Xulián d Camiño","Castrofeito (parrouia)","Os!Remedio","Vilalonga, San{enxo (Spain)","Vilar de Infeta","Boene","steiro (parroquia)","Irib Flayia","A Graa","Basxa d Lor","Xeve","Bora","Mrurente","Salcedq","Lérhz (parroquia)","Aiazo","Vilaí","Vilau de Cuiña (Fonsagrada)","Lestedo, Boqeixón","Vilach"]},{"index":1,"name":"col1","values":["Spain","Spain","Spain","Spain","Spain","Spain","Spain","Spain","Spain","Spain","Spain","Spain","Spain","Spain","Spain","Spain","Spain","Spain","Spain","Spain"]},{"index":2,"name":"col2","values":["Palas de Rei","O Pino","Mondoñedo","Sanxenxo","Redondela","Arzúa","Muros, A Coruña","Padrón","Ferrol","Lugo Province","Pontevedra","Pontevedra","Pontevedra","Pontevedra","Pontevedra","Frades","Becerreá","A Fonsagrada","Boqueixón","A Pobra do Brollón"]}]},"context":{"page_title":null,"page_url":null,"page_entity_id":null,"content_hierarchy":[]},"links":[[[{"start":0,"end":22,"url":null,"entity_id":"Q3396796","candidates":[]}],[{"start":0,"end":5,"url":null,"entity_id":"Q29","candidates":[]}],[{"start":0,"end":6,"url":null,"entity_id":"Q841313","candidates":[]}]],[[{"start":0,"end":10,"url":null,"entity_id":"Q2883328","candidates":[]}],[{"start":0,"end":5,"url":null,"entity_id":"Q29","candidates":[]}],[{"start":0,"end":9,"url":null,"entity_id":"Q840362","candidates":[]}]],[[{"start":0,"end":27,"url":null,"entity_id":"Q3395938","candidates":[]}],[{"start":0,"end":5,"url":null,"entity_id":"Q29","candidates":[]}],[{"start":0,"end":8,"url":null,"entity_id":"Q840355","candidates":[]}]],[[{"start":0,"end":15,"url":null,"entity_id":"Q3397130","candidates":[]}],[{"start":0,"end":5,"url":null,"entity_id":"Q29","candidates":[]}],[{"start":0,"end":9,"url":null,"entity_id":"Q833032","candidates":[]}]],[[{"start":0,"end":5,"url":null,"entity_id":"Q890271","candidates":[]}],[{"start":0,"end":5,"url":null,"entity_id":"Q29","candidates":[]}],[{"start":0,"end":5,"url":null,"entity_id":"Q651676","candidates":[]}]],[[{"start":0,"end":18,"url":null,"entity_id":"Q3396950","candidates":[]}],[{"start":0,"end":5,"url":null,"entity_id":"Q29","candidates":[]}],[{"start":0,"end":15,"url":null,"entity_id":"Q578957","candidates":[]}]],[[{"start":0,"end":11,"url":null,"entity_id":"Q3332445","candidates":[]}],[{"start":0,"end":5,"url":null,"entity_id":"Q29","candidates":[]}],[{"start":0,"end":6,"url":null,"entity_id":"Q500494","candidates":[]}]],[[{"start":0,"end":6,"url":null,"entity_id":"Q3327349","candidates":[]}],[{"start":0,"end":5,"url":null,"entity_id":"Q29","candidates":[]}],[{"start":0,"end":6,"url":null,"entity_id":"Q485329","candidates":[]}]],[[{"start":0,"end":11,"url":null,"entity_id":"Q2882663","candidates":[]}],[{"start":0,"end":5,"url":null,"entity_id":"Q29","candidates":[]}],[{"start":0,"end":13,"url":null,"entity_id":"Q95027","candidates":[]}]],[[{"start":0,"end":4,"url":null,"entity_id":"Q3396681","candidates":[]}],[{"start":0,"end":5,"url":null,"entity_id":"Q29","candidates":[]}],[{"start":0,"end":10,"url":null,"entity_id":"Q12411","candidates":[]}]],[[{"start":0,"end":4,"url":null,"entity_id":"Q3396526","candidates":[]}],[{"start":0,"end":5,"url":null,"entity_id":"Q29","candidates":[]}],[{"start":0,"end":10,"url":null,"entity_id":"Q12411","candidates":[]}]],[[{"start":0,"end":8,"url":null,"entity_id":"Q3396150","candidates":[]}],[{"start":0,"end":5,"url":null,"entity_id":"Q29","candidates":[]}],[{"start":0,"end":10,"url":null,"entity_id":"Q12411","candidates":[]}]],[[{"start":0,"end":7,"url":null,"entity_id":"Q3396124","candidates":[]}],[{"start":0,"end":5,"url":null,"entity_id":"Q29","candidates":[]}],[{"start":0,"end":10,"url":null,"entity_id":"Q12411","candidates":[]}]],[[{"start":0,"end":17,"url":null,"entity_id":"Q512126","candidates":[]}],[{"start":0,"end":5,"url":null,"entity_id":"Q29","candidates":[]}],[{"start":0,"end":10,"url":null,"entity_id":"Q12411","candidates":[]}]],[[{"start":0,"end":5,"url":null,"entity_id":"Q10769538","candidates":[]}],[{"start":0,"end":5,"url":null,"entity_id":"Q29","candidates":[]}],[{"start":0,"end":6,"url":null,"entity_id":"Q1616172","candidates":[]}]],[[{"start":0,"end":5,"url":null,"entity_id":"Q9093714","candidates":[]}],[{"start":0,"end":5,"url":null,"entity_id":"Q29","candidates":[]}],[{"start":0,"end":8,"url":null,"entity_id":"Q1596031","candidates":[]}]],[[{"start":0,"end":27,"url":null,"entity_id":"Q9093698","candidates":[]}],[{"start":0,"end":5,"url":null,"entity_id":"Q29","candidates":[]}],[{"start":0,"end":12,"url":null,"entity_id":"Q1465213","candidates":[]}]],[[{"start":0,"end":17,"url":null,"entity_id":"Q10953335","candidates":[]}],[{"start":0,"end":5,"url":null,"entity_id":"Q29","candidates":[]}],[{"start":0,"end":9,"url":null,"entity_id":"Q1369014","candidates":[]}]],[[{"start":0,"end":6,"url":null,"entity_id":"Q9093673","candidates":[]}],[{"start":0,"end":5,"url":null,"entity_id":"Q29","candidates":[]}],[{"start":0,"end":18,"url":null,"entity_id":"Q920774","candidates":[]}]],[[{"start":0,"end":19,"url":null,"entity_id":"Q2220159","candidates":[]}],[{"start":0,"end":5,"url":null,"entity_id":"Q29","candidates":[]}],[{"start":0,"end":12,"url":null,"entity_id":"Q842216","candidates":[]}]]]}