{"version":"1.2","table":{"version":"2","table_id":"H4UDFEAD","columns":[{"index":0,"name":"col0","values":["NGC 6240","NGC 454","Mice Galaxies","NGC 545","NGC 14","Messier 82","Whirlpool Galaxy","Messier 32","LEDA 31225","MCG+02-27-036","ZW VIII 84","MCG+03-59-043","Z 458-16","LEDA 345","PGC 53421","PGC 50210","PGC 49439","PGC 48951","PGC 47867","PGC 47447","PGC 46926","PGC 46041","PGC 45921","PGC 45611","PGC 45397","PGC 37070","PGC 35615","ESO 381-48","ESO 267-41","UGC 7059","ESO 572-32","MCG-01-30-033","UGC 5288","MCG+05-21-005","ESO 494-25","ESO 494-22","MCG+05-18-003","ESO 554-27","ESO 159-16","ESO 119-55","ESO 158-11","ESO 119-15","ESO 359-14","ESO 482-45","ESO 356-14","ESO 477-22","IC 694","NGC 7035 and NGC 7035A","Copeland Septet","UGC 4879","NGC 3690B"]},{"index":1,"name":"col1","values":["253.2452542","18.595542","191.542417","21.496708","2.19344911076","148.9684583","202.469575","10.6742708","158.44917","159.7074292","157.5625","350.5111708","15.770042","1.24675","224.1913293823678","211.2234792","208.6444192132646","207.0523275584791","203.7307292","202.5723917","201.287401242305","198.6276542","198.3060682496032","197.32792","196.6881875","177.8054448470737","173.14721976401","195.2725","185.4886792","181.0804690579909","179.68958","176.6884357383717","147.821838","131.5632917","121.4969625","121.3853625","109.6376875","85.775345539641","82.57542","80.0893875","73.29208","72.8475125","60.7703649495932","57.0738006452609","42.6250083","30.3791167","172.1138","317.6925","174.46042","139.0084157806668","172.127875"]},{"index":2,"name":"col2","values":["13.37","14.26","14.1","13.34","12.2","8.41","8.36","8.08","18.4","11.093","17.9","14.435","15.5","16","11.942","13.661","10.12","11.789","12.73","13.065","10.126","13.346","11.128","14.03","11.686","13.354","14.878","15.21","14.02","10.894","15","13.61","14.18","12.697","8.358","9.486","12.76","11.4","17.68","9.97","15.73","10.44","11.041","13.133","10.491","10.602","12.922","13.85","15.4","13.2","10.9"]}]},"context":{"page_title":null,"page_url":null,"page_entity_id":null,"content_hierarchy":[]},"links":[[[{"start":0,"end":7,"url":null,"entity_id":"Q402370","candidates":[]}],[],[]],[[{"start":0,"end":13,"url":null,"entity_id":"Q211449","candidates":[]}],[],[]],[[{"start":0,"end":7,"url":null,"entity_id":"Q175409","candidates":[]}],[],[]],[[{"start":0,"end":6,"url":null,"entity_id":"Q34356","candidates":[]}],[],[]],[[{"start":0,"end":10,"url":null,"entity_id":"Q14026","candidates":[]}],[],[]],[[{"start":0,"end":16,"url":null,"entity_id":"Q13957","candidates":[]}],[],[]],[[{"start":0,"end":10,"url":null,"entity_id":"Q13720","candidates":[]}],[],[]],[[{"start":0,"end":10,"url":null,"entity_id":"Q77386859","candidates":[]}],[],[]],[[{"start":0,"end":13,"url":null,"entity_id":"Q77382548","candidates":[]}],[],[]],[[{"start":0,"end":10,"url":null,"entity_id":"Q77376807","candidates":[]}],[],[]],[[{"start":0,"end":13,"url":null,"entity_id":"Q77047903","candidates":[]}],[],[]],[[{"start":0,"end":8,"url":null,"entity_id":"Q77046350","candidates":[]}],[],[]],[[{"start":0,"end":8,"url":null,"entity_id":"Q77045823","candidates":[]}],[],[]],[[{"start":0,"end":9,"url":null,"entity_id":"Q60239190","candidates":[]}],[],[]],[[{"start":0,"end":9,"url":null,"entity_id":"Q60237874","candidates":[]}],[],[]],[[{"start":0,"end":9,"url":null,"entity_id":"Q60237681","candidates":[]}],[],[]],[[{"start":0,"end":9,"url":null,"entity_id":"Q60237599","candidates":[]}],[],[]],[[{"start":0,"end":9,"url":null,"entity_id":"Q60237421","candidates":[]}],[],[]],[[{"start":0,"end":9,"url":null,"entity_id":"Q60237362","candidates":[]}],[],[]],[[{"start":0,"end":9,"url":null,"entity_id":"Q60237282","candidates":[]}],[],[]],[[{"start":0,"end":9,"url":null,"entity_id":"Q60237148","candidates":[]}],[],[]],[[{"start":0,"end":9,"url":null,"entity_id":"Q60237126","candidates":[]}],[],[]],[[{"start":0,"end":9,"url":null,"entity_id":"Q60237062","candidates":[]}],[],[]],[[{"start":0,"end":9,"url":null,"entity_id":"Q60237029","candidates":[]}],[],[]],[[{"start":0,"end":9,"url":null,"entity_id":"Q60236766","candidates":[]}],[],[]],[[{"start":0,"end":9,"url":null,"entity_id":"Q60236741","candidates":[]}],[],[]],[[{"start":0,"end":10,"url":null,"entity_id":"Q60227253","candidates":[]}],[],[]],[[{"start":0,"end":10,"url":null,"entity_id":"Q60226740","candidates":[]}],[],[]],[[{"start":0,"end":8,"url":null,"entity_id":"Q60226536","candidates":[]}],[],[]],[[{"start":0,"end":10,"url":null,"entity_id":"Q60226443","candidates":[]}],[],[]],[[{"start":0,"end":13,"url":null,"entity_id":"Q60226288","candidates":[]}],[],[]],[[{"start":0,"end":8,"url":null,"entity_id":"Q60225322","candidates":[]}],[],[]],[[{"start":0,"end":13,"url":null,"entity_id":"Q60224954","candidates":[]}],[],[]],[[{"start":0,"end":10,"url":null,"entity_id":"Q60224821","candidates":[]}],[],[]],[[{"start":0,"end":10,"url":null,"entity_id":"Q60224819","candidates":[]}],[],[]],[[{"start":0,"end":13,"url":null,"entity_id":"Q60224685","candidates":[]}],[],[]],[[{"start":0,"end":10,"url":null,"entity_id":"Q60224360","candidates":[]}],[],[]],[[{"start":0,"end":10,"url":null,"entity_id":"Q60224330","candidates":[]}],[],[]],[[{"start":0,"end":10,"url":null,"entity_id":"Q60224303","candidates":[]}],[],[]],[[{"start":0,"end":10,"url":null,"entity_id":"Q60224157","candidates":[]}],[],[]],[[{"start":0,"end":10,"url":null,"entity_id":"Q60224141","candidates":[]}],[],[]],[[{"start":0,"end":10,"url":null,"entity_id":"Q60223930","candidates":[]}],[],[]],[[{"start":0,"end":10,"url":null,"entity_id":"Q60223855","candidates":[]}],[],[]],[[{"start":0,"end":10,"url":null,"entity_id":"Q60223575","candidates":[]}],[],[]],[[{"start":0,"end":10,"url":null,"entity_id":"Q60223221","candidates":[]}],[],[]],[[{"start":0,"end":6,"url":null,"entity_id":"Q56256456","candidates":[]}],[],[]],[[{"start":0,"end":22,"url":null,"entity_id":"Q30646847","candidates":[]}],[],[]],[[{"start":0,"end":15,"url":null,"entity_id":"Q22712927","candidates":[]}],[],[]],[[{"start":0,"end":8,"url":null,"entity_id":"Q20746200","candidates":[]}],[],[]],[[{"start":0,"end":9,"url":null,"entity_id":"Q13441711","candidates":[]}],[],[]],[[{"start":0,"end":8,"url":null,"entity_id":"Q502000","candidates":[]}],[],[]]]}