{"version":"1.2","table":{"version":"2","table_id":"H4WQFWIG","columns":[{"index":0,"name":"col0","values":["Pvpitar","Rhdon","Gravler","Traqinch","Rkyhorn","Onix","ugtrio","Gbbite","Steeix","Geofude","Marshtomq","Gatrodon","Numel","Torterrd","Mampwine","Camrupt","Nioking","Ndoqueen","Sadshrey","Ardeus"]},{"index":1,"name":"col1","values":["118.8","189.62","100.8","69.37","100.29999999999998","872.08","69.65","1.4013999999999998","914.48","39.68","70.14","89.37","70.63","218.02","250.74999999999997","188.48","140.98","130.0","59.82","320.0"]},{"index":2,"name":"col2","values":["150.784","120.0","104.895","15.03","114.54","209.37","333.666","56.56","396.8","19.8","28.028","301.691","24.0","306.9","288.381","221.09999999999997","61.938","60.53999999999999","12.096","317.44"]}]},"context":{"page_title":null,"page_url":null,"page_entity_id":null,"content_hierarchy":[]},"links":[[[{"start":0,"end":5,"url":null,"entity_id":"Q2704980","candidates":[]}],[],[]],[[{"start":0,"end":7,"url":null,"entity_id":"Q2704704","candidates":[]}],[],[]],[[{"start":0,"end":8,"url":null,"entity_id":"Q2639935","candidates":[]}],[],[]],[[{"start":0,"end":7,"url":null,"entity_id":"Q2633248","candidates":[]}],[],[]],[[{"start":0,"end":4,"url":null,"entity_id":"Q2632441","candidates":[]}],[],[]],[[{"start":0,"end":6,"url":null,"entity_id":"Q2632419","candidates":[]}],[],[]],[[{"start":0,"end":6,"url":null,"entity_id":"Q2554679","candidates":[]}],[],[]],[[{"start":0,"end":6,"url":null,"entity_id":"Q2479522","candidates":[]}],[],[]],[[{"start":0,"end":7,"url":null,"entity_id":"Q2366194","candidates":[]}],[],[]],[[{"start":0,"end":9,"url":null,"entity_id":"Q2345800","candidates":[]}],[],[]],[[{"start":0,"end":8,"url":null,"entity_id":"Q2311762","candidates":[]}],[],[]],[[{"start":0,"end":5,"url":null,"entity_id":"Q2311710","candidates":[]}],[],[]],[[{"start":0,"end":8,"url":null,"entity_id":"Q2292647","candidates":[]}],[],[]],[[{"start":0,"end":8,"url":null,"entity_id":"Q2291335","candidates":[]}],[],[]],[[{"start":0,"end":7,"url":null,"entity_id":"Q2251292","candidates":[]}],[],[]],[[{"start":0,"end":7,"url":null,"entity_id":"Q2069879","candidates":[]}],[],[]],[[{"start":0,"end":8,"url":null,"entity_id":"Q2017561","candidates":[]}],[],[]],[[{"start":0,"end":8,"url":null,"entity_id":"Q2002398","candidates":[]}],[],[]],[[{"start":0,"end":6,"url":null,"entity_id":"Q1334381","candidates":[]}],[],[]],[[{"start":0,"end":7,"url":null,"entity_id":"Q2705707","candidates":[]}],[],[]]]}