{"version":"1.2","table":{"version":"2","table_id":"H5HNOIL8","columns":[{"index":0,"name":"col0","values":["Jhihben National Forest Recreation Area","Bois du Hautmont","Heiderbos","Homochitto National Forest","Raspaillebos","Frejlev Skov","Draved Skov","Fuyuan National Forest Recreation Area","Kenting National Forest Recreation Area","Gribskov","Haunstetter Forst","Tombigbee National Forest","Rita Blanca National Grassland","Geneva State Forest","Fort Atkinson State Preserve","Bienville National Forest","Belleplain State Forest","Abram S. Hewitt State Forest","parc régional du Scheutbos","William B. Bankhead National Forest"]},{"index":1,"name":"col1","values":["125","108","91","282","58","12","26","225","300","69","540","397","1298","64","331","423","16","405","10","228"]},{"index":2,"name":"col2","values":["110","0.93","1","191839","0.5","220","250","191","150","860.6","5.42","67005","376.31","7120","5","178541","21254","2001","6","181988"]}]},"context":{"page_title":null,"page_url":null,"page_entity_id":null,"content_hierarchy":[]},"links":[[[{"start":0,"end":16,"url":null,"entity_id":"Q16069620","candidates":[]}],[],[]],[[{"start":0,"end":9,"url":null,"entity_id":"Q15876139","candidates":[]}],[],[]],[[{"start":0,"end":26,"url":null,"entity_id":"Q14693230","candidates":[]}],[],[]],[[{"start":0,"end":12,"url":null,"entity_id":"Q14252595","candidates":[]}],[],[]],[[{"start":0,"end":12,"url":null,"entity_id":"Q12312881","candidates":[]}],[],[]],[[{"start":0,"end":11,"url":null,"entity_id":"Q12308917","candidates":[]}],[],[]],[[{"start":0,"end":38,"url":null,"entity_id":"Q10954454","candidates":[]}],[],[]],[[{"start":0,"end":39,"url":null,"entity_id":"Q10931418","candidates":[]}],[],[]],[[{"start":0,"end":8,"url":null,"entity_id":"Q10508756","candidates":[]}],[],[]],[[{"start":0,"end":17,"url":null,"entity_id":"Q9286760","candidates":[]}],[],[]],[[{"start":0,"end":25,"url":null,"entity_id":"Q7818683","candidates":[]}],[],[]],[[{"start":0,"end":30,"url":null,"entity_id":"Q7336479","candidates":[]}],[],[]],[[{"start":0,"end":19,"url":null,"entity_id":"Q5533034","candidates":[]}],[],[]],[[{"start":0,"end":28,"url":null,"entity_id":"Q5470759","candidates":[]}],[],[]],[[{"start":0,"end":25,"url":null,"entity_id":"Q4904599","candidates":[]}],[],[]],[[{"start":0,"end":23,"url":null,"entity_id":"Q4883801","candidates":[]}],[],[]],[[{"start":0,"end":28,"url":null,"entity_id":"Q4669381","candidates":[]}],[],[]],[[{"start":0,"end":26,"url":null,"entity_id":"Q3364761","candidates":[]}],[],[]],[[{"start":0,"end":35,"url":null,"entity_id":"Q3079170","candidates":[]}],[],[]],[[{"start":0,"end":39,"url":null,"entity_id":"Q17040889","candidates":[]}],[],[]]]}