{"version":"1.2","table":{"version":"2","table_id":"H5IEUID2","columns":[{"index":0,"name":"col0","values":["Skalica District","Snina District","Banská Štiavnica District","Stará Ľubovňa District","Sobrance District","Pezinok District","Brezno District","Kysucké Nové Mesto District","Tvrdošín District","Martin District","Rožňava District","Bratislava I","Dolný Kubín District","Revúca District","Kežmarok District","Prievidza District","Malacky District","Komárno District","Turčianske Teplice District","Košice-okolie District"]},{"index":1,"name":"col1","values":["357.14","804.74","292.3","707.9","538.17","375.54","1265.2","173.7","478.9","736","1173","9.59","491.87","730.26","839.5","959.77","949.46","1100.3","392.7","1533.9"]},{"index":2,"name":"col2","values":["47091","36610","16165","53849","22845","63638","61959","32963","36104","96629","62335","40610","39478","39971","74408","134854","72999","102295","15970","127365"]}]},"context":{"page_title":null,"page_url":null,"page_entity_id":null,"content_hierarchy":[]},"links":[[[{"start":0,"end":14,"url":null,"entity_id":"Q837888","candidates":[]}],[],[]],[[{"start":0,"end":25,"url":null,"entity_id":"Q836179","candidates":[]}],[],[]],[[{"start":0,"end":22,"url":null,"entity_id":"Q831001","candidates":[]}],[],[]],[[{"start":0,"end":17,"url":null,"entity_id":"Q830991","candidates":[]}],[],[]],[[{"start":0,"end":16,"url":null,"entity_id":"Q791591","candidates":[]}],[],[]],[[{"start":0,"end":15,"url":null,"entity_id":"Q784394","candidates":[]}],[],[]],[[{"start":0,"end":27,"url":null,"entity_id":"Q762646","candidates":[]}],[],[]],[[{"start":0,"end":17,"url":null,"entity_id":"Q756899","candidates":[]}],[],[]],[[{"start":0,"end":15,"url":null,"entity_id":"Q756665","candidates":[]}],[],[]],[[{"start":0,"end":16,"url":null,"entity_id":"Q756075","candidates":[]}],[],[]],[[{"start":0,"end":12,"url":null,"entity_id":"Q737665","candidates":[]}],[],[]],[[{"start":0,"end":20,"url":null,"entity_id":"Q665066","candidates":[]}],[],[]],[[{"start":0,"end":15,"url":null,"entity_id":"Q651878","candidates":[]}],[],[]],[[{"start":0,"end":17,"url":null,"entity_id":"Q636864","candidates":[]}],[],[]],[[{"start":0,"end":18,"url":null,"entity_id":"Q614140","candidates":[]}],[],[]],[[{"start":0,"end":16,"url":null,"entity_id":"Q590660","candidates":[]}],[],[]],[[{"start":0,"end":16,"url":null,"entity_id":"Q586056","candidates":[]}],[],[]],[[{"start":0,"end":27,"url":null,"entity_id":"Q548293","candidates":[]}],[],[]],[[{"start":0,"end":22,"url":null,"entity_id":"Q539979","candidates":[]}],[],[]],[[{"start":0,"end":16,"url":null,"entity_id":"Q837894","candidates":[]}],[],[]]]}