{"version":"1.2","table":{"version":"2","table_id":"H6Z4G281","columns":[{"index":0,"name":"col0","values":["Ekeby parish","Eke parish","Edsleskogs parish","Edsele parish","Edsbro parish","Edebo parish","Ekeby parish","Ryssby","Barkarby parish","Lindesberg congregation","Lyby församling","Lilla Malma församling","Blomskog","Blackstad","Bogen","Borgstena","Blentarp","Boda","Bollebygd","Boda","Blidsberg","Slottsstadens församling","Pajala parish","Bondstorp","Boliden parish","Follingbo parish","Blacksta","Piteå landsförs.","Stora Tuna","Tärna","Berg parish","Benestads parish","Böda parish","Barnarp parish","Berga parish","Dala parish","Beatebergs parish","Bergs parish","Bergshammars parish","Bergunda parish","Berg parish","Berghem parish","Berga parish","Barlingbo parish"]},{"index":1,"name":"col1","values":["Dalhems församling, Gotland","Havdhem parish","Edsleskog","Edsele","Edsbro","Edebo","Ekeby","Ryssby","Järfälla församling","Lindesberg","Lyby","Dunker-Lilla Malma parish","Blomskog","Blackstad","Bogen","Borgstena","Blentarp","Boda","Bollebygd","Boda","Blidsberg","Malmö Sankt Petri församling","Junosuando församling","Byarum-Bondstorps parish","Jörn-Boliden parish","Follingbo District","Bettna parish","Piteå city Parish","Stora Tuna","Tärna","Berg","Benestad","Böda","Barnarp","Berga","Dala-Borgunda-Högstena parish","Fägre församling","Berg","Bergshammar","Bergunda","Lammhults parish","Berghem","Berga","Barlingbo"]},{"index":2,"name":"col2","values":["Ekeby socken, Gotland","Eke socken","Edsleskogs socken","Edsele socken","Edsbro socken","Edebo socken","Ekeby socken, Uppland","Ryssby","Järfälla församling","Linde parish","Lyby socken","Lilla Malma socken","Blomskog socken","Blackstad socken","Bogen socken","Borgstena socken","Blentarp socken","Boda socken","Bollebygd socken","Boda socken","Blidsberg socken","Malmö Sankt Petri församling","Junosuando församling","Bondstorp socken","Skellefteå parish","Follingbo socken","Blacksta socken","Piteå socken","Stora Tuna socken","Stensele","Berg socken","Benestad socken","Böda socken","Barnarp socken","Berga socken","Dala socken","Beateberg socken","Berg socken","Bergshammar socken","Bergunda socken","Berg socken","Berghem socken","Berga socken","Barlingbo socken"]},{"index":3,"name":"col3","values":["Gotland Municipality","Gotland Municipality","Åmål Municipality","Sollefteå Municipality","Norrtälje Municipality","Norrtälje Municipality","Östhammar Municipality","Kalmar Municipality","Järfälla Municipality","Lindesberg Municipality","Hörby Municipality","Flen Municipality","Årjäng Municipality","Västervik Municipality","Arvika Municipality","Vårgårda Municipality","Sjöbo Municipality","Rättvik Municipality","Bollebygd Municipality","Kil Municipality","Ulricehamn Municipality","Malmö Municipality","Pajala Municipality","Vaggeryd Municipality","Skellefteå Municipality","Gotland Municipality","Flen Municipality","Piteå Municipality","Borlänge Municipality","Storuman Municipality","Berg Municipality","Tomelilla Municipality","Borgholm Municipality","Jönköping Municipality","Ljungby Municipality","Falköping Municipality","Töreboda Municipality","Skövde Municipality","Nyköping Municipality","Växjö Municipality","Växjö Municipality","Mark Municipality","Mariestad Municipality","Gotland Municipality"]}]},"context":{"page_title":null,"page_url":null,"page_entity_id":null,"content_hierarchy":[]},"links":[[[{"start":0,"end":10,"url":null,"entity_id":"Q10480492","candidates":[]}],[{"start":0,"end":14,"url":null,"entity_id":"Q10518607","candidates":[]}],[{"start":0,"end":10,"url":null,"entity_id":"Q10480494","candidates":[]}],[{"start":0,"end":20,"url":null,"entity_id":"Q374794","candidates":[]}]],[[{"start":0,"end":17,"url":null,"entity_id":"Q10479990","candidates":[]}],[{"start":0,"end":9,"url":null,"entity_id":"Q21566674","candidates":[]}],[{"start":0,"end":17,"url":null,"entity_id":"Q10479994","candidates":[]}],[{"start":0,"end":17,"url":null,"entity_id":"Q271079","candidates":[]}]],[[{"start":0,"end":13,"url":null,"entity_id":"Q10479978","candidates":[]}],[{"start":0,"end":6,"url":null,"entity_id":"Q21721339","candidates":[]}],[{"start":0,"end":13,"url":null,"entity_id":"Q10479981","candidates":[]}],[{"start":0,"end":22,"url":null,"entity_id":"Q221990","candidates":[]}]],[[{"start":0,"end":13,"url":null,"entity_id":"Q10479969","candidates":[]}],[{"start":0,"end":6,"url":null,"entity_id":"Q21667191","candidates":[]}],[{"start":0,"end":13,"url":null,"entity_id":"Q18288797","candidates":[]}],[{"start":0,"end":22,"url":null,"entity_id":"Q214048","candidates":[]}]],[[{"start":0,"end":12,"url":null,"entity_id":"Q10479850","candidates":[]}],[{"start":0,"end":5,"url":null,"entity_id":"Q21667185","candidates":[]}],[{"start":0,"end":12,"url":null,"entity_id":"Q10479854","candidates":[]}],[{"start":0,"end":22,"url":null,"entity_id":"Q214048","candidates":[]}]],[[{"start":0,"end":12,"url":null,"entity_id":"Q10480526","candidates":[]}],[{"start":0,"end":5,"url":null,"entity_id":"Q21684593","candidates":[]}],[{"start":0,"end":21,"url":null,"entity_id":"Q10480545","candidates":[]}],[{"start":0,"end":22,"url":null,"entity_id":"Q59093","candidates":[]}]],[[{"start":0,"end":6,"url":null,"entity_id":"Q10658311","candidates":[]}],[{"start":0,"end":6,"url":null,"entity_id":"Q21566478","candidates":[]}],[{"start":0,"end":6,"url":null,"entity_id":"Q10658319","candidates":[]}],[{"start":0,"end":19,"url":null,"entity_id":"Q508153","candidates":[]}]],[[{"start":0,"end":15,"url":null,"entity_id":"Q10426398","candidates":[]}],[{"start":0,"end":19,"url":null,"entity_id":"Q11055815","candidates":[]}],[{"start":0,"end":19,"url":null,"entity_id":"Q11055815","candidates":[]}],[{"start":0,"end":21,"url":null,"entity_id":"Q301259","candidates":[]}]],[[{"start":0,"end":23,"url":null,"entity_id":"Q10562522","candidates":[]}],[{"start":0,"end":10,"url":null,"entity_id":"Q21608381","candidates":[]}],[{"start":0,"end":12,"url":null,"entity_id":"Q57069079","candidates":[]}],[{"start":0,"end":23,"url":null,"entity_id":"Q514858","candidates":[]}]],[[{"start":0,"end":15,"url":null,"entity_id":"Q10571168","candidates":[]}],[{"start":0,"end":4,"url":null,"entity_id":"Q21560208","candidates":[]}],[{"start":0,"end":11,"url":null,"entity_id":"Q10571172","candidates":[]}],[{"start":0,"end":18,"url":null,"entity_id":"Q504619","candidates":[]}]],[[{"start":0,"end":22,"url":null,"entity_id":"Q10561745","candidates":[]}],[{"start":0,"end":25,"url":null,"entity_id":"Q10477570","candidates":[]}],[{"start":0,"end":18,"url":null,"entity_id":"Q10561750","candidates":[]}],[{"start":0,"end":17,"url":null,"entity_id":"Q27982","candidates":[]}]],[[{"start":0,"end":8,"url":null,"entity_id":"Q10431496","candidates":[]}],[{"start":0,"end":8,"url":null,"entity_id":"Q21704778","candidates":[]}],[{"start":0,"end":15,"url":null,"entity_id":"Q10431499","candidates":[]}],[{"start":0,"end":19,"url":null,"entity_id":"Q2777887","candidates":[]}]],[[{"start":0,"end":9,"url":null,"entity_id":"Q10430873","candidates":[]}],[{"start":0,"end":9,"url":null,"entity_id":"Q21704894","candidates":[]}],[{"start":0,"end":16,"url":null,"entity_id":"Q10430876","candidates":[]}],[{"start":0,"end":22,"url":null,"entity_id":"Q515477","candidates":[]}]],[[{"start":0,"end":5,"url":null,"entity_id":"Q10432068","candidates":[]}],[{"start":0,"end":5,"url":null,"entity_id":"Q21704780","candidates":[]}],[{"start":0,"end":12,"url":null,"entity_id":"Q10432070","candidates":[]}],[{"start":0,"end":19,"url":null,"entity_id":"Q511365","candidates":[]}]],[[{"start":0,"end":9,"url":null,"entity_id":"Q10433199","candidates":[]}],[{"start":0,"end":9,"url":null,"entity_id":"Q21566633","candidates":[]}],[{"start":0,"end":16,"url":null,"entity_id":"Q10433201","candidates":[]}],[{"start":0,"end":21,"url":null,"entity_id":"Q511297","candidates":[]}]],[[{"start":0,"end":8,"url":null,"entity_id":"Q10431278","candidates":[]}],[{"start":0,"end":8,"url":null,"entity_id":"Q21560009","candidates":[]}],[{"start":0,"end":15,"url":null,"entity_id":"Q10431281","candidates":[]}],[{"start":0,"end":18,"url":null,"entity_id":"Q504601","candidates":[]}]],[[{"start":0,"end":4,"url":null,"entity_id":"Q10431937","candidates":[]}],[{"start":0,"end":4,"url":null,"entity_id":"Q21743092","candidates":[]}],[{"start":0,"end":11,"url":null,"entity_id":"Q10431944","candidates":[]}],[{"start":0,"end":20,"url":null,"entity_id":"Q504244","candidates":[]}]],[[{"start":0,"end":9,"url":null,"entity_id":"Q10432577","candidates":[]}],[{"start":0,"end":9,"url":null,"entity_id":"Q21566631","candidates":[]}],[{"start":0,"end":16,"url":null,"entity_id":"Q10432582","candidates":[]}],[{"start":0,"end":22,"url":null,"entity_id":"Q503102","candidates":[]}]],[[{"start":0,"end":4,"url":null,"entity_id":"Q10431936","candidates":[]}],[{"start":0,"end":4,"url":null,"entity_id":"Q21704779","candidates":[]}],[{"start":0,"end":11,"url":null,"entity_id":"Q10431945","candidates":[]}],[{"start":0,"end":16,"url":null,"entity_id":"Q499393","candidates":[]}]],[[{"start":0,"end":9,"url":null,"entity_id":"Q10431327","candidates":[]}],[{"start":0,"end":9,"url":null,"entity_id":"Q21566629","candidates":[]}],[{"start":0,"end":16,"url":null,"entity_id":"Q10431329","candidates":[]}],[{"start":0,"end":23,"url":null,"entity_id":"Q382808","candidates":[]}]],[[{"start":0,"end":24,"url":null,"entity_id":"Q10671657","candidates":[]}],[{"start":0,"end":28,"url":null,"entity_id":"Q10576133","candidates":[]}],[{"start":0,"end":28,"url":null,"entity_id":"Q10576133","candidates":[]}],[{"start":0,"end":18,"url":null,"entity_id":"Q503361","candidates":[]}]],[[{"start":0,"end":13,"url":null,"entity_id":"Q10615166","candidates":[]}],[{"start":0,"end":21,"url":null,"entity_id":"Q10541459","candidates":[]}],[{"start":0,"end":21,"url":null,"entity_id":"Q10541459","candidates":[]}],[{"start":0,"end":19,"url":null,"entity_id":"Q186230","candidates":[]}]],[[{"start":0,"end":9,"url":null,"entity_id":"Q10432873","candidates":[]}],[{"start":0,"end":24,"url":null,"entity_id":"Q10438132","candidates":[]}],[{"start":0,"end":16,"url":null,"entity_id":"Q10432875","candidates":[]}],[{"start":0,"end":21,"url":null,"entity_id":"Q605329","candidates":[]}]],[[{"start":0,"end":14,"url":null,"entity_id":"Q10432420","candidates":[]}],[{"start":0,"end":19,"url":null,"entity_id":"Q10542165","candidates":[]}],[{"start":0,"end":17,"url":null,"entity_id":"Q10669991","candidates":[]}],[{"start":0,"end":23,"url":null,"entity_id":"Q430780","candidates":[]}]],[[{"start":0,"end":16,"url":null,"entity_id":"Q10497519","candidates":[]}],[{"start":0,"end":18,"url":null,"entity_id":"Q21776767","candidates":[]}],[{"start":0,"end":16,"url":null,"entity_id":"Q10497522","candidates":[]}],[{"start":0,"end":20,"url":null,"entity_id":"Q374794","candidates":[]}]],[[{"start":0,"end":8,"url":null,"entity_id":"Q10430868","candidates":[]}],[{"start":0,"end":13,"url":null,"entity_id":"Q10429049","candidates":[]}],[{"start":0,"end":15,"url":null,"entity_id":"Q10430871","candidates":[]}],[{"start":0,"end":17,"url":null,"entity_id":"Q27982","candidates":[]}]],[[{"start":0,"end":16,"url":null,"entity_id":"Q10632414","candidates":[]}],[{"start":0,"end":17,"url":null,"entity_id":"Q10632420","candidates":[]}],[{"start":0,"end":12,"url":null,"entity_id":"Q10632417","candidates":[]}],[{"start":0,"end":18,"url":null,"entity_id":"Q507656","candidates":[]}]],[[{"start":0,"end":10,"url":null,"entity_id":"Q10681131","candidates":[]}],[{"start":0,"end":10,"url":null,"entity_id":"Q21743132","candidates":[]}],[{"start":0,"end":17,"url":null,"entity_id":"Q10681133","candidates":[]}],[{"start":0,"end":21,"url":null,"entity_id":"Q503209","candidates":[]}]],[[{"start":0,"end":5,"url":null,"entity_id":"Q10708010","candidates":[]}],[{"start":0,"end":5,"url":null,"entity_id":"Q21595835","candidates":[]}],[{"start":0,"end":8,"url":null,"entity_id":"Q10679261","candidates":[]}],[{"start":0,"end":21,"url":null,"entity_id":"Q499415","candidates":[]}]],[[{"start":0,"end":11,"url":null,"entity_id":"Q10428464","candidates":[]}],[{"start":0,"end":4,"url":null,"entity_id":"Q21595734","candidates":[]}],[{"start":0,"end":11,"url":null,"entity_id":"Q10428483","candidates":[]}],[{"start":0,"end":17,"url":null,"entity_id":"Q845930","candidates":[]}]],[[{"start":0,"end":16,"url":null,"entity_id":"Q10428056","candidates":[]}],[{"start":0,"end":8,"url":null,"entity_id":"Q21490998","candidates":[]}],[{"start":0,"end":15,"url":null,"entity_id":"Q10428059","candidates":[]}],[{"start":0,"end":22,"url":null,"entity_id":"Q515519","candidates":[]}]],[[{"start":0,"end":11,"url":null,"entity_id":"Q10438668","candidates":[]}],[{"start":0,"end":4,"url":null,"entity_id":"Q21566431","candidates":[]}],[{"start":0,"end":11,"url":null,"entity_id":"Q10438671","candidates":[]}],[{"start":0,"end":21,"url":null,"entity_id":"Q509546","candidates":[]}]],[[{"start":0,"end":14,"url":null,"entity_id":"Q10426477","candidates":[]}],[{"start":0,"end":7,"url":null,"entity_id":"Q21721171","candidates":[]}],[{"start":0,"end":14,"url":null,"entity_id":"Q10426480","candidates":[]}],[{"start":0,"end":22,"url":null,"entity_id":"Q504689","candidates":[]}]],[[{"start":0,"end":12,"url":null,"entity_id":"Q10428333","candidates":[]}],[{"start":0,"end":5,"url":null,"entity_id":"Q21566507","candidates":[]}],[{"start":0,"end":12,"url":null,"entity_id":"Q10428349","candidates":[]}],[{"start":0,"end":20,"url":null,"entity_id":"Q504235","candidates":[]}]],[[{"start":0,"end":11,"url":null,"entity_id":"Q10466043","candidates":[]}],[{"start":0,"end":29,"url":null,"entity_id":"Q10466040","candidates":[]}],[{"start":0,"end":11,"url":null,"entity_id":"Q10466048","candidates":[]}],[{"start":0,"end":22,"url":null,"entity_id":"Q503214","candidates":[]}]],[[{"start":0,"end":17,"url":null,"entity_id":"Q10427530","candidates":[]}],[{"start":0,"end":16,"url":null,"entity_id":"Q10500681","candidates":[]}],[{"start":0,"end":16,"url":null,"entity_id":"Q10427533","candidates":[]}],[{"start":0,"end":21,"url":null,"entity_id":"Q501470","candidates":[]}]],[[{"start":0,"end":12,"url":null,"entity_id":"Q10428465","candidates":[]}],[{"start":0,"end":4,"url":null,"entity_id":"Q21566614","candidates":[]}],[{"start":0,"end":11,"url":null,"entity_id":"Q10428485","candidates":[]}],[{"start":0,"end":19,"url":null,"entity_id":"Q501452","candidates":[]}]],[[{"start":0,"end":19,"url":null,"entity_id":"Q10428505","candidates":[]}],[{"start":0,"end":11,"url":null,"entity_id":"Q21608238","candidates":[]}],[{"start":0,"end":18,"url":null,"entity_id":"Q10428507","candidates":[]}],[{"start":0,"end":21,"url":null,"entity_id":"Q500267","candidates":[]}]],[[{"start":0,"end":15,"url":null,"entity_id":"Q10428608","candidates":[]}],[{"start":0,"end":8,"url":null,"entity_id":"Q21566509","candidates":[]}],[{"start":0,"end":15,"url":null,"entity_id":"Q10428611","candidates":[]}],[{"start":0,"end":18,"url":null,"entity_id":"Q500217","candidates":[]}]],[[{"start":0,"end":11,"url":null,"entity_id":"Q10428466","candidates":[]}],[{"start":0,"end":16,"url":null,"entity_id":"Q10411535","candidates":[]}],[{"start":0,"end":11,"url":null,"entity_id":"Q10428484","candidates":[]}],[{"start":0,"end":18,"url":null,"entity_id":"Q500217","candidates":[]}]],[[{"start":0,"end":14,"url":null,"entity_id":"Q10428411","candidates":[]}],[{"start":0,"end":7,"url":null,"entity_id":"Q21566613","candidates":[]}],[{"start":0,"end":14,"url":null,"entity_id":"Q10428414","candidates":[]}],[{"start":0,"end":17,"url":null,"entity_id":"Q500153","candidates":[]}]],[[{"start":0,"end":12,"url":null,"entity_id":"Q10428334","candidates":[]}],[{"start":0,"end":5,"url":null,"entity_id":"Q21566612","candidates":[]}],[{"start":0,"end":12,"url":null,"entity_id":"Q10428348","candidates":[]}],[{"start":0,"end":22,"url":null,"entity_id":"Q427422","candidates":[]}]],[[{"start":0,"end":16,"url":null,"entity_id":"Q10426441","candidates":[]}],[{"start":0,"end":9,"url":null,"entity_id":"Q21776748","candidates":[]}],[{"start":0,"end":16,"url":null,"entity_id":"Q10426443","candidates":[]}],[{"start":0,"end":20,"url":null,"entity_id":"Q374794","candidates":[]}]],[[{"start":0,"end":12,"url":null,"entity_id":"Q10480527","candidates":[]}],[{"start":0,"end":27,"url":null,"entity_id":"Q10466187","candidates":[]}],[{"start":0,"end":21,"url":null,"entity_id":"Q10480542","candidates":[]}],[{"start":0,"end":20,"url":null,"entity_id":"Q374794","candidates":[]}]]]}