{"version":"1.2","table":{"version":"2","table_id":"HB3TFKCJ","columns":[{"index":0,"name":"col0","values":["Saqer Aljazirah Aviation Museum","Aeronautics Museum of Maracay","Museum of Transport and Technology","Museum of Aviation","Kbely Aviation Museum","Fliegermuseum Bad Wörishofen","Deutsches Museum Flugwerft Schleissheim","Hubschraubermuseum Bückeburg","Museum für Luftfahrt und Technik","Dornier Museum Friedrichshafen","Zeppelin Museum Friedrichshafen","Wings of a Dream Museum","Royal Air Force Museum London","Aviodrome","Italian Air Force Museum","Gianni Caproni Museum of Aeronautics","Polish Aviation Museum","Finnish Air Force Museum","Finnish Aviation Museum","Steven F. Udvar-Hazy Center"]},{"index":1,"name":"col1","values":["Riyadh","Maracay","Auckland Region","Surčin","Prague 19","Bad Wörishofen","Oberschleißheim","Bückeburg","Wernigerode","Friedrichshafen","Friedrichshafen","São Carlos","London Borough of Barnet","Lelystad","Bracciano","Trento","Kraków","Jyväskylä","Vantaa","Chantilly"]},{"index":2,"name":"col2","values":["1999-01-01","1963-12-10","1964-01-01","1989-01-01","1968-01-01","2010-04-01","1992-01-01","1971-01-01","1999-01-01","2009-07-24","1996-01-01","2006-01-01","1972-11-15","2003-01-01","1977-05-24","1927-01-01","1964-01-01","1979-01-01","1969-01-01","2003-12-15"]},{"index":3,"name":"col3","values":["Saudi Arabia","Venezuela","New Zealand","Serbia","Czech Republic","Germany","Germany","Germany","Germany","Germany","Germany","Brazil","United Kingdom","Netherlands","Italy","Italy","Poland","Finland","Finland","United States of America"]}]},"context":{"page_title":null,"page_url":null,"page_entity_id":null,"content_hierarchy":[]},"links":[[[{"start":0,"end":29,"url":null,"entity_id":"Q3816296","candidates":[]}],[{"start":0,"end":7,"url":null,"entity_id":"Q333928","candidates":[]}],[],[{"start":0,"end":9,"url":null,"entity_id":"Q717","candidates":[]}]],[[{"start":0,"end":34,"url":null,"entity_id":"Q1954764","candidates":[]}],[{"start":0,"end":15,"url":null,"entity_id":"Q726917","candidates":[]}],[],[{"start":0,"end":11,"url":null,"entity_id":"Q664","candidates":[]}]],[[{"start":0,"end":18,"url":null,"entity_id":"Q2539582","candidates":[]}],[{"start":0,"end":6,"url":null,"entity_id":"Q594610","candidates":[]}],[],[{"start":0,"end":6,"url":null,"entity_id":"Q403","candidates":[]}]],[[{"start":0,"end":21,"url":null,"entity_id":"Q1505384","candidates":[]}],[{"start":0,"end":9,"url":null,"entity_id":"Q3489935","candidates":[]}],[],[{"start":0,"end":14,"url":null,"entity_id":"Q213","candidates":[]}]],[[{"start":0,"end":28,"url":null,"entity_id":"Q1428566","candidates":[]}],[{"start":0,"end":14,"url":null,"entity_id":"Q504579","candidates":[]}],[],[{"start":0,"end":7,"url":null,"entity_id":"Q183","candidates":[]}]],[[{"start":0,"end":39,"url":null,"entity_id":"Q1000654","candidates":[]}],[{"start":0,"end":15,"url":null,"entity_id":"Q253881","candidates":[]}],[],[{"start":0,"end":7,"url":null,"entity_id":"Q183","candidates":[]}]],[[{"start":0,"end":28,"url":null,"entity_id":"Q1195080","candidates":[]}],[{"start":0,"end":9,"url":null,"entity_id":"Q157035","candidates":[]}],[],[{"start":0,"end":7,"url":null,"entity_id":"Q183","candidates":[]}]],[[{"start":0,"end":32,"url":null,"entity_id":"Q1954658","candidates":[]}],[{"start":0,"end":11,"url":null,"entity_id":"Q15982","candidates":[]}],[],[{"start":0,"end":7,"url":null,"entity_id":"Q183","candidates":[]}]],[[{"start":0,"end":30,"url":null,"entity_id":"Q786797","candidates":[]}],[{"start":0,"end":15,"url":null,"entity_id":"Q4051","candidates":[]}],[],[{"start":0,"end":7,"url":null,"entity_id":"Q183","candidates":[]}]],[[{"start":0,"end":31,"url":null,"entity_id":"Q191427","candidates":[]}],[{"start":0,"end":15,"url":null,"entity_id":"Q4051","candidates":[]}],[],[{"start":0,"end":7,"url":null,"entity_id":"Q183","candidates":[]}]],[[{"start":0,"end":23,"url":null,"entity_id":"Q3868501","candidates":[]}],[{"start":0,"end":10,"url":null,"entity_id":"Q194338","candidates":[]}],[],[{"start":0,"end":6,"url":null,"entity_id":"Q155","candidates":[]}]],[[{"start":0,"end":29,"url":null,"entity_id":"Q1890450","candidates":[]}],[{"start":0,"end":24,"url":null,"entity_id":"Q151048","candidates":[]}],[],[{"start":0,"end":14,"url":null,"entity_id":"Q145","candidates":[]}]],[[{"start":0,"end":9,"url":null,"entity_id":"Q791082","candidates":[]}],[{"start":0,"end":8,"url":null,"entity_id":"Q166065","candidates":[]}],[],[{"start":0,"end":11,"url":null,"entity_id":"Q55","candidates":[]}]],[[{"start":0,"end":24,"url":null,"entity_id":"Q1675176","candidates":[]}],[{"start":0,"end":9,"url":null,"entity_id":"Q241791","candidates":[]}],[],[{"start":0,"end":5,"url":null,"entity_id":"Q38","candidates":[]}]],[[{"start":0,"end":36,"url":null,"entity_id":"Q946065","candidates":[]}],[{"start":0,"end":6,"url":null,"entity_id":"Q3376","candidates":[]}],[],[{"start":0,"end":5,"url":null,"entity_id":"Q38","candidates":[]}]],[[{"start":0,"end":22,"url":null,"entity_id":"Q377904","candidates":[]}],[{"start":0,"end":6,"url":null,"entity_id":"Q31487","candidates":[]}],[],[{"start":0,"end":6,"url":null,"entity_id":"Q36","candidates":[]}]],[[{"start":0,"end":24,"url":null,"entity_id":"Q681327","candidates":[]}],[{"start":0,"end":9,"url":null,"entity_id":"Q134620","candidates":[]}],[],[{"start":0,"end":7,"url":null,"entity_id":"Q33","candidates":[]}]],[[{"start":0,"end":23,"url":null,"entity_id":"Q1418126","candidates":[]}],[{"start":0,"end":6,"url":null,"entity_id":"Q127623","candidates":[]}],[],[{"start":0,"end":7,"url":null,"entity_id":"Q33","candidates":[]}]],[[{"start":0,"end":27,"url":null,"entity_id":"Q1055100","candidates":[]}],[{"start":0,"end":9,"url":null,"entity_id":"Q328451","candidates":[]}],[],[{"start":0,"end":24,"url":null,"entity_id":"Q30","candidates":[]}]],[[{"start":0,"end":31,"url":null,"entity_id":"Q2032344","candidates":[]}],[{"start":0,"end":6,"url":null,"entity_id":"Q3692","candidates":[]}],[],[{"start":0,"end":12,"url":null,"entity_id":"Q851","candidates":[]}]]]}