{"version":"1.2","table":{"version":"2","table_id":"HCFR5JMK","columns":[{"index":0,"name":"col0","values":["Notre-Dame-des-Anges","Notre-Dame-du-Sacré-Cœur-d'Issoudun","Saint-Damien","Saint-Adelme","Saint-Alexandre-des-Lacs","L'Ascension-de-Notre-Seigneur","Hérouxville","Brébeuf","Notre-Dame-du-Mont-Carmel","Saint-Louis-du-Ha! Ha!","Packington","Sacré-Cœur-de-Jésus","Saint-Édouard-de-Fabre","La Rédemption","Saint-Octave-de-Métis","Saint-Mathieu-de-Rioux","Saint-Éloi","Saint-Odilon-de-Cranbourne","La Trinité-des-Monts","Saint-Zéphirin-de-Courval"]},{"index":1,"name":"col1","values":["318","861","2094","520","268","1987","1278","976","5751","1292","603","521","628","432","511","639","286","1374","223","700"]},{"index":2,"name":"col2","values":["Quebec City","Laurier-Station","Saint-Zénon","Matane","Saint-Tharcisius","Passes-Dangereuses","Shawinigan","La Conception","Trois-Rivières","Saint-Pierre-de-Lamy","Témiscouata-sur-le-Lac","Saint-Séverin","Béarn","Saint-Cléophas","Métis-sur-Mer","Saint-Fabien","L'Isle-Verte","Frampton","Esprit-Saint","Drummondville"]},{"index":3,"name":"col3","values":["Quebec","Lotbinière Regional County Municipality","Matawinie Regional County Municipality","La Matanie Regional County Municipality","La Matapédia Regional County Municipality","Lac-Saint-Jean-Est Regional County Municipality","Mékinac Regional County Municipality","Les Laurentides Regional County Municipality","Les Chenaux Regional County Municipality","Témiscouata Regional County Municipality","Témiscouata Regional County Municipality","Les Appalaches Regional County Municipality","Témiscamingue Regional County Municipality","La Mitis Regional County Municipality","La Mitis Regional County Municipality","Les Basques Regional County Municipality","Les Basques Regional County Municipality","Robert-Cliche Regional County Municipality","Rimouski-Neigette Regional County Municipality","Nicolet-Yamaska Regional County Municipality"]},{"index":4,"name":"col4","values":["1855-07-01","1909-01-04","1870-09-06","1933-09-09","1965-01-01","1919-02-25","1897-01-01","1910-06-04","1858-12-30","1874-01-01","1925-10-06","1902-12-05","1912-10-03","1956-01-01","1908-04-25","1865-08-18","1855-07-01","1855-07-01","1965-01-01","1855-07-01"]}]},"context":{"page_title":null,"page_url":null,"page_entity_id":null,"content_hierarchy":[]},"links":[[[{"start":0,"end":35,"url":null,"entity_id":"Q3344665","candidates":[]}],[],[{"start":0,"end":15,"url":null,"entity_id":"Q3219662","candidates":[]}],[{"start":0,"end":39,"url":null,"entity_id":"Q2773006","candidates":[]}],[]],[[{"start":0,"end":12,"url":null,"entity_id":"Q1451329","candidates":[]}],[],[{"start":0,"end":11,"url":null,"entity_id":"Q3463536","candidates":[]}],[{"start":0,"end":38,"url":null,"entity_id":"Q1908110","candidates":[]}],[]],[[{"start":0,"end":12,"url":null,"entity_id":"Q3461666","candidates":[]}],[],[{"start":0,"end":6,"url":null,"entity_id":"Q142029","candidates":[]}],[{"start":0,"end":39,"url":null,"entity_id":"Q1810586","candidates":[]}],[]],[[{"start":0,"end":24,"url":null,"entity_id":"Q3461709","candidates":[]}],[],[{"start":0,"end":16,"url":null,"entity_id":"Q3463433","candidates":[]}],[{"start":0,"end":41,"url":null,"entity_id":"Q1798945","candidates":[]}],[]],[[{"start":0,"end":29,"url":null,"entity_id":"Q3202424","candidates":[]}],[],[{"start":0,"end":18,"url":null,"entity_id":"Q3368344","candidates":[]}],[{"start":0,"end":47,"url":null,"entity_id":"Q1517990","candidates":[]}],[]],[[{"start":0,"end":11,"url":null,"entity_id":"Q2423969","candidates":[]}],[],[{"start":0,"end":10,"url":null,"entity_id":"Q141980","candidates":[]}],[{"start":0,"end":36,"url":null,"entity_id":"Q1517958","candidates":[]}],[]],[[{"start":0,"end":7,"url":null,"entity_id":"Q2927281","candidates":[]}],[],[{"start":0,"end":13,"url":null,"entity_id":"Q3207704","candidates":[]}],[{"start":0,"end":44,"url":null,"entity_id":"Q1517938","candidates":[]}],[]],[[{"start":0,"end":25,"url":null,"entity_id":"Q3344653","candidates":[]}],[],[{"start":0,"end":14,"url":null,"entity_id":"Q44012","candidates":[]}],[{"start":0,"end":40,"url":null,"entity_id":"Q1517841","candidates":[]}],[]],[[{"start":0,"end":22,"url":null,"entity_id":"Q1622236","candidates":[]}],[],[{"start":0,"end":20,"url":null,"entity_id":"Q3463177","candidates":[]}],[{"start":0,"end":40,"url":null,"entity_id":"Q1517587","candidates":[]}],[]],[[{"start":0,"end":10,"url":null,"entity_id":"Q3360239","candidates":[]}],[],[{"start":0,"end":22,"url":null,"entity_id":"Q142466","candidates":[]}],[{"start":0,"end":40,"url":null,"entity_id":"Q1517587","candidates":[]}],[]],[[{"start":0,"end":19,"url":null,"entity_id":"Q3461039","candidates":[]}],[],[{"start":0,"end":13,"url":null,"entity_id":"Q3463428","candidates":[]}],[{"start":0,"end":43,"url":null,"entity_id":"Q1517564","candidates":[]}],[]],[[{"start":0,"end":22,"url":null,"entity_id":"Q645189","candidates":[]}],[],[{"start":0,"end":5,"url":null,"entity_id":"Q2929384","candidates":[]}],[{"start":0,"end":42,"url":null,"entity_id":"Q1517559","candidates":[]}],[]],[[{"start":0,"end":13,"url":null,"entity_id":"Q3212568","candidates":[]}],[],[{"start":0,"end":14,"url":null,"entity_id":"Q3461995","candidates":[]}],[{"start":0,"end":37,"url":null,"entity_id":"Q1517363","candidates":[]}],[]],[[{"start":0,"end":21,"url":null,"entity_id":"Q431487","candidates":[]}],[],[{"start":0,"end":13,"url":null,"entity_id":"Q141618","candidates":[]}],[{"start":0,"end":37,"url":null,"entity_id":"Q1517363","candidates":[]}],[]],[[{"start":0,"end":22,"url":null,"entity_id":"Q511005","candidates":[]}],[],[{"start":0,"end":12,"url":null,"entity_id":"Q3462140","candidates":[]}],[{"start":0,"end":40,"url":null,"entity_id":"Q1517282","candidates":[]}],[]],[[{"start":0,"end":10,"url":null,"entity_id":"Q2626326","candidates":[]}],[],[{"start":0,"end":12,"url":null,"entity_id":"Q3204352","candidates":[]}],[{"start":0,"end":40,"url":null,"entity_id":"Q1517282","candidates":[]}],[]],[[{"start":0,"end":26,"url":null,"entity_id":"Q290436","candidates":[]}],[],[{"start":0,"end":8,"url":null,"entity_id":"Q770970","candidates":[]}],[{"start":0,"end":42,"url":null,"entity_id":"Q1517280","candidates":[]}],[]],[[{"start":0,"end":20,"url":null,"entity_id":"Q959074","candidates":[]}],[],[{"start":0,"end":12,"url":null,"entity_id":"Q3058528","candidates":[]}],[{"start":0,"end":46,"url":null,"entity_id":"Q1517260","candidates":[]}],[]],[[{"start":0,"end":25,"url":null,"entity_id":"Q371275","candidates":[]}],[],[{"start":0,"end":13,"url":null,"entity_id":"Q141940","candidates":[]}],[{"start":0,"end":44,"url":null,"entity_id":"Q1517251","candidates":[]}],[]],[[{"start":0,"end":20,"url":null,"entity_id":"Q3344620","candidates":[]}],[],[{"start":0,"end":11,"url":null,"entity_id":"Q2145","candidates":[]}],[{"start":0,"end":6,"url":null,"entity_id":"Q11832939","candidates":[]}],[]]]}