{"version":"1.2","table":{"version":"2","table_id":"HEX0OA24","columns":[{"index":0,"name":"col0","values":["Ko Losin","Skorven","Båtö-Fröskan","Stor Svartgrundet","Île à Bacchus","S'Espalmador","Islets of Porto Santo","Ilhéu da Vila do Porto","Alkekongen","Fænø Kalv","Fongafale","Rockall","Cal Islet","Ilhéu de Cima","Dueholm","Eilean Craobach","Tyreholm","Græsholm","Odden","Katholm"]},{"index":1,"name":"col1","values":["Gulf of Thailand","Luleå archipelago","Luleå archipelago","Luleå archipelago","Atlantic Ocean","Balearic Islands","Porto Santo Island","Santa Maria Island","Brækmoholmane","Little Belt","Funafuti","Outer Hebrides","Madeira","Madeira","Nakskov Fjord","Islay","Bøgestrøm","South Funen Archipelago","South Funen Archipelago","Augustenborg Fjord"]},{"index":2,"name":"col2","values":["Sai Buri","Luleå Municipality","Luleå Municipality","Luleå Municipality","Pénestin","Formentera","Porto Santo","Azores","Svalbard","Middelfart Municipality","Tuvalu","Outer Hebrides","Madeira","Madeira","Lolland Municipality","Argyll and Bute","Vordingborg Municipality","Region of Southern Denmark","Svendborg Municipality","Sønderborg Municipality"]}]},"context":{"page_title":null,"page_url":null,"page_entity_id":null,"content_hierarchy":[]},"links":[[[{"start":0,"end":7,"url":null,"entity_id":"Q3186471","candidates":[]}],[{"start":0,"end":17,"url":null,"entity_id":"Q2543245","candidates":[]}],[{"start":0,"end":18,"url":null,"entity_id":"Q177019","candidates":[]}]],[[{"start":0,"end":12,"url":null,"entity_id":"Q2383925","candidates":[]}],[{"start":0,"end":17,"url":null,"entity_id":"Q2543245","candidates":[]}],[{"start":0,"end":18,"url":null,"entity_id":"Q177019","candidates":[]}]],[[{"start":0,"end":17,"url":null,"entity_id":"Q1822961","candidates":[]}],[{"start":0,"end":17,"url":null,"entity_id":"Q2543245","candidates":[]}],[{"start":0,"end":18,"url":null,"entity_id":"Q177019","candidates":[]}]],[[{"start":0,"end":13,"url":null,"entity_id":"Q3593518","candidates":[]}],[{"start":0,"end":14,"url":null,"entity_id":"Q97","candidates":[]}],[{"start":0,"end":8,"url":null,"entity_id":"Q126869","candidates":[]}]],[[{"start":0,"end":12,"url":null,"entity_id":"Q202968","candidates":[]}],[{"start":0,"end":16,"url":null,"entity_id":"Q5765","candidates":[]}],[{"start":0,"end":10,"url":null,"entity_id":"Q52626","candidates":[]}]],[[{"start":0,"end":21,"url":null,"entity_id":"Q1658452","candidates":[]}],[{"start":0,"end":18,"url":null,"entity_id":"Q14206042","candidates":[]}],[{"start":0,"end":11,"url":null,"entity_id":"Q27320","candidates":[]}]],[[{"start":0,"end":22,"url":null,"entity_id":"Q2757601","candidates":[]}],[{"start":0,"end":18,"url":null,"entity_id":"Q217262","candidates":[]}],[{"start":0,"end":6,"url":null,"entity_id":"Q25263","candidates":[]}]],[[{"start":0,"end":10,"url":null,"entity_id":"Q4727677","candidates":[]}],[{"start":0,"end":13,"url":null,"entity_id":"Q4981820","candidates":[]}],[{"start":0,"end":8,"url":null,"entity_id":"Q25231","candidates":[]}]],[[{"start":0,"end":9,"url":null,"entity_id":"Q1479264","candidates":[]}],[{"start":0,"end":11,"url":null,"entity_id":"Q211008","candidates":[]}],[{"start":0,"end":23,"url":null,"entity_id":"Q21140","candidates":[]}]],[[{"start":0,"end":9,"url":null,"entity_id":"Q731947","candidates":[]}],[{"start":0,"end":8,"url":null,"entity_id":"Q34126","candidates":[]}],[{"start":0,"end":6,"url":null,"entity_id":"Q672","candidates":[]}]],[[{"start":0,"end":7,"url":null,"entity_id":"Q206137","candidates":[]}],[{"start":0,"end":14,"url":null,"entity_id":"Q80967","candidates":[]}],[{"start":0,"end":14,"url":null,"entity_id":"Q80967","candidates":[]}]],[[{"start":0,"end":9,"url":null,"entity_id":"Q1658454","candidates":[]}],[{"start":0,"end":7,"url":null,"entity_id":"Q26253","candidates":[]}],[{"start":0,"end":7,"url":null,"entity_id":"Q26253","candidates":[]}]],[[{"start":0,"end":13,"url":null,"entity_id":"Q1144599","candidates":[]}],[{"start":0,"end":7,"url":null,"entity_id":"Q26253","candidates":[]}],[{"start":0,"end":7,"url":null,"entity_id":"Q26253","candidates":[]}]],[[{"start":0,"end":7,"url":null,"entity_id":"Q23748898","candidates":[]}],[{"start":0,"end":13,"url":null,"entity_id":"Q12328250","candidates":[]}],[{"start":0,"end":20,"url":null,"entity_id":"Q670153","candidates":[]}]],[[{"start":0,"end":15,"url":null,"entity_id":"Q24677750","candidates":[]}],[{"start":0,"end":5,"url":null,"entity_id":"Q273","candidates":[]}],[{"start":0,"end":15,"url":null,"entity_id":"Q202174","candidates":[]}]],[[{"start":0,"end":8,"url":null,"entity_id":"Q23734871","candidates":[]}],[{"start":0,"end":9,"url":null,"entity_id":"Q12304804","candidates":[]}],[{"start":0,"end":24,"url":null,"entity_id":"Q183572","candidates":[]}]],[[{"start":0,"end":8,"url":null,"entity_id":"Q23747697","candidates":[]}],[{"start":0,"end":23,"url":null,"entity_id":"Q1270287","candidates":[]}],[{"start":0,"end":26,"url":null,"entity_id":"Q26061","candidates":[]}]],[[{"start":0,"end":5,"url":null,"entity_id":"Q23743378","candidates":[]}],[{"start":0,"end":23,"url":null,"entity_id":"Q1270287","candidates":[]}],[{"start":0,"end":22,"url":null,"entity_id":"Q21182","candidates":[]}]],[[{"start":0,"end":7,"url":null,"entity_id":"Q23746973","candidates":[]}],[{"start":0,"end":18,"url":null,"entity_id":"Q23750359","candidates":[]}],[{"start":0,"end":23,"url":null,"entity_id":"Q21108","candidates":[]}]],[[{"start":0,"end":8,"url":null,"entity_id":"Q902661","candidates":[]}],[{"start":0,"end":16,"url":null,"entity_id":"Q131217","candidates":[]}],[{"start":0,"end":8,"url":null,"entity_id":"Q476581","candidates":[]}]]]}