{"version":"1.2","table":{"version":"2","table_id":"HF4H8M9B","columns":[{"index":0,"name":"col0","values":["Florești District","Drochia District","Hîncești District","Orhei District","Glodeni District","Rezina District","Șoldănești District","Cantemir District","Sîngerei District","Leova District","Fălești District","Briceni District","Cimișlia District","Taraclia District","Strășeni District","Ștefan Vodă District","Dondușeni District","Rîșcani District","Călărași District","Criuleni District"]},{"index":1,"name":"col1","values":["2002-01-01","1940-11-11","1940-11-11","1940-11-11","2002-01-01","2002-01-01","2002-01-01","2002-01-01","2002-01-01","2002-01-01","1940-11-11","2002-01-01","2002-01-01","2002-01-01","2002-01-01","2002-01-01","2002-01-01","2002-01-01","1940-11-11","2002-01-01"]},{"index":2,"name":"col2","values":["76457","74443","103784","101502","51306","42486","36743","52115","79814","44702","78258","70029","49299","37357","82675","62072","37856","59226","64401","70648"]},{"index":3,"name":"col3","values":["Florești","Drochia","Hîncești","Orhei","Glodeni","Rezina","Șoldănești","Cantemir","Sîngerei","Leova","Fălești","Briceni","Cimișlia","Taraclia","Strășeni","Ștefan Vodă","Dondușeni","Rîșcani","Călărași","Criuleni"]},{"index":4,"name":"col4","values":["Moldavian Soviet Socialist Republic","Moldavian Soviet Socialist Republic","Moldavian Soviet Socialist Republic","Moldavian Soviet Socialist Republic","Moldova","Moldova","Moldova","Moldova","Moldova","Moldova","Moldova","Moldova","Moldova","Moldova","Moldova","Moldova","Moldova","Moldova","Moldova","Moldova"]}]},"context":{"page_title":null,"page_url":null,"page_entity_id":null,"content_hierarchy":[]},"links":[[[{"start":0,"end":16,"url":null,"entity_id":"Q865594","candidates":[]}],[],[],[{"start":0,"end":7,"url":null,"entity_id":"Q2006112","candidates":[]}],[{"start":0,"end":35,"url":null,"entity_id":"Q170895","candidates":[]}]],[[{"start":0,"end":17,"url":null,"entity_id":"Q878297","candidates":[]}],[],[],[{"start":0,"end":8,"url":null,"entity_id":"Q1141853","candidates":[]}],[{"start":0,"end":35,"url":null,"entity_id":"Q170895","candidates":[]}]],[[{"start":0,"end":14,"url":null,"entity_id":"Q2112462","candidates":[]}],[],[],[{"start":0,"end":5,"url":null,"entity_id":"Q423258","candidates":[]}],[{"start":0,"end":35,"url":null,"entity_id":"Q170895","candidates":[]}]],[[{"start":0,"end":16,"url":null,"entity_id":"Q860716","candidates":[]}],[],[],[{"start":0,"end":7,"url":null,"entity_id":"Q2292609","candidates":[]}],[{"start":0,"end":7,"url":null,"entity_id":"Q217","candidates":[]}]],[[{"start":0,"end":15,"url":null,"entity_id":"Q878317","candidates":[]}],[],[],[{"start":0,"end":6,"url":null,"entity_id":"Q2281181","candidates":[]}],[{"start":0,"end":7,"url":null,"entity_id":"Q217","candidates":[]}]],[[{"start":0,"end":19,"url":null,"entity_id":"Q865639","candidates":[]}],[],[],[{"start":0,"end":10,"url":null,"entity_id":"Q2271123","candidates":[]}],[{"start":0,"end":7,"url":null,"entity_id":"Q217","candidates":[]}]],[[{"start":0,"end":17,"url":null,"entity_id":"Q684183","candidates":[]}],[],[],[{"start":0,"end":8,"url":null,"entity_id":"Q2250055","candidates":[]}],[{"start":0,"end":7,"url":null,"entity_id":"Q217","candidates":[]}]],[[{"start":0,"end":17,"url":null,"entity_id":"Q1796621","candidates":[]}],[],[],[{"start":0,"end":8,"url":null,"entity_id":"Q2249997","candidates":[]}],[{"start":0,"end":7,"url":null,"entity_id":"Q217","candidates":[]}]],[[{"start":0,"end":14,"url":null,"entity_id":"Q1826662","candidates":[]}],[],[],[{"start":0,"end":5,"url":null,"entity_id":"Q2199004","candidates":[]}],[{"start":0,"end":7,"url":null,"entity_id":"Q217","candidates":[]}]],[[{"start":0,"end":16,"url":null,"entity_id":"Q878375","candidates":[]}],[],[],[{"start":0,"end":7,"url":null,"entity_id":"Q2078085","candidates":[]}],[{"start":0,"end":7,"url":null,"entity_id":"Q217","candidates":[]}]],[[{"start":0,"end":16,"url":null,"entity_id":"Q753795","candidates":[]}],[],[],[{"start":0,"end":7,"url":null,"entity_id":"Q2019727","candidates":[]}],[{"start":0,"end":7,"url":null,"entity_id":"Q217","candidates":[]}]],[[{"start":0,"end":17,"url":null,"entity_id":"Q286646","candidates":[]}],[],[],[{"start":0,"end":8,"url":null,"entity_id":"Q2019719","candidates":[]}],[{"start":0,"end":7,"url":null,"entity_id":"Q217","candidates":[]}]],[[{"start":0,"end":17,"url":null,"entity_id":"Q865884","candidates":[]}],[],[],[{"start":0,"end":8,"url":null,"entity_id":"Q2006121","candidates":[]}],[{"start":0,"end":7,"url":null,"entity_id":"Q217","candidates":[]}]],[[{"start":0,"end":17,"url":null,"entity_id":"Q878308","candidates":[]}],[],[],[{"start":0,"end":8,"url":null,"entity_id":"Q2006102","candidates":[]}],[{"start":0,"end":7,"url":null,"entity_id":"Q217","candidates":[]}]],[[{"start":0,"end":20,"url":null,"entity_id":"Q2129061","candidates":[]}],[],[],[{"start":0,"end":11,"url":null,"entity_id":"Q1982983","candidates":[]}],[{"start":0,"end":7,"url":null,"entity_id":"Q217","candidates":[]}]],[[{"start":0,"end":18,"url":null,"entity_id":"Q1061128","candidates":[]}],[],[],[{"start":0,"end":9,"url":null,"entity_id":"Q1901003","candidates":[]}],[{"start":0,"end":7,"url":null,"entity_id":"Q217","candidates":[]}]],[[{"start":0,"end":16,"url":null,"entity_id":"Q611656","candidates":[]}],[],[],[{"start":0,"end":7,"url":null,"entity_id":"Q1022131","candidates":[]}],[{"start":0,"end":7,"url":null,"entity_id":"Q217","candidates":[]}]],[[{"start":0,"end":17,"url":null,"entity_id":"Q2128868","candidates":[]}],[],[],[{"start":0,"end":8,"url":null,"entity_id":"Q1014367","candidates":[]}],[{"start":0,"end":7,"url":null,"entity_id":"Q217","candidates":[]}]],[[{"start":0,"end":17,"url":null,"entity_id":"Q2128862","candidates":[]}],[],[],[{"start":0,"end":8,"url":null,"entity_id":"Q997029","candidates":[]}],[{"start":0,"end":7,"url":null,"entity_id":"Q217","candidates":[]}]],[[{"start":0,"end":17,"url":null,"entity_id":"Q865726","candidates":[]}],[],[],[{"start":0,"end":8,"url":null,"entity_id":"Q2072887","candidates":[]}],[{"start":0,"end":35,"url":null,"entity_id":"Q170895","candidates":[]}]]]}