{"version":"1.2","table":{"version":"2","table_id":"HGPRRL2X","columns":[{"index":0,"name":"col0","values":["ahlmannan","Shachtmansm","Taisvoism","Magonim","Pkrumaism","Marxism–Leninism–aoism","Garveism","Chavsmo","labour mvement","De Lonism","fasism","Dolivarianism","uxemburgism","socialism of the 21st cetury","Mar{ism–Leninism","Stalinis","Bundksm","Straserism","Lusotropicaism","Five Raceu Under One Union"]},{"index":1,"name":"col1","values":["conservatism","Marxism","communism","anarchism","Pan-Africanism","communism","black nationalism","Bolivarianism","social movement","syndicalism","authoritarianism","democratic socialism","communism","democratic socialism","communism","totalitarianism","Jewish left","nazism","colonialism","multiculturalism"]},{"index":2,"name":"col2","values":["Bernardus Marie Bahlmann","Max Shachtman","Taisto Sinisalo","Ricardo Flores Magón","Kwame Nkrumah","Vladimir Lenin","Marcus Garvey","Hugo Chávez","manual worker","Daniel De Leon","fasces","Simón Bolívar","Rosa Luxemburg","21st century","Vladimir Lenin","Joseph Stalin","General Jewish Labour Bund in Lithuania, Poland and Russia","Gregor Strasser","tropics","Mongols"]}]},"context":{"page_title":null,"page_url":null,"page_entity_id":null,"content_hierarchy":[]},"links":[[[{"start":0,"end":11,"url":null,"entity_id":"Q7460152","candidates":[]}],[{"start":0,"end":7,"url":null,"entity_id":"Q7264","candidates":[]}],[{"start":0,"end":13,"url":null,"entity_id":"Q919427","candidates":[]}]],[[{"start":0,"end":9,"url":null,"entity_id":"Q7676446","candidates":[]}],[{"start":0,"end":9,"url":null,"entity_id":"Q6186","candidates":[]}],[{"start":0,"end":15,"url":null,"entity_id":"Q533546","candidates":[]}]],[[{"start":0,"end":7,"url":null,"entity_id":"Q10323082","candidates":[]}],[{"start":0,"end":9,"url":null,"entity_id":"Q6199","candidates":[]}],[{"start":0,"end":20,"url":null,"entity_id":"Q146948","candidates":[]}]],[[{"start":0,"end":9,"url":null,"entity_id":"Q27684094","candidates":[]}],[{"start":0,"end":14,"url":null,"entity_id":"Q282739","candidates":[]}],[{"start":0,"end":13,"url":null,"entity_id":"Q8620","candidates":[]}]],[[{"start":0,"end":22,"url":null,"entity_id":"Q18127879","candidates":[]}],[{"start":0,"end":9,"url":null,"entity_id":"Q6186","candidates":[]}],[{"start":0,"end":14,"url":null,"entity_id":"Q1394","candidates":[]}]],[[{"start":0,"end":8,"url":null,"entity_id":"Q5524522","candidates":[]}],[{"start":0,"end":17,"url":null,"entity_id":"Q2720299","candidates":[]}],[{"start":0,"end":13,"url":null,"entity_id":"Q272504","candidates":[]}]],[[{"start":0,"end":7,"url":null,"entity_id":"Q3666864","candidates":[]}],[{"start":0,"end":13,"url":null,"entity_id":"Q8813","candidates":[]}],[{"start":0,"end":11,"url":null,"entity_id":"Q8440","candidates":[]}]],[[{"start":0,"end":14,"url":null,"entity_id":"Q208701","candidates":[]}],[{"start":0,"end":15,"url":null,"entity_id":"Q49773","candidates":[]}],[{"start":0,"end":13,"url":null,"entity_id":"Q12713481","candidates":[]}]],[[{"start":0,"end":9,"url":null,"entity_id":"Q167376","candidates":[]}],[{"start":0,"end":11,"url":null,"entity_id":"Q49780","candidates":[]}],[{"start":0,"end":14,"url":null,"entity_id":"Q931775","candidates":[]}]],[[{"start":0,"end":6,"url":null,"entity_id":"Q6223","candidates":[]}],[{"start":0,"end":16,"url":null,"entity_id":"Q6229","candidates":[]}],[{"start":0,"end":6,"url":null,"entity_id":"Q328712","candidates":[]}]],[[{"start":0,"end":13,"url":null,"entity_id":"Q8813","candidates":[]}],[{"start":0,"end":20,"url":null,"entity_id":"Q189280","candidates":[]}],[{"start":0,"end":13,"url":null,"entity_id":"Q8605","candidates":[]}]],[[{"start":0,"end":11,"url":null,"entity_id":"Q334689","candidates":[]}],[{"start":0,"end":9,"url":null,"entity_id":"Q6186","candidates":[]}],[{"start":0,"end":14,"url":null,"entity_id":"Q7231","candidates":[]}]],[[{"start":0,"end":28,"url":null,"entity_id":"Q8881","candidates":[]}],[{"start":0,"end":20,"url":null,"entity_id":"Q189280","candidates":[]}],[{"start":0,"end":12,"url":null,"entity_id":"Q6939","candidates":[]}]],[[{"start":0,"end":16,"url":null,"entity_id":"Q211930","candidates":[]}],[{"start":0,"end":9,"url":null,"entity_id":"Q6186","candidates":[]}],[{"start":0,"end":14,"url":null,"entity_id":"Q1394","candidates":[]}]],[[{"start":0,"end":8,"url":null,"entity_id":"Q179121","candidates":[]}],[{"start":0,"end":15,"url":null,"entity_id":"Q128135","candidates":[]}],[{"start":0,"end":13,"url":null,"entity_id":"Q855","candidates":[]}]],[[{"start":0,"end":7,"url":null,"entity_id":"Q427797","candidates":[]}],[{"start":0,"end":11,"url":null,"entity_id":"Q3292911","candidates":[]}],[{"start":0,"end":58,"url":null,"entity_id":"Q647460","candidates":[]}]],[[{"start":0,"end":10,"url":null,"entity_id":"Q701333","candidates":[]}],[{"start":0,"end":6,"url":null,"entity_id":"Q7310","candidates":[]}],[{"start":0,"end":15,"url":null,"entity_id":"Q76638","candidates":[]}]],[[{"start":0,"end":14,"url":null,"entity_id":"Q826018","candidates":[]}],[{"start":0,"end":11,"url":null,"entity_id":"Q7167","candidates":[]}],[{"start":0,"end":7,"url":null,"entity_id":"Q42530","candidates":[]}]],[[{"start":0,"end":26,"url":null,"entity_id":"Q601733","candidates":[]}],[{"start":0,"end":16,"url":null,"entity_id":"Q190656","candidates":[]}],[{"start":0,"end":7,"url":null,"entity_id":"Q41975","candidates":[]}]],[[{"start":0,"end":9,"url":null,"entity_id":"Q13433743","candidates":[]}],[{"start":0,"end":12,"url":null,"entity_id":"Q7169","candidates":[]}],[{"start":0,"end":24,"url":null,"entity_id":"Q2222351","candidates":[]}]]]}