{"version":"1.2","table":{"version":"2","table_id":"HH5X7TV0","columns":[{"index":0,"name":"col0","values":["The Sims: Superstar","The Sims 3: Seasons","The Sims 3: Late Night","The Sims 2: Nightlife","The Sims 2: Open for Business","The Sims 2: Bon Voyage","The Sims 2: Pets","The Sims 2: University","The Sims 2: FreeTime","Stronghold: Crusader","Warcraft III: The Frozen Throne","World of Warcraft: Mists of Pandaria","World of Warcraft: Cataclysm","World of Warcraft: The Burning Crusade","World of Warcraft: Wrath of the Lich King","Infamous: Festival of Blood","The Elder Scrolls III: Bloodmoon","Rome: Total War: Alexander","Rome: Total War: Barbarian Invasion","StarCraft: Brood War"]},{"index":1,"name":"col1","values":["simulator","simulator","life simulation game","life simulation game","life simulation game","life simulation game","life simulation game","life simulation game","strategy video game","real-time strategy","real-time strategy","massively multiplayer online role-playing game","massively multiplayer online role-playing game","massively multiplayer online role-playing game","massively multiplayer online role-playing game","action-adventure game","open world","turn-based strategy video game","turn-based strategy video game","real-time strategy"]},{"index":2,"name":"col2","values":["The Sims","The Sims","The Sims","The Sims","The Sims","The Sims","The Sims","The Sims","The Sims","Stronghold","Warcraft","Warcraft","Warcraft","Warcraft","Warcraft","InFamous","The Elder Scrolls","Total War","Total War","StarCraft"]},{"index":3,"name":"col3","values":["Teen","Teen","Teen","Teen","Teen","Teen","Teen","Teen","Teen","Teen","Teen","Teen","Teen","Teen","Teen","Teen","Teen","Teen","Teen","Teen"]}]},"context":{"page_title":null,"page_url":null,"page_entity_id":null,"content_hierarchy":[]},"links":[[[{"start":0,"end":19,"url":null,"entity_id":"Q159739","candidates":[]}],[{"start":0,"end":9,"url":null,"entity_id":"Q2057931","candidates":[]}],[{"start":0,"end":8,"url":null,"entity_id":"Q4897444","candidates":[]}],[{"start":0,"end":4,"url":null,"entity_id":"Q14864330","candidates":[]}]],[[{"start":0,"end":22,"url":null,"entity_id":"Q1754128","candidates":[]}],[{"start":0,"end":20,"url":null,"entity_id":"Q1199309","candidates":[]}],[{"start":0,"end":8,"url":null,"entity_id":"Q4897444","candidates":[]}],[{"start":0,"end":4,"url":null,"entity_id":"Q14864330","candidates":[]}]],[[{"start":0,"end":21,"url":null,"entity_id":"Q754709","candidates":[]}],[{"start":0,"end":20,"url":null,"entity_id":"Q1199309","candidates":[]}],[{"start":0,"end":8,"url":null,"entity_id":"Q4897444","candidates":[]}],[{"start":0,"end":4,"url":null,"entity_id":"Q14864330","candidates":[]}]],[[{"start":0,"end":29,"url":null,"entity_id":"Q751422","candidates":[]}],[{"start":0,"end":20,"url":null,"entity_id":"Q1199309","candidates":[]}],[{"start":0,"end":8,"url":null,"entity_id":"Q4897444","candidates":[]}],[{"start":0,"end":4,"url":null,"entity_id":"Q14864330","candidates":[]}]],[[{"start":0,"end":22,"url":null,"entity_id":"Q751338","candidates":[]}],[{"start":0,"end":20,"url":null,"entity_id":"Q1199309","candidates":[]}],[{"start":0,"end":8,"url":null,"entity_id":"Q4897444","candidates":[]}],[{"start":0,"end":4,"url":null,"entity_id":"Q14864330","candidates":[]}]],[[{"start":0,"end":16,"url":null,"entity_id":"Q751329","candidates":[]}],[{"start":0,"end":20,"url":null,"entity_id":"Q1199309","candidates":[]}],[{"start":0,"end":8,"url":null,"entity_id":"Q4897444","candidates":[]}],[{"start":0,"end":4,"url":null,"entity_id":"Q14864330","candidates":[]}]],[[{"start":0,"end":22,"url":null,"entity_id":"Q727092","candidates":[]}],[{"start":0,"end":20,"url":null,"entity_id":"Q1199309","candidates":[]}],[{"start":0,"end":8,"url":null,"entity_id":"Q4897444","candidates":[]}],[{"start":0,"end":4,"url":null,"entity_id":"Q14864330","candidates":[]}]],[[{"start":0,"end":20,"url":null,"entity_id":"Q1622210","candidates":[]}],[{"start":0,"end":19,"url":null,"entity_id":"Q472055","candidates":[]}],[{"start":0,"end":8,"url":null,"entity_id":"Q4897444","candidates":[]}],[{"start":0,"end":4,"url":null,"entity_id":"Q14864330","candidates":[]}]],[[{"start":0,"end":20,"url":null,"entity_id":"Q750086","candidates":[]}],[{"start":0,"end":18,"url":null,"entity_id":"Q208189","candidates":[]}],[{"start":0,"end":10,"url":null,"entity_id":"Q3701836","candidates":[]}],[{"start":0,"end":4,"url":null,"entity_id":"Q14864330","candidates":[]}]],[[{"start":0,"end":31,"url":null,"entity_id":"Q741244","candidates":[]}],[{"start":0,"end":18,"url":null,"entity_id":"Q208189","candidates":[]}],[{"start":0,"end":8,"url":null,"entity_id":"Q815739","candidates":[]}],[{"start":0,"end":4,"url":null,"entity_id":"Q14864330","candidates":[]}]],[[{"start":0,"end":36,"url":null,"entity_id":"Q841953","candidates":[]}],[{"start":0,"end":46,"url":null,"entity_id":"Q175173","candidates":[]}],[{"start":0,"end":8,"url":null,"entity_id":"Q815739","candidates":[]}],[{"start":0,"end":4,"url":null,"entity_id":"Q14864330","candidates":[]}]],[[{"start":0,"end":28,"url":null,"entity_id":"Q737619","candidates":[]}],[{"start":0,"end":46,"url":null,"entity_id":"Q175173","candidates":[]}],[{"start":0,"end":8,"url":null,"entity_id":"Q815739","candidates":[]}],[{"start":0,"end":4,"url":null,"entity_id":"Q14864330","candidates":[]}]],[[{"start":0,"end":38,"url":null,"entity_id":"Q719643","candidates":[]}],[{"start":0,"end":46,"url":null,"entity_id":"Q175173","candidates":[]}],[{"start":0,"end":8,"url":null,"entity_id":"Q815739","candidates":[]}],[{"start":0,"end":4,"url":null,"entity_id":"Q14864330","candidates":[]}]],[[{"start":0,"end":41,"url":null,"entity_id":"Q715719","candidates":[]}],[{"start":0,"end":46,"url":null,"entity_id":"Q175173","candidates":[]}],[{"start":0,"end":8,"url":null,"entity_id":"Q815739","candidates":[]}],[{"start":0,"end":4,"url":null,"entity_id":"Q14864330","candidates":[]}]],[[{"start":0,"end":27,"url":null,"entity_id":"Q576283","candidates":[]}],[{"start":0,"end":21,"url":null,"entity_id":"Q343568","candidates":[]}],[{"start":0,"end":8,"url":null,"entity_id":"Q580863","candidates":[]}],[{"start":0,"end":4,"url":null,"entity_id":"Q14864330","candidates":[]}]],[[{"start":0,"end":32,"url":null,"entity_id":"Q1393129","candidates":[]}],[{"start":0,"end":10,"url":null,"entity_id":"Q867123","candidates":[]}],[{"start":0,"end":17,"url":null,"entity_id":"Q466530","candidates":[]}],[{"start":0,"end":4,"url":null,"entity_id":"Q14864330","candidates":[]}]],[[{"start":0,"end":26,"url":null,"entity_id":"Q864291","candidates":[]}],[{"start":0,"end":30,"url":null,"entity_id":"Q2176159","candidates":[]}],[{"start":0,"end":9,"url":null,"entity_id":"Q380346","candidates":[]}],[{"start":0,"end":4,"url":null,"entity_id":"Q14864330","candidates":[]}]],[[{"start":0,"end":35,"url":null,"entity_id":"Q268505","candidates":[]}],[{"start":0,"end":30,"url":null,"entity_id":"Q2176159","candidates":[]}],[{"start":0,"end":9,"url":null,"entity_id":"Q380346","candidates":[]}],[{"start":0,"end":4,"url":null,"entity_id":"Q14864330","candidates":[]}]],[[{"start":0,"end":20,"url":null,"entity_id":"Q840409","candidates":[]}],[{"start":0,"end":18,"url":null,"entity_id":"Q208189","candidates":[]}],[{"start":0,"end":9,"url":null,"entity_id":"Q290106","candidates":[]}],[{"start":0,"end":4,"url":null,"entity_id":"Q14864330","candidates":[]}]],[[{"start":0,"end":19,"url":null,"entity_id":"Q768964","candidates":[]}],[{"start":0,"end":9,"url":null,"entity_id":"Q2057931","candidates":[]}],[{"start":0,"end":8,"url":null,"entity_id":"Q4897444","candidates":[]}],[{"start":0,"end":4,"url":null,"entity_id":"Q14864330","candidates":[]}]]]}