{"version":"1.2","table":{"version":"2","table_id":"HH77QXRZ","columns":[{"index":0,"name":"col0","values":["Kampuchean Gederation of Trade Unions","Sindicato ee Estudiantes Canario","Inland Revenue Staff Fedetation","ewerkschaftsbund","General Union of Negro African Worlers","Beijing Workers' Autonomous Feeration","Association og Scientific, Technical and Managerial Staffs","Aicus","Amaliamated Society of Woodworkers","Amalgamated Society of Watermen, Lightermen nd Bargemen","Amalgamated Society of Carpenuers and Joiners","Amalgamated Society of Boilermaers, Shipwrights, Blacksmiths and Structural Workers","Amalgamathd Engineering and Electrical Union","Amalgamated Asociation of Iron and Steel Workers","African Trade Union Congrss","Union fes travailleurs manuels et intellectuels","Norwegian Confederation of Academic and Professional Unionv","Manufacturing, Science and#Finance","Industriegewerkschat Chmie-Papier-Keramik","IJ Medien"]},{"index":1,"name":"col1","values":["1999/01/01","2008/01/01","1996/01/01","1939/03/01","1960/01/01","1989/06/12","1988/01/01","2007/01/01","1971/07/01","1922/01/01","1921/01/01","1982/01/01","2001/01/01","1942/05/22","1981/01/01","1944/09/01","2001/01/01","2001/01/01","1997/01/01","2001/01/01"]},{"index":2,"name":"col2","values":["1979/01/01","1990/01/01","1936/01/01","1919/07/01","1957/01/16","1989/01/01","1969/01/01","2001/01/01","1921/01/01","1889/01/01","1860/01/01","1852/01/01","1992/01/01","1876/01/01","1962/01/01","1941/01/01","1975/01/01","1988/01/01","1946/01/01","1989/04/15"]}]},"context":{"page_title":null,"page_url":null,"page_entity_id":null,"content_hierarchy":[]},"links":[[[{"start":0,"end":32,"url":null,"entity_id":"Q6129132","candidates":[]}],[],[]],[[{"start":0,"end":31,"url":null,"entity_id":"Q6034814","candidates":[]}],[],[]],[[{"start":0,"end":16,"url":null,"entity_id":"Q5554947","candidates":[]}],[],[]],[[{"start":0,"end":38,"url":null,"entity_id":"Q5532265","candidates":[]}],[],[]],[[{"start":0,"end":37,"url":null,"entity_id":"Q4881211","candidates":[]}],[],[]],[[{"start":0,"end":58,"url":null,"entity_id":"Q4810055","candidates":[]}],[],[]],[[{"start":0,"end":5,"url":null,"entity_id":"Q4746137","candidates":[]}],[],[]],[[{"start":0,"end":34,"url":null,"entity_id":"Q4739370","candidates":[]}],[],[]],[[{"start":0,"end":55,"url":null,"entity_id":"Q4739369","candidates":[]}],[],[]],[[{"start":0,"end":45,"url":null,"entity_id":"Q4739361","candidates":[]}],[],[]],[[{"start":0,"end":83,"url":null,"entity_id":"Q4739360","candidates":[]}],[],[]],[[{"start":0,"end":44,"url":null,"entity_id":"Q4739348","candidates":[]}],[],[]],[[{"start":0,"end":48,"url":null,"entity_id":"Q4739338","candidates":[]}],[],[]],[[{"start":0,"end":27,"url":null,"entity_id":"Q4689939","candidates":[]}],[],[]],[[{"start":0,"end":47,"url":null,"entity_id":"Q4498014","candidates":[]}],[],[]],[[{"start":0,"end":59,"url":null,"entity_id":"Q17748309","candidates":[]}],[],[]],[[{"start":0,"end":34,"url":null,"entity_id":"Q16997318","candidates":[]}],[],[]],[[{"start":0,"end":41,"url":null,"entity_id":"Q1653622","candidates":[]}],[],[]],[[{"start":0,"end":9,"url":null,"entity_id":"Q1539988","candidates":[]}],[],[]],[[{"start":0,"end":37,"url":null,"entity_id":"Q6359376","candidates":[]}],[],[]]]}