{"version":"1.2","table":{"version":"2","table_id":"HIEYF6BQ","columns":[{"index":0,"name":"col0","values":["BITS Pilani, Dubai Campus","Technical University of Lisbon","Politecnico di Torino","Politecnico di Milano","Yıldız Technical University","Istanbul Technical University","Warsaw University of Technology","Poznań University of Technology","ETH Zurich","Institut industriel du Nord","Ara Institute of Canterbury","Polytechnic Institute of Beja","Instituto Tecnológico Superior de Fresnillo","Pittsburgh Technical College","Huaihai Institute of Technology","The Open Polytechnic of New Zealand","Universidade do Vale do Rio dos Sinos","Technological Institute of Ensenada","Ladoke Akintola University of Technology","Instituto Tecnológico de La Laguna"]},{"index":1,"name":"col1","values":["Dubai","Lisbon","Turin","Milan","Istanbul","Istanbul","Warsaw","Poznań","Zürich","École Centrale de Lille","Christchurch City","Beja (city)","Fresnillo","North Fayette Township","Haizhou","Lower Hutt","São Leopoldo","Ensenada","Ogbomosho","Torreón"]},{"index":2,"name":"col2","values":["2000-01-01","1930-01-01","1906-01-01","1863-01-01","1911-01-01","1773-01-01","1899-01-01","1919-01-01","1855-01-01","1872-01-01","1906-01-01","1979-01-01","1995-07-14","1946-01-01","1985-01-01","1946-01-01","1969-01-01","1997-01-01","1990-01-01","1965-09-01"]}]},"context":{"page_title":null,"page_url":null,"page_entity_id":null,"content_hierarchy":[]},"links":[[[{"start":0,"end":30,"url":null,"entity_id":"Q1362729","candidates":[]}],[{"start":0,"end":6,"url":null,"entity_id":"Q597","candidates":[]}],[]],[[{"start":0,"end":21,"url":null,"entity_id":"Q392897","candidates":[]}],[{"start":0,"end":5,"url":null,"entity_id":"Q495","candidates":[]}],[]],[[{"start":0,"end":21,"url":null,"entity_id":"Q392904","candidates":[]}],[{"start":0,"end":5,"url":null,"entity_id":"Q490","candidates":[]}],[]],[[{"start":0,"end":27,"url":null,"entity_id":"Q1093258","candidates":[]}],[{"start":0,"end":8,"url":null,"entity_id":"Q406","candidates":[]}],[]],[[{"start":0,"end":29,"url":null,"entity_id":"Q344334","candidates":[]}],[{"start":0,"end":8,"url":null,"entity_id":"Q406","candidates":[]}],[]],[[{"start":0,"end":31,"url":null,"entity_id":"Q1718656","candidates":[]}],[{"start":0,"end":6,"url":null,"entity_id":"Q270","candidates":[]}],[]],[[{"start":0,"end":31,"url":null,"entity_id":"Q1678753","candidates":[]}],[{"start":0,"end":6,"url":null,"entity_id":"Q268","candidates":[]}],[]],[[{"start":0,"end":10,"url":null,"entity_id":"Q11942","candidates":[]}],[{"start":0,"end":6,"url":null,"entity_id":"Q72","candidates":[]}],[]],[[{"start":0,"end":27,"url":null,"entity_id":"Q3152321","candidates":[]}],[{"start":0,"end":23,"url":null,"entity_id":"Q273461","candidates":[]}],[]],[[{"start":0,"end":27,"url":null,"entity_id":"Q24998538","candidates":[]}],[{"start":0,"end":17,"url":null,"entity_id":"Q32159699","candidates":[]}],[]],[[{"start":0,"end":29,"url":null,"entity_id":"Q7227028","candidates":[]}],[{"start":0,"end":11,"url":null,"entity_id":"Q3344424","candidates":[]}],[]],[[{"start":0,"end":43,"url":null,"entity_id":"Q53647207","candidates":[]}],[{"start":0,"end":9,"url":null,"entity_id":"Q1816543","candidates":[]}],[]],[[{"start":0,"end":28,"url":null,"entity_id":"Q7199403","candidates":[]}],[{"start":0,"end":22,"url":null,"entity_id":"Q1771256","candidates":[]}],[]],[[{"start":0,"end":31,"url":null,"entity_id":"Q11152732","candidates":[]}],[{"start":0,"end":7,"url":null,"entity_id":"Q1698817","candidates":[]}],[]],[[{"start":0,"end":35,"url":null,"entity_id":"Q7755183","candidates":[]}],[{"start":0,"end":10,"url":null,"entity_id":"Q1015681","candidates":[]}],[]],[[{"start":0,"end":37,"url":null,"entity_id":"Q7894410","candidates":[]}],[{"start":0,"end":12,"url":null,"entity_id":"Q688275","candidates":[]}],[]],[[{"start":0,"end":35,"url":null,"entity_id":"Q7692478","candidates":[]}],[{"start":0,"end":8,"url":null,"entity_id":"Q656189","candidates":[]}],[]],[[{"start":0,"end":40,"url":null,"entity_id":"Q6469794","candidates":[]}],[{"start":0,"end":9,"url":null,"entity_id":"Q500366","candidates":[]}],[]],[[{"start":0,"end":34,"url":null,"entity_id":"Q6448707","candidates":[]}],[{"start":0,"end":7,"url":null,"entity_id":"Q386991","candidates":[]}],[]],[[{"start":0,"end":25,"url":null,"entity_id":"Q4835741","candidates":[]}],[{"start":0,"end":5,"url":null,"entity_id":"Q612","candidates":[]}],[]]]}