{"version":"1.2","table":{"version":"2","table_id":"HJ0EEW83","columns":[{"index":0,"name":"col0","values":["Dongcheon Arena","Stadio Luigi Zaffanella","Alytus Arena","Hall Aleksandar Nikolić","Ülker Sports Arena","The New Lawn","Stadion Várkerti","City Ground","Jeonju World Cup Stadium","Sportforum Hohenschönhausen","CEPSUM","Britannia Stadium","Cheonan Oryong Stadium","Gwangju World Cup Stadium","Incheon Football Stadium","Dongdaemun Stadium","Pohang Steel Yard","Ulsan Munsu Football Stadium","Daejeon World Cup Stadium","Busan Asiad Main Stadium"]},{"index":1,"name":"col1","values":["5535","6000","5500","8150","13800","5147","5500","30602","42477","10000","5100","27740","21000","42880","20891","22706","25000","44102","42176","53864"]},{"index":2,"name":"col2","values":["badminton","rugby union","basketball","basketball","basketball","association football","association football","association football","association football","association football","association football","association football","association football","association football","association football","association football","association football","association football","association football","association football"]}]},"context":{"page_title":null,"page_url":null,"page_entity_id":null,"content_hierarchy":[]},"links":[[[{"start":0,"end":23,"url":null,"entity_id":"Q581672","candidates":[]}],[],[{"start":0,"end":11,"url":null,"entity_id":"Q5849","candidates":[]}]],[[{"start":0,"end":12,"url":null,"entity_id":"Q450541","candidates":[]}],[],[{"start":0,"end":10,"url":null,"entity_id":"Q5372","candidates":[]}]],[[{"start":0,"end":23,"url":null,"entity_id":"Q367802","candidates":[]}],[],[{"start":0,"end":10,"url":null,"entity_id":"Q5372","candidates":[]}]],[[{"start":0,"end":18,"url":null,"entity_id":"Q334778","candidates":[]}],[],[{"start":0,"end":10,"url":null,"entity_id":"Q5372","candidates":[]}]],[[{"start":0,"end":12,"url":null,"entity_id":"Q618923","candidates":[]}],[],[{"start":0,"end":20,"url":null,"entity_id":"Q2736","candidates":[]}]],[[{"start":0,"end":16,"url":null,"entity_id":"Q614714","candidates":[]}],[],[{"start":0,"end":20,"url":null,"entity_id":"Q2736","candidates":[]}]],[[{"start":0,"end":11,"url":null,"entity_id":"Q593446","candidates":[]}],[],[{"start":0,"end":20,"url":null,"entity_id":"Q2736","candidates":[]}]],[[{"start":0,"end":24,"url":null,"entity_id":"Q562072","candidates":[]}],[],[{"start":0,"end":20,"url":null,"entity_id":"Q2736","candidates":[]}]],[[{"start":0,"end":27,"url":null,"entity_id":"Q551837","candidates":[]}],[],[{"start":0,"end":20,"url":null,"entity_id":"Q2736","candidates":[]}]],[[{"start":0,"end":6,"url":null,"entity_id":"Q512886","candidates":[]}],[],[{"start":0,"end":20,"url":null,"entity_id":"Q2736","candidates":[]}]],[[{"start":0,"end":17,"url":null,"entity_id":"Q500922","candidates":[]}],[],[{"start":0,"end":20,"url":null,"entity_id":"Q2736","candidates":[]}]],[[{"start":0,"end":22,"url":null,"entity_id":"Q495291","candidates":[]}],[],[{"start":0,"end":20,"url":null,"entity_id":"Q2736","candidates":[]}]],[[{"start":0,"end":25,"url":null,"entity_id":"Q494758","candidates":[]}],[],[{"start":0,"end":20,"url":null,"entity_id":"Q2736","candidates":[]}]],[[{"start":0,"end":24,"url":null,"entity_id":"Q493545","candidates":[]}],[],[{"start":0,"end":20,"url":null,"entity_id":"Q2736","candidates":[]}]],[[{"start":0,"end":18,"url":null,"entity_id":"Q489240","candidates":[]}],[],[{"start":0,"end":20,"url":null,"entity_id":"Q2736","candidates":[]}]],[[{"start":0,"end":17,"url":null,"entity_id":"Q485061","candidates":[]}],[],[{"start":0,"end":20,"url":null,"entity_id":"Q2736","candidates":[]}]],[[{"start":0,"end":28,"url":null,"entity_id":"Q482601","candidates":[]}],[],[{"start":0,"end":20,"url":null,"entity_id":"Q2736","candidates":[]}]],[[{"start":0,"end":25,"url":null,"entity_id":"Q482598","candidates":[]}],[],[{"start":0,"end":20,"url":null,"entity_id":"Q2736","candidates":[]}]],[[{"start":0,"end":24,"url":null,"entity_id":"Q482589","candidates":[]}],[],[{"start":0,"end":20,"url":null,"entity_id":"Q2736","candidates":[]}]],[[{"start":0,"end":15,"url":null,"entity_id":"Q495938","candidates":[]}],[],[{"start":0,"end":9,"url":null,"entity_id":"Q7291","candidates":[]}]]]}