{"version":"1.2","table":{"version":"2","table_id":"HJHB9PCB","columns":[{"index":0,"name":"col0","values":["IMO 7006819","Mf Ærøskøbing","HSC Normandie Express","MS Spirit of Britain","Schussen","MV Le Joola","MS Stena Jutlandica","Ikarus Palace","Fontainebleau","MV Salem Express","Copenhagen","IMO 7346960","Bolmsöleden","M/S Berlin","Color Magic","Gabriella","IMO 8916607","MS Stena Spirit","Adler I","SS Königin Luise"]},{"index":1,"name":"col1","values":["4.97","2.59","3.43","6.55","1.75","3.1","6","6.8","1.97","4.92","5.4","4.5","0.7","5","6.8","6.4","6.7","6.75","2.2","3.3"]},{"index":2,"name":"col2","values":["17.07","13.1","26.6","30.8","12.54","12.5","29.3","25.8","13.4","17.84","14.6","17.7","7","24.8","35","28.2","27","30.8","5","12.2"]}]},"context":{"page_title":null,"page_url":null,"page_entity_id":null,"content_hierarchy":[]},"links":[[[{"start":0,"end":13,"url":null,"entity_id":"Q3467055","candidates":[]}],[],[]],[[{"start":0,"end":21,"url":null,"entity_id":"Q3343882","candidates":[]}],[],[]],[[{"start":0,"end":20,"url":null,"entity_id":"Q3028726","candidates":[]}],[],[]],[[{"start":0,"end":8,"url":null,"entity_id":"Q2252043","candidates":[]}],[],[]],[[{"start":0,"end":11,"url":null,"entity_id":"Q1809940","candidates":[]}],[],[]],[[{"start":0,"end":19,"url":null,"entity_id":"Q1777359","candidates":[]}],[],[]],[[{"start":0,"end":13,"url":null,"entity_id":"Q1658076","candidates":[]}],[],[]],[[{"start":0,"end":13,"url":null,"entity_id":"Q1435784","candidates":[]}],[],[]],[[{"start":0,"end":16,"url":null,"entity_id":"Q1417751","candidates":[]}],[],[]],[[{"start":0,"end":10,"url":null,"entity_id":"Q1130987","candidates":[]}],[],[]],[[{"start":0,"end":11,"url":null,"entity_id":"Q1114482","candidates":[]}],[],[]],[[{"start":0,"end":11,"url":null,"entity_id":"Q891513","candidates":[]}],[],[]],[[{"start":0,"end":10,"url":null,"entity_id":"Q821232","candidates":[]}],[],[]],[[{"start":0,"end":11,"url":null,"entity_id":"Q688991","candidates":[]}],[],[]],[[{"start":0,"end":9,"url":null,"entity_id":"Q655489","candidates":[]}],[],[]],[[{"start":0,"end":11,"url":null,"entity_id":"Q636783","candidates":[]}],[],[]],[[{"start":0,"end":15,"url":null,"entity_id":"Q553675","candidates":[]}],[],[]],[[{"start":0,"end":7,"url":null,"entity_id":"Q358179","candidates":[]}],[],[]],[[{"start":0,"end":16,"url":null,"entity_id":"Q324814","candidates":[]}],[],[]],[[{"start":0,"end":11,"url":null,"entity_id":"Q3715893","candidates":[]}],[],[]]]}