{"version":"1.2","table":{"version":"2","table_id":"HLWOXOSX","columns":[{"index":0,"name":"col0","values":["OEDA 1359187","LED 133640","EVCF 2079","LED 39260","MCG+09023-050","2dFIRS TGN19Z118","ESO 53-23","MCG-05-01-04","MC-05-01-020","CG+07-34-035","3MFGC 15208","2MASX J1110209+223105","VGC 78:4","2MASX J1125537+2347053","MCG-04-32-016","LEDA 136807","LEDA 3347","ECC 298","2dFGRS TG320Z113","UGC 12450"]},{"index":1,"name":"col1","values":["Virgo","Virgo","Virgo","Virgo","Ursa Major","Leo","Piscis Austrinus","Sculptor","Sculptor","Hercules","Hercules","Leo","Canes Venatici","Leo","Virgo","Virgo","Leo","Virgo","Virgo","Pegasus"]},{"index":2,"name":"col2","values":["Virgo Cluster","Virgo Cluster","Virgo Cluster","Virgo Cluster","ZwCl 1406+5513","2PIGG n1413","[T2015] nest 200629","[T2015] nest 200492","[CHM2007] LDC 1599","Abell 2199","Abell 2199","[T2015] nest 100511","[TSK2008] 209","[SPD2011] 56178","[CHM2007] HDC 721","NGC 4636","Virgo Cluster","Virgo Cluster","Virgo Cluster","[T2015] nest 200505"]},{"index":3,"name":"col3","values":["9.076888","10.651726301999998","10.551189024","8.33139171","55.845549850000005","-4.3498538336","-27.4372394973","-30.07876116033226","-30.6251719722","41.25385","42.2924602418","22.585614179999997","40.325242607999996","23.998888425","-8.486012487841707","0.986296","11.838646463999998","4.630595413","0.103494582","16.883312328798915"]}]},"context":{"page_title":null,"page_url":null,"page_entity_id":null,"content_hierarchy":[]},"links":[[[{"start":0,"end":10,"url":null,"entity_id":"Q76651865","candidates":[]}],[{"start":0,"end":5,"url":null,"entity_id":"Q8842","candidates":[]}],[{"start":0,"end":13,"url":null,"entity_id":"Q271818","candidates":[]}],[]],[[{"start":0,"end":9,"url":null,"entity_id":"Q76651595","candidates":[]}],[{"start":0,"end":5,"url":null,"entity_id":"Q8842","candidates":[]}],[{"start":0,"end":13,"url":null,"entity_id":"Q271818","candidates":[]}],[]],[[{"start":0,"end":9,"url":null,"entity_id":"Q76648571","candidates":[]}],[{"start":0,"end":5,"url":null,"entity_id":"Q8842","candidates":[]}],[{"start":0,"end":13,"url":null,"entity_id":"Q271818","candidates":[]}],[]],[[{"start":0,"end":13,"url":null,"entity_id":"Q78202597","candidates":[]}],[{"start":0,"end":10,"url":null,"entity_id":"Q8918","candidates":[]}],[{"start":0,"end":14,"url":null,"entity_id":"Q78202564","candidates":[]}],[]],[[{"start":0,"end":16,"url":null,"entity_id":"Q78275749","candidates":[]}],[{"start":0,"end":3,"url":null,"entity_id":"Q8853","candidates":[]}],[{"start":0,"end":11,"url":null,"entity_id":"Q67846446","candidates":[]}],[]],[[{"start":0,"end":9,"url":null,"entity_id":"Q77898770","candidates":[]}],[{"start":0,"end":16,"url":null,"entity_id":"Q10409","candidates":[]}],[{"start":0,"end":19,"url":null,"entity_id":"Q67794137","candidates":[]}],[]],[[{"start":0,"end":12,"url":null,"entity_id":"Q77894719","candidates":[]}],[{"start":0,"end":8,"url":null,"entity_id":"Q9286","candidates":[]}],[{"start":0,"end":19,"url":null,"entity_id":"Q67793857","candidates":[]}],[]],[[{"start":0,"end":12,"url":null,"entity_id":"Q77899540","candidates":[]}],[{"start":0,"end":8,"url":null,"entity_id":"Q9286","candidates":[]}],[{"start":0,"end":18,"url":null,"entity_id":"Q67624556","candidates":[]}],[]],[[{"start":0,"end":12,"url":null,"entity_id":"Q78266149","candidates":[]}],[{"start":0,"end":8,"url":null,"entity_id":"Q10448","candidates":[]}],[{"start":0,"end":10,"url":null,"entity_id":"Q2821545","candidates":[]}],[]],[[{"start":0,"end":11,"url":null,"entity_id":"Q78265052","candidates":[]}],[{"start":0,"end":8,"url":null,"entity_id":"Q10448","candidates":[]}],[{"start":0,"end":10,"url":null,"entity_id":"Q2821545","candidates":[]}],[]],[[{"start":0,"end":21,"url":null,"entity_id":"Q81813257","candidates":[]}],[{"start":0,"end":3,"url":null,"entity_id":"Q8853","candidates":[]}],[{"start":0,"end":19,"url":null,"entity_id":"Q78805755","candidates":[]}],[]],[[{"start":0,"end":8,"url":null,"entity_id":"Q78764075","candidates":[]}],[{"start":0,"end":14,"url":null,"entity_id":"Q10452","candidates":[]}],[{"start":0,"end":13,"url":null,"entity_id":"Q77632128","candidates":[]}],[]],[[{"start":0,"end":22,"url":null,"entity_id":"Q81813624","candidates":[]}],[{"start":0,"end":3,"url":null,"entity_id":"Q8853","candidates":[]}],[{"start":0,"end":15,"url":null,"entity_id":"Q67759153","candidates":[]}],[]],[[{"start":0,"end":13,"url":null,"entity_id":"Q78763101","candidates":[]}],[{"start":0,"end":5,"url":null,"entity_id":"Q8842","candidates":[]}],[{"start":0,"end":17,"url":null,"entity_id":"Q67623510","candidates":[]}],[]],[[{"start":0,"end":11,"url":null,"entity_id":"Q78768644","candidates":[]}],[{"start":0,"end":5,"url":null,"entity_id":"Q8842","candidates":[]}],[{"start":0,"end":8,"url":null,"entity_id":"Q761880","candidates":[]}],[]],[[{"start":0,"end":9,"url":null,"entity_id":"Q81817571","candidates":[]}],[{"start":0,"end":3,"url":null,"entity_id":"Q8853","candidates":[]}],[{"start":0,"end":13,"url":null,"entity_id":"Q271818","candidates":[]}],[]],[[{"start":0,"end":7,"url":null,"entity_id":"Q81871919","candidates":[]}],[{"start":0,"end":5,"url":null,"entity_id":"Q8842","candidates":[]}],[{"start":0,"end":13,"url":null,"entity_id":"Q271818","candidates":[]}],[]],[[{"start":0,"end":16,"url":null,"entity_id":"Q78763531","candidates":[]}],[{"start":0,"end":5,"url":null,"entity_id":"Q8842","candidates":[]}],[{"start":0,"end":13,"url":null,"entity_id":"Q271818","candidates":[]}],[]],[[{"start":0,"end":9,"url":null,"entity_id":"Q77046740","candidates":[]}],[{"start":0,"end":7,"url":null,"entity_id":"Q8864","candidates":[]}],[{"start":0,"end":19,"url":null,"entity_id":"Q67793885","candidates":[]}],[]],[[{"start":0,"end":12,"url":null,"entity_id":"Q76655090","candidates":[]}],[{"start":0,"end":5,"url":null,"entity_id":"Q8842","candidates":[]}],[{"start":0,"end":13,"url":null,"entity_id":"Q271818","candidates":[]}],[]]]}