{"version":"1.2","table":{"version":"2","table_id":"HNQ8JQ1L","columns":[{"index":0,"name":"col0","values":["OFFIS","Max Planck Institute for the Physics of Complex Systems","Max Delbrück Center for Molecular Medicine","Lebedev Physical Institute","National Aerospace Laboratory","NLR Air Transport Safety Institute","Netherlands Institute for Space Research","Physikalisch-Technische Bundesanstalt","European Food Safety Authority","German Historical Institute in Rome","Northwestern University","German Academy of Sciences at Berlin","Fraunhofer Society","German Aerospace Center","European Southern Observatory","Central Aerohydrodynamic Institute","School for Advanced Studies in the Social Sciences","CERN","National Science Foundation","Lyndon B. Johnson Space Center"]},{"index":1,"name":"col1","values":["1991-01-01","1992-11-01","1992-01-01","1934-01-01","1919-01-01","2007-01-01","1983-01-01","1887-01-01","2002-02-21","1888-01-01","1851-01-01","1946-01-01","1949-03-26","1907-01-01","1962-01-01","1918-12-01","1975-01-23","1954-09-29","1950-05-10","1961-11-01"]},{"index":2,"name":"col2","values":["Germany","Germany","Germany","Russia","Netherlands","Netherlands","Netherlands","Germany","Italy","Italy","United States of America","German Democratic Republic","Germany","Germany","Germany","Russia","France","Switzerland","United States of America","United States of America"]},{"index":3,"name":"col3","values":["262","91","1600","1600","600","32","200","1900","435","53","2500","24000","24000","8000","730","4490","750","2500","2100","3200"]}]},"context":{"page_title":null,"page_url":null,"page_entity_id":null,"content_hierarchy":[]},"links":[[[{"start":0,"end":55,"url":null,"entity_id":"Q1912086","candidates":[]}],[],[{"start":0,"end":7,"url":null,"entity_id":"Q183","candidates":[]}],[]],[[{"start":0,"end":42,"url":null,"entity_id":"Q1912019","candidates":[]}],[],[{"start":0,"end":7,"url":null,"entity_id":"Q183","candidates":[]}],[]],[[{"start":0,"end":26,"url":null,"entity_id":"Q1810862","candidates":[]}],[],[{"start":0,"end":6,"url":null,"entity_id":"Q159","candidates":[]}],[]],[[{"start":0,"end":29,"url":null,"entity_id":"Q2103989","candidates":[]}],[],[{"start":0,"end":11,"url":null,"entity_id":"Q55","candidates":[]}],[]],[[{"start":0,"end":34,"url":null,"entity_id":"Q1853514","candidates":[]}],[],[{"start":0,"end":11,"url":null,"entity_id":"Q55","candidates":[]}],[]],[[{"start":0,"end":40,"url":null,"entity_id":"Q1840606","candidates":[]}],[],[{"start":0,"end":11,"url":null,"entity_id":"Q55","candidates":[]}],[]],[[{"start":0,"end":37,"url":null,"entity_id":"Q470438","candidates":[]}],[],[{"start":0,"end":7,"url":null,"entity_id":"Q183","candidates":[]}],[]],[[{"start":0,"end":30,"url":null,"entity_id":"Q516521","candidates":[]}],[],[{"start":0,"end":5,"url":null,"entity_id":"Q38","candidates":[]}],[]],[[{"start":0,"end":35,"url":null,"entity_id":"Q321341","candidates":[]}],[],[{"start":0,"end":5,"url":null,"entity_id":"Q38","candidates":[]}],[]],[[{"start":0,"end":23,"url":null,"entity_id":"Q309350","candidates":[]}],[],[{"start":0,"end":24,"url":null,"entity_id":"Q30","candidates":[]}],[]],[[{"start":0,"end":36,"url":null,"entity_id":"Q49738","candidates":[]}],[],[{"start":0,"end":26,"url":null,"entity_id":"Q16957","candidates":[]}],[]],[[{"start":0,"end":18,"url":null,"entity_id":"Q161057","candidates":[]}],[],[{"start":0,"end":7,"url":null,"entity_id":"Q183","candidates":[]}],[]],[[{"start":0,"end":23,"url":null,"entity_id":"Q157332","candidates":[]}],[],[{"start":0,"end":7,"url":null,"entity_id":"Q183","candidates":[]}],[]],[[{"start":0,"end":29,"url":null,"entity_id":"Q151991","candidates":[]}],[],[{"start":0,"end":7,"url":null,"entity_id":"Q183","candidates":[]}],[]],[[{"start":0,"end":34,"url":null,"entity_id":"Q190414","candidates":[]}],[],[{"start":0,"end":6,"url":null,"entity_id":"Q159","candidates":[]}],[]],[[{"start":0,"end":50,"url":null,"entity_id":"Q273518","candidates":[]}],[],[{"start":0,"end":6,"url":null,"entity_id":"Q142","candidates":[]}],[]],[[{"start":0,"end":4,"url":null,"entity_id":"Q42944","candidates":[]}],[],[{"start":0,"end":11,"url":null,"entity_id":"Q39","candidates":[]}],[]],[[{"start":0,"end":27,"url":null,"entity_id":"Q304878","candidates":[]}],[],[{"start":0,"end":24,"url":null,"entity_id":"Q30","candidates":[]}],[]],[[{"start":0,"end":30,"url":null,"entity_id":"Q208371","candidates":[]}],[],[{"start":0,"end":24,"url":null,"entity_id":"Q30","candidates":[]}],[]],[[{"start":0,"end":5,"url":null,"entity_id":"Q2007462","candidates":[]}],[],[{"start":0,"end":7,"url":null,"entity_id":"Q183","candidates":[]}],[]]]}