{"version":"1.2","table":{"version":"2","table_id":"HNV30LOU","columns":[{"index":0,"name":"col0","values":["X-99","Albin 25","French 600 Series submarines","Gurza-class boat","SD14","OK dinghy","Mangusta 165","Albin Vega","J/24","International 806","Inferno 29","H-boat","IF-boat","Knarr","Star","Melges 24","49er (dinghy)","470","29er","Zoom 8"]},{"index":1,"name":"col1","values":["3","2.6","5.2","4.8","20.42","1.42","9.2","2.46","2.72","2.33","2.5","2.18","2.25","2.12","1.73","2.49","2.743","127","1.77","1.45"]},{"index":2,"name":"col2","values":["1000","7.6","64","23","141","4","49.9","8.25","7.32","8.06","880","828","787","928","692","7.5","4.876","4.4","445","265"]}]},"context":{"page_title":null,"page_url":null,"page_entity_id":null,"content_hierarchy":[]},"links":[[[{"start":0,"end":8,"url":null,"entity_id":"Q10404342","candidates":[]}],[],[]],[[{"start":0,"end":28,"url":null,"entity_id":"Q5501670","candidates":[]}],[],[]],[[{"start":0,"end":16,"url":null,"entity_id":"Q12109059","candidates":[]}],[],[]],[[{"start":0,"end":4,"url":null,"entity_id":"Q2205620","candidates":[]}],[],[]],[[{"start":0,"end":9,"url":null,"entity_id":"Q1896106","candidates":[]}],[],[]],[[{"start":0,"end":12,"url":null,"entity_id":"Q1890269","candidates":[]}],[],[]],[[{"start":0,"end":10,"url":null,"entity_id":"Q1752674","candidates":[]}],[],[]],[[{"start":0,"end":4,"url":null,"entity_id":"Q1676446","candidates":[]}],[],[]],[[{"start":0,"end":17,"url":null,"entity_id":"Q1666297","candidates":[]}],[],[]],[[{"start":0,"end":10,"url":null,"entity_id":"Q1662367","candidates":[]}],[],[]],[[{"start":0,"end":6,"url":null,"entity_id":"Q1562449","candidates":[]}],[],[]],[[{"start":0,"end":7,"url":null,"entity_id":"Q449175","candidates":[]}],[],[]],[[{"start":0,"end":5,"url":null,"entity_id":"Q442120","candidates":[]}],[],[]],[[{"start":0,"end":4,"url":null,"entity_id":"Q381936","candidates":[]}],[],[]],[[{"start":0,"end":9,"url":null,"entity_id":"Q352420","candidates":[]}],[],[]],[[{"start":0,"end":13,"url":null,"entity_id":"Q238060","candidates":[]}],[],[]],[[{"start":0,"end":3,"url":null,"entity_id":"Q236090","candidates":[]}],[],[]],[[{"start":0,"end":4,"url":null,"entity_id":"Q221976","candidates":[]}],[],[]],[[{"start":0,"end":6,"url":null,"entity_id":"Q220291","candidates":[]}],[],[]],[[{"start":0,"end":4,"url":null,"entity_id":"Q10720774","candidates":[]}],[],[]]]}