{"version":"1.2","table":{"version":"2","table_id":"HO1GZVSO","columns":[{"index":0,"name":"col0","values":["2013 Okolo Slovenska","2012 Okolo Slovenska","2008 Okolo Slovenska","2017 Okolo Slovenska","2016 Okolo Slovenska","2015 Okolo Slovenska","2007 Okolo Slovenska","1999 Okolo Slovenska","1969 Okolo Slovenska","2011 Okolo Slovenska","2010 Okolo Slovenska","2006 Okolo Slovenska","2004 Okolo Slovenska","2001 Okolo Slovenska","1998 Okolo Slovenska","1968 Okolo Slovenska","2014 Okolo Slovenska","2009 Okolo Slovenska","2002 Okolo Slovenska","2000 Okolo Slovenska"]},{"index":1,"name":"col1","values":["2014 Okolo Slovenska","2013 Okolo Slovenska","2009 Okolo Slovenska","2018 Okolo Slovenska","2017 Okolo Slovenska","2016 Okolo Slovenska","2008 Okolo Slovenska","2000 Okolo Slovenska","1970 Okolo Slovenska","2012 Okolo Slovenska","2011 Okolo Slovenska","2007 Okolo Slovenska","2005 Okolo Slovenska","2002 Okolo Slovenska","1999 Okolo Slovenska","1969 Okolo Slovenska","2015 Okolo Slovenska","2010 Okolo Slovenska","2003 Okolo Slovenska","2001 Okolo Slovenska"]},{"index":2,"name":"col2","values":["road bicycle racing","road bicycle racing","road bicycle racing","road bicycle racing","road bicycle racing","road bicycle racing","road bicycle racing","road bicycle racing","road bicycle racing","road bicycle racing","road bicycle racing","road bicycle racing","road bicycle racing","road bicycle racing","road bicycle racing","road bicycle racing","road bicycle racing","road bicycle racing","road bicycle racing","road bicycle racing"]}]},"context":{"page_title":null,"page_url":null,"page_entity_id":null,"content_hierarchy":[]},"links":[[[{"start":0,"end":20,"url":null,"entity_id":"Q2217500","candidates":[]}],[{"start":0,"end":20,"url":null,"entity_id":"Q56612199","candidates":[]}],[{"start":0,"end":19,"url":null,"entity_id":"Q3609","candidates":[]}]],[[{"start":0,"end":20,"url":null,"entity_id":"Q3212580","candidates":[]}],[{"start":0,"end":20,"url":null,"entity_id":"Q56612197","candidates":[]}],[{"start":0,"end":19,"url":null,"entity_id":"Q3609","candidates":[]}]],[[{"start":0,"end":20,"url":null,"entity_id":"Q39054341","candidates":[]}],[{"start":0,"end":20,"url":null,"entity_id":"Q56442467","candidates":[]}],[{"start":0,"end":19,"url":null,"entity_id":"Q3609","candidates":[]}]],[[{"start":0,"end":20,"url":null,"entity_id":"Q24909243","candidates":[]}],[{"start":0,"end":20,"url":null,"entity_id":"Q39054341","candidates":[]}],[{"start":0,"end":19,"url":null,"entity_id":"Q3609","candidates":[]}]],[[{"start":0,"end":20,"url":null,"entity_id":"Q56612202","candidates":[]}],[{"start":0,"end":20,"url":null,"entity_id":"Q24909243","candidates":[]}],[{"start":0,"end":19,"url":null,"entity_id":"Q3609","candidates":[]}]],[[{"start":0,"end":20,"url":null,"entity_id":"Q2091158","candidates":[]}],[{"start":0,"end":20,"url":null,"entity_id":"Q3212580","candidates":[]}],[{"start":0,"end":19,"url":null,"entity_id":"Q3609","candidates":[]}]],[[{"start":0,"end":20,"url":null,"entity_id":"Q62123924","candidates":[]}],[{"start":0,"end":20,"url":null,"entity_id":"Q2341347","candidates":[]}],[{"start":0,"end":19,"url":null,"entity_id":"Q3609","candidates":[]}]],[[{"start":0,"end":20,"url":null,"entity_id":"Q62123894","candidates":[]}],[{"start":0,"end":20,"url":null,"entity_id":"Q2294524","candidates":[]}],[{"start":0,"end":19,"url":null,"entity_id":"Q3609","candidates":[]}]],[[{"start":0,"end":20,"url":null,"entity_id":"Q2186281","candidates":[]}],[{"start":0,"end":20,"url":null,"entity_id":"Q2217500","candidates":[]}],[{"start":0,"end":19,"url":null,"entity_id":"Q3609","candidates":[]}]],[[{"start":0,"end":20,"url":null,"entity_id":"Q56612198","candidates":[]}],[{"start":0,"end":20,"url":null,"entity_id":"Q2186281","candidates":[]}],[{"start":0,"end":19,"url":null,"entity_id":"Q3609","candidates":[]}]],[[{"start":0,"end":20,"url":null,"entity_id":"Q2176412","candidates":[]}],[{"start":0,"end":20,"url":null,"entity_id":"Q2091158","candidates":[]}],[{"start":0,"end":19,"url":null,"entity_id":"Q3609","candidates":[]}]],[[{"start":0,"end":20,"url":null,"entity_id":"Q2336423","candidates":[]}],[{"start":0,"end":20,"url":null,"entity_id":"Q2035127","candidates":[]}],[{"start":0,"end":19,"url":null,"entity_id":"Q3609","candidates":[]}]],[[{"start":0,"end":20,"url":null,"entity_id":"Q2373597","candidates":[]}],[{"start":0,"end":20,"url":null,"entity_id":"Q1865432","candidates":[]}],[{"start":0,"end":19,"url":null,"entity_id":"Q3609","candidates":[]}]],[[{"start":0,"end":20,"url":null,"entity_id":"Q62123923","candidates":[]}],[{"start":0,"end":20,"url":null,"entity_id":"Q62123924","candidates":[]}],[{"start":0,"end":19,"url":null,"entity_id":"Q3609","candidates":[]}]],[[{"start":0,"end":20,"url":null,"entity_id":"Q62123893","candidates":[]}],[{"start":0,"end":20,"url":null,"entity_id":"Q62123894","candidates":[]}],[{"start":0,"end":19,"url":null,"entity_id":"Q3609","candidates":[]}]],[[{"start":0,"end":20,"url":null,"entity_id":"Q56612201","candidates":[]}],[{"start":0,"end":20,"url":null,"entity_id":"Q56612202","candidates":[]}],[{"start":0,"end":19,"url":null,"entity_id":"Q3609","candidates":[]}]],[[{"start":0,"end":20,"url":null,"entity_id":"Q56612197","candidates":[]}],[{"start":0,"end":20,"url":null,"entity_id":"Q56612198","candidates":[]}],[{"start":0,"end":19,"url":null,"entity_id":"Q3609","candidates":[]}]],[[{"start":0,"end":20,"url":null,"entity_id":"Q1865432","candidates":[]}],[{"start":0,"end":20,"url":null,"entity_id":"Q2387756","candidates":[]}],[{"start":0,"end":19,"url":null,"entity_id":"Q3609","candidates":[]}]],[[{"start":0,"end":20,"url":null,"entity_id":"Q2341347","candidates":[]}],[{"start":0,"end":20,"url":null,"entity_id":"Q2373597","candidates":[]}],[{"start":0,"end":19,"url":null,"entity_id":"Q3609","candidates":[]}]],[[{"start":0,"end":20,"url":null,"entity_id":"Q56612199","candidates":[]}],[{"start":0,"end":20,"url":null,"entity_id":"Q56612201","candidates":[]}],[{"start":0,"end":19,"url":null,"entity_id":"Q3609","candidates":[]}]]]}