{"version":"1.2","table":{"version":"2","table_id":"HOCC1XMM","columns":[{"index":0,"name":"col0","values":["[SSA2010] 852","[SSA2010] 1941","[SSA2010] 1488","BCLMP 261","[SBG2007] 23","CBF 44","[JPB2009] 187.4336281+13.4262315","[JPB2009] 190.5009734+11.6233489","[JPB2009] 184.9511881+12.7908621","[JPB2009] 190.5091813+11.6240665","[JPB2009] 186.2903458+12.8840026","[LPZ2015] VCC2000GC-19","[JPB2009] 188.9270033+12.5580522","[WHB2007] GC0434","[WHB2007] GC0557","[WHB2007] GC0577","[WHB2007] GC0417","[SFH81] 1007","[SFH81] 1514","[PLP2016] 187.674048+12.403682"]},{"index":1,"name":"col1","values":["1.3288","0.4125","0.7083","0.4062","0.2581","2.9561","1.7997","0.465","0.0176","1.4535","1.865","2.8331","0.3856","1.2298","2.1339","0.7473","1.3301","1.5466","1.2646","0.672"]},{"index":2,"name":"col2","values":["23.2293700694899","23.5770915876419","23.4456209878009","23.2275043418655","23.589774598799","23.4083969077991","187.4336190113645","190.5007438423355","184.951183265829","190.5089579627983","186.2904164246553","191.1228256738081","188.9268672943369","201.4076997764844","201.7119770910521","201.2283882961176","201.1766223590236","187.6934546824527","187.6313683274289","187.6739871203134"]}]},"context":{"page_title":null,"page_url":null,"page_entity_id":null,"content_hierarchy":[]},"links":[[[{"start":0,"end":14,"url":null,"entity_id":"Q81371945","candidates":[]}],[],[]],[[{"start":0,"end":14,"url":null,"entity_id":"Q81370706","candidates":[]}],[],[]],[[{"start":0,"end":9,"url":null,"entity_id":"Q79513312","candidates":[]}],[],[]],[[{"start":0,"end":12,"url":null,"entity_id":"Q79494754","candidates":[]}],[],[]],[[{"start":0,"end":6,"url":null,"entity_id":"Q79490806","candidates":[]}],[],[]],[[{"start":0,"end":32,"url":null,"entity_id":"Q78356934","candidates":[]}],[],[]],[[{"start":0,"end":32,"url":null,"entity_id":"Q78353920","candidates":[]}],[],[]],[[{"start":0,"end":32,"url":null,"entity_id":"Q78353037","candidates":[]}],[],[]],[[{"start":0,"end":32,"url":null,"entity_id":"Q78352884","candidates":[]}],[],[]],[[{"start":0,"end":32,"url":null,"entity_id":"Q78351448","candidates":[]}],[],[]],[[{"start":0,"end":22,"url":null,"entity_id":"Q78351427","candidates":[]}],[],[]],[[{"start":0,"end":32,"url":null,"entity_id":"Q78349518","candidates":[]}],[],[]],[[{"start":0,"end":16,"url":null,"entity_id":"Q76595401","candidates":[]}],[],[]],[[{"start":0,"end":16,"url":null,"entity_id":"Q76594518","candidates":[]}],[],[]],[[{"start":0,"end":16,"url":null,"entity_id":"Q76594277","candidates":[]}],[],[]],[[{"start":0,"end":16,"url":null,"entity_id":"Q76594261","candidates":[]}],[],[]],[[{"start":0,"end":12,"url":null,"entity_id":"Q75534071","candidates":[]}],[],[]],[[{"start":0,"end":12,"url":null,"entity_id":"Q78322781","candidates":[]}],[],[]],[[{"start":0,"end":30,"url":null,"entity_id":"Q78322113","candidates":[]}],[],[]],[[{"start":0,"end":13,"url":null,"entity_id":"Q81373380","candidates":[]}],[],[]]]}