{"version":"1.2","table":{"version":"2","table_id":"HOV6V9X4","columns":[{"index":0,"name":"col0","values":["Evansville Thunder","Ferrol CB","Ginásio C.F.","Goldfields Giants","Erie Wave","Elitzur Ramla B.C.","Mogi das Cruzes Basquete","FSu Selfoss basketball","Elitzur Yavne B.C.","Gold Coast Rollers","Fuerza Regia","Druid City Dragons","Fort Wayne Hoosiers","Derby Trailblazers","Derby Storm","Fresno Flames","Final Gençlik","Des Moines Dragons","Fargo-Moorhead Beez","Florida Jades"]},{"index":1,"name":"col1","values":["United States of America","Spain","Portugal","Australia","United States of America","Israel","Brazil","Iceland","Israel","Australia","Mexico","United States of America","United States of America","United Kingdom","United Kingdom","United States of America","Turkey","United States of America","United States of America","United States of America"]},{"index":2,"name":"col2","values":["Evansville","Ferrol","Figueira da Foz","Kalgoorlie","Erie","Ramla","Mogi das Cruzes","Selfoss","Yavne","Gold Coast","Monterrey","Tuscaloosa","Fort Wayne","Derby","Derby","Fresno","Bursa","Des Moines","Fargo","Boca Raton"]}]},"context":{"page_title":null,"page_url":null,"page_entity_id":null,"content_hierarchy":[]},"links":[[[{"start":0,"end":9,"url":null,"entity_id":"Q5445430","candidates":[]}],[{"start":0,"end":5,"url":null,"entity_id":"Q29","candidates":[]}],[{"start":0,"end":6,"url":null,"entity_id":"Q485329","candidates":[]}]],[[{"start":0,"end":12,"url":null,"entity_id":"Q5563314","candidates":[]}],[{"start":0,"end":8,"url":null,"entity_id":"Q45","candidates":[]}],[{"start":0,"end":15,"url":null,"entity_id":"Q428459","candidates":[]}]],[[{"start":0,"end":17,"url":null,"entity_id":"Q5580142","candidates":[]}],[{"start":0,"end":9,"url":null,"entity_id":"Q408","candidates":[]}],[{"start":0,"end":10,"url":null,"entity_id":"Q329503","candidates":[]}]],[[{"start":0,"end":9,"url":null,"entity_id":"Q5388353","candidates":[]}],[{"start":0,"end":24,"url":null,"entity_id":"Q30","candidates":[]}],[{"start":0,"end":4,"url":null,"entity_id":"Q234061","candidates":[]}]],[[{"start":0,"end":18,"url":null,"entity_id":"Q5362005","candidates":[]}],[{"start":0,"end":6,"url":null,"entity_id":"Q801","candidates":[]}],[{"start":0,"end":5,"url":null,"entity_id":"Q221447","candidates":[]}]],[[{"start":0,"end":24,"url":null,"entity_id":"Q5612799","candidates":[]}],[{"start":0,"end":6,"url":null,"entity_id":"Q155","candidates":[]}],[{"start":0,"end":15,"url":null,"entity_id":"Q194332","candidates":[]}]],[[{"start":0,"end":22,"url":null,"entity_id":"Q5427175","candidates":[]}],[{"start":0,"end":7,"url":null,"entity_id":"Q189","candidates":[]}],[{"start":0,"end":7,"url":null,"entity_id":"Q192898","candidates":[]}]],[[{"start":0,"end":18,"url":null,"entity_id":"Q5362007","candidates":[]}],[{"start":0,"end":6,"url":null,"entity_id":"Q801","candidates":[]}],[{"start":0,"end":5,"url":null,"entity_id":"Q167677","candidates":[]}]],[[{"start":0,"end":18,"url":null,"entity_id":"Q5578650","candidates":[]}],[{"start":0,"end":9,"url":null,"entity_id":"Q408","candidates":[]}],[{"start":0,"end":10,"url":null,"entity_id":"Q140075","candidates":[]}]],[[{"start":0,"end":12,"url":null,"entity_id":"Q5507227","candidates":[]}],[{"start":0,"end":6,"url":null,"entity_id":"Q96","candidates":[]}],[{"start":0,"end":9,"url":null,"entity_id":"Q81033","candidates":[]}]],[[{"start":0,"end":18,"url":null,"entity_id":"Q5308979","candidates":[]}],[{"start":0,"end":24,"url":null,"entity_id":"Q30","candidates":[]}],[{"start":0,"end":10,"url":null,"entity_id":"Q79580","candidates":[]}]],[[{"start":0,"end":19,"url":null,"entity_id":"Q5472288","candidates":[]}],[{"start":0,"end":24,"url":null,"entity_id":"Q30","candidates":[]}],[{"start":0,"end":10,"url":null,"entity_id":"Q49268","candidates":[]}]],[[{"start":0,"end":18,"url":null,"entity_id":"Q5261518","candidates":[]}],[{"start":0,"end":14,"url":null,"entity_id":"Q145","candidates":[]}],[{"start":0,"end":5,"url":null,"entity_id":"Q43475","candidates":[]}]],[[{"start":0,"end":11,"url":null,"entity_id":"Q5261513","candidates":[]}],[{"start":0,"end":14,"url":null,"entity_id":"Q145","candidates":[]}],[{"start":0,"end":5,"url":null,"entity_id":"Q43475","candidates":[]}]],[[{"start":0,"end":13,"url":null,"entity_id":"Q5503180","candidates":[]}],[{"start":0,"end":24,"url":null,"entity_id":"Q30","candidates":[]}],[{"start":0,"end":6,"url":null,"entity_id":"Q43301","candidates":[]}]],[[{"start":0,"end":13,"url":null,"entity_id":"Q5449403","candidates":[]}],[{"start":0,"end":6,"url":null,"entity_id":"Q43","candidates":[]}],[{"start":0,"end":5,"url":null,"entity_id":"Q40738","candidates":[]}]],[[{"start":0,"end":18,"url":null,"entity_id":"Q5263517","candidates":[]}],[{"start":0,"end":24,"url":null,"entity_id":"Q30","candidates":[]}],[{"start":0,"end":10,"url":null,"entity_id":"Q39709","candidates":[]}]],[[{"start":0,"end":19,"url":null,"entity_id":"Q5435095","candidates":[]}],[{"start":0,"end":24,"url":null,"entity_id":"Q30","candidates":[]}],[{"start":0,"end":5,"url":null,"entity_id":"Q34109","candidates":[]}]],[[{"start":0,"end":13,"url":null,"entity_id":"Q5461485","candidates":[]}],[{"start":0,"end":24,"url":null,"entity_id":"Q30","candidates":[]}],[{"start":0,"end":10,"url":null,"entity_id":"Q29422","candidates":[]}]],[[{"start":0,"end":18,"url":null,"entity_id":"Q5416043","candidates":[]}],[{"start":0,"end":24,"url":null,"entity_id":"Q30","candidates":[]}],[{"start":0,"end":10,"url":null,"entity_id":"Q486459","candidates":[]}]]]}