{"version":"1.2","table":{"version":"2","table_id":"0WBTX8LY","columns":[{"index":0,"name":"col0","values":["Danish Cup","Israel State Cup","Turkish Cup","Emperor's Cup","Irish Cup","Cypriot Cup","Azerbaijan Cup","Armenian Independence Cup","Slovenian Football Cup","Emir of Qatar Cup","Swiss Cup","Copa del Rey","Scottish Cup","Luxembourg Cup","Coupe de France","FA Community Shield","DFB-Pokal","Taca de Portugal","FA Cup","Copa MX"]},{"index":1,"name":"col1","values":["association football","association football","association football","association football","association football","association football","association football","association football","association football","association football","association football","association football","association football","association football","association football","association football","association football","association football","association football","association football"]},{"index":2,"name":"col2","values":["spring","September","September","September","September","September","September","September","August","August","August","August","August","August","August","August","August","August","August","July"]},{"index":3,"name":"col3","values":["107","206","158","88","119","28","32","8","27","18","64","84","42","105","8264","2","64","156","737","27"]}]},"context":{"page_title":null,"page_url":null,"page_entity_id":null,"content_hierarchy":[]},"links":[[[{"start":0,"end":10,"url":null,"entity_id":"Q750605","candidates":[]}],[{"start":0,"end":20,"url":null,"entity_id":"Q2736","candidates":[]}],[{"start":0,"end":6,"url":null,"entity_id":"Q1312","candidates":[]}],[]],[[{"start":0,"end":16,"url":null,"entity_id":"Q1165593","candidates":[]}],[{"start":0,"end":20,"url":null,"entity_id":"Q2736","candidates":[]}],[{"start":0,"end":9,"url":null,"entity_id":"Q123","candidates":[]}],[]],[[{"start":0,"end":11,"url":null,"entity_id":"Q752145","candidates":[]}],[{"start":0,"end":20,"url":null,"entity_id":"Q2736","candidates":[]}],[{"start":0,"end":9,"url":null,"entity_id":"Q123","candidates":[]}],[]],[[{"start":0,"end":13,"url":null,"entity_id":"Q609289","candidates":[]}],[{"start":0,"end":20,"url":null,"entity_id":"Q2736","candidates":[]}],[{"start":0,"end":9,"url":null,"entity_id":"Q123","candidates":[]}],[]],[[{"start":0,"end":9,"url":null,"entity_id":"Q312419","candidates":[]}],[{"start":0,"end":20,"url":null,"entity_id":"Q2736","candidates":[]}],[{"start":0,"end":9,"url":null,"entity_id":"Q123","candidates":[]}],[]],[[{"start":0,"end":11,"url":null,"entity_id":"Q245970","candidates":[]}],[{"start":0,"end":20,"url":null,"entity_id":"Q2736","candidates":[]}],[{"start":0,"end":9,"url":null,"entity_id":"Q123","candidates":[]}],[]],[[{"start":0,"end":14,"url":null,"entity_id":"Q219177","candidates":[]}],[{"start":0,"end":20,"url":null,"entity_id":"Q2736","candidates":[]}],[{"start":0,"end":9,"url":null,"entity_id":"Q123","candidates":[]}],[]],[[{"start":0,"end":25,"url":null,"entity_id":"Q59834","candidates":[]}],[{"start":0,"end":20,"url":null,"entity_id":"Q2736","candidates":[]}],[{"start":0,"end":9,"url":null,"entity_id":"Q123","candidates":[]}],[]],[[{"start":0,"end":22,"url":null,"entity_id":"Q915956","candidates":[]}],[{"start":0,"end":20,"url":null,"entity_id":"Q2736","candidates":[]}],[{"start":0,"end":6,"url":null,"entity_id":"Q122","candidates":[]}],[]],[[{"start":0,"end":17,"url":null,"entity_id":"Q731753","candidates":[]}],[{"start":0,"end":20,"url":null,"entity_id":"Q2736","candidates":[]}],[{"start":0,"end":6,"url":null,"entity_id":"Q122","candidates":[]}],[]],[[{"start":0,"end":9,"url":null,"entity_id":"Q658806","candidates":[]}],[{"start":0,"end":20,"url":null,"entity_id":"Q2736","candidates":[]}],[{"start":0,"end":6,"url":null,"entity_id":"Q122","candidates":[]}],[]],[[{"start":0,"end":12,"url":null,"entity_id":"Q483794","candidates":[]}],[{"start":0,"end":20,"url":null,"entity_id":"Q2736","candidates":[]}],[{"start":0,"end":6,"url":null,"entity_id":"Q122","candidates":[]}],[]],[[{"start":0,"end":12,"url":null,"entity_id":"Q308822","candidates":[]}],[{"start":0,"end":20,"url":null,"entity_id":"Q2736","candidates":[]}],[{"start":0,"end":6,"url":null,"entity_id":"Q122","candidates":[]}],[]],[[{"start":0,"end":14,"url":null,"entity_id":"Q225230","candidates":[]}],[{"start":0,"end":20,"url":null,"entity_id":"Q2736","candidates":[]}],[{"start":0,"end":6,"url":null,"entity_id":"Q122","candidates":[]}],[]],[[{"start":0,"end":15,"url":null,"entity_id":"Q212412","candidates":[]}],[{"start":0,"end":20,"url":null,"entity_id":"Q2736","candidates":[]}],[{"start":0,"end":6,"url":null,"entity_id":"Q122","candidates":[]}],[]],[[{"start":0,"end":19,"url":null,"entity_id":"Q189188","candidates":[]}],[{"start":0,"end":20,"url":null,"entity_id":"Q2736","candidates":[]}],[{"start":0,"end":6,"url":null,"entity_id":"Q122","candidates":[]}],[]],[[{"start":0,"end":9,"url":null,"entity_id":"Q150880","candidates":[]}],[{"start":0,"end":20,"url":null,"entity_id":"Q2736","candidates":[]}],[{"start":0,"end":6,"url":null,"entity_id":"Q122","candidates":[]}],[]],[[{"start":0,"end":16,"url":null,"entity_id":"Q29224","candidates":[]}],[{"start":0,"end":20,"url":null,"entity_id":"Q2736","candidates":[]}],[{"start":0,"end":6,"url":null,"entity_id":"Q122","candidates":[]}],[]],[[{"start":0,"end":6,"url":null,"entity_id":"Q11151","candidates":[]}],[{"start":0,"end":20,"url":null,"entity_id":"Q2736","candidates":[]}],[{"start":0,"end":6,"url":null,"entity_id":"Q122","candidates":[]}],[]],[[{"start":0,"end":7,"url":null,"entity_id":"Q1130376","candidates":[]}],[{"start":0,"end":20,"url":null,"entity_id":"Q2736","candidates":[]}],[{"start":0,"end":4,"url":null,"entity_id":"Q121","candidates":[]}],[]]]}