{"version":"1.2","table":{"version":"2","table_id":"0XP73W2J","columns":[{"index":0,"name":"col0","values":["Uzhgorod Theological Academy","Tyndale University College and Seminary","Waterloo Lutheran Seminary","Jamia Nizamia","Major Seminary of Tunis","Master's College of Theology","Indiana Wesleyan University","Gordon–Conwell Theological Seminary","Interdenominational Theological Center","Lutheran Theological Southern Seminary","Columbia Bible College","Earlham School of Religion","Canadian Mennonite University","Buddhist and Pali University of Sri Lanka","Chicago Theological Seminary","International Islamic University","Abilene Christian University","Union Theological Seminary","Prairie College","Senate of Serampore College"]},{"index":1,"name":"col1","values":["Uzhhorod","Toronto","Ontario","Hyderabad","Tunis","Visakhapatnam","Marion","Massachusetts","Atlanta","South Carolina","British Columbia","Indiana","Manitoba","Colombo","Illinois","Islamabad","Texas","New York City","Three Hills","Hugli"]},{"index":2,"name":"col2","values":["Orthodox Church of Ukraine","Canadian Bureau for International Education","Association of Theological Schools in the United States and Canada","Sunni Islam","White Fathers","Senate of Serampore College","Council for Christian Colleges and Universities","Boston Theological Institute","Atlanta University Center","Evangelical Lutheran Church in America","Association for Biblical Higher Education","Association of Theological Schools in the United States and Canada","Association of Universities and Colleges of Canada","Association of Commonwealth Universities","University of Chicago","Higher Education Commission of Pakistan","Council for Christian Colleges and Universities","Columbia University","Council for Christian Colleges and Universities","University Grants Commission"]}]},"context":{"page_title":null,"page_url":null,"page_entity_id":null,"content_hierarchy":[]},"links":[[[{"start":0,"end":28,"url":null,"entity_id":"Q12163543","candidates":[]}],[{"start":0,"end":8,"url":null,"entity_id":"Q156711","candidates":[]}],[{"start":0,"end":26,"url":null,"entity_id":"Q59493657","candidates":[]}]],[[{"start":0,"end":39,"url":null,"entity_id":"Q13428647","candidates":[]}],[{"start":0,"end":7,"url":null,"entity_id":"Q172","candidates":[]}],[{"start":0,"end":43,"url":null,"entity_id":"Q5029789","candidates":[]}]],[[{"start":0,"end":26,"url":null,"entity_id":"Q7974252","candidates":[]}],[{"start":0,"end":7,"url":null,"entity_id":"Q1904","candidates":[]}],[{"start":0,"end":66,"url":null,"entity_id":"Q4071515","candidates":[]}]],[[{"start":0,"end":13,"url":null,"entity_id":"Q15727605","candidates":[]}],[{"start":0,"end":9,"url":null,"entity_id":"Q1361","candidates":[]}],[{"start":0,"end":11,"url":null,"entity_id":"Q483654","candidates":[]}]],[[{"start":0,"end":23,"url":null,"entity_id":"Q30646612","candidates":[]}],[{"start":0,"end":5,"url":null,"entity_id":"Q3572","candidates":[]}],[{"start":0,"end":13,"url":null,"entity_id":"Q278165","candidates":[]}]],[[{"start":0,"end":28,"url":null,"entity_id":"Q6784909","candidates":[]}],[{"start":0,"end":13,"url":null,"entity_id":"Q200016","candidates":[]}],[{"start":0,"end":27,"url":null,"entity_id":"Q7450032","candidates":[]}]],[[{"start":0,"end":27,"url":null,"entity_id":"Q6023698","candidates":[]}],[{"start":0,"end":6,"url":null,"entity_id":"Q286068","candidates":[]}],[{"start":0,"end":47,"url":null,"entity_id":"Q5176278","candidates":[]}]],[[{"start":0,"end":35,"url":null,"entity_id":"Q5586069","candidates":[]}],[{"start":0,"end":13,"url":null,"entity_id":"Q771","candidates":[]}],[{"start":0,"end":28,"url":null,"entity_id":"Q4948144","candidates":[]}]],[[{"start":0,"end":38,"url":null,"entity_id":"Q6046045","candidates":[]}],[{"start":0,"end":7,"url":null,"entity_id":"Q23556","candidates":[]}],[{"start":0,"end":25,"url":null,"entity_id":"Q4816174","candidates":[]}]],[[{"start":0,"end":38,"url":null,"entity_id":"Q6705748","candidates":[]}],[{"start":0,"end":14,"url":null,"entity_id":"Q1456","candidates":[]}],[{"start":0,"end":38,"url":null,"entity_id":"Q730726","candidates":[]}]],[[{"start":0,"end":22,"url":null,"entity_id":"Q5149619","candidates":[]}],[{"start":0,"end":16,"url":null,"entity_id":"Q1974","candidates":[]}],[{"start":0,"end":41,"url":null,"entity_id":"Q4809409","candidates":[]}]],[[{"start":0,"end":26,"url":null,"entity_id":"Q5326504","candidates":[]}],[{"start":0,"end":7,"url":null,"entity_id":"Q1415","candidates":[]}],[{"start":0,"end":66,"url":null,"entity_id":"Q4071515","candidates":[]}]],[[{"start":0,"end":29,"url":null,"entity_id":"Q5030319","candidates":[]}],[{"start":0,"end":8,"url":null,"entity_id":"Q1948","candidates":[]}],[{"start":0,"end":50,"url":null,"entity_id":"Q1346473","candidates":[]}]],[[{"start":0,"end":41,"url":null,"entity_id":"Q4984263","candidates":[]}],[{"start":0,"end":7,"url":null,"entity_id":"Q35381","candidates":[]}],[{"start":0,"end":40,"url":null,"entity_id":"Q593768","candidates":[]}]],[[{"start":0,"end":28,"url":null,"entity_id":"Q5095808","candidates":[]}],[{"start":0,"end":8,"url":null,"entity_id":"Q1204","candidates":[]}],[{"start":0,"end":21,"url":null,"entity_id":"Q131252","candidates":[]}]],[[{"start":0,"end":32,"url":null,"entity_id":"Q3918518","candidates":[]}],[{"start":0,"end":9,"url":null,"entity_id":"Q1362","candidates":[]}],[{"start":0,"end":39,"url":null,"entity_id":"Q6792583","candidates":[]}]],[[{"start":0,"end":28,"url":null,"entity_id":"Q1805145","candidates":[]}],[{"start":0,"end":5,"url":null,"entity_id":"Q1439","candidates":[]}],[{"start":0,"end":47,"url":null,"entity_id":"Q5176278","candidates":[]}]],[[{"start":0,"end":26,"url":null,"entity_id":"Q1196251","candidates":[]}],[{"start":0,"end":13,"url":null,"entity_id":"Q60","candidates":[]}],[{"start":0,"end":19,"url":null,"entity_id":"Q49088","candidates":[]}]],[[{"start":0,"end":15,"url":null,"entity_id":"Q7237816","candidates":[]}],[{"start":0,"end":11,"url":null,"entity_id":"Q1743795","candidates":[]}],[{"start":0,"end":47,"url":null,"entity_id":"Q5176278","candidates":[]}]],[[{"start":0,"end":27,"url":null,"entity_id":"Q7450032","candidates":[]}],[{"start":0,"end":5,"url":null,"entity_id":"Q410269","candidates":[]}],[{"start":0,"end":28,"url":null,"entity_id":"Q3345459","candidates":[]}]]]}