{"version":"1.2","table":{"version":"2","table_id":"0ZEN85MZ","columns":[{"index":0,"name":"col0","values":["Libby Township","Lake Hattie Township","Nelson Park Township","Madison Township","Kroschel Township","Lake Lillian Township","Maplewood Township","Lorain Township","Lake Shore Township","Lee Township","Lac qui Parle Township","Lakeside Township","Lucas Township","Manfred Township","Lake Alice Township","Mandt Township","Lake Fremont Township","Jones Township","Jevne Township","Kimberly Township"]},{"index":1,"name":"col1","values":["93.5","34.5","36.2","90.5","36","36.2","92.2","35.1","139.6","92.4","81.6","95.5","92.3","86.6","34.7","35.5","36","36","92.9","95.9"]},{"index":2,"name":"col2","values":["377","440","309","326","346","340","421","467","317","387","308","397","332","363","446","314","405","431","373","375"]},{"index":3,"name":"col3","values":["47","130","158","251","218","221","333","278","239","50","183","495","260","111","87","175","175","277","321","245"]}]},"context":{"page_title":null,"page_url":null,"page_entity_id":null,"content_hierarchy":[]},"links":[[[{"start":0,"end":14,"url":null,"entity_id":"Q1909450","candidates":[]}],[],[],[]],[[{"start":0,"end":20,"url":null,"entity_id":"Q1909389","candidates":[]}],[],[],[]],[[{"start":0,"end":20,"url":null,"entity_id":"Q1909347","candidates":[]}],[],[],[]],[[{"start":0,"end":16,"url":null,"entity_id":"Q1909124","candidates":[]}],[],[],[]],[[{"start":0,"end":17,"url":null,"entity_id":"Q1908944","candidates":[]}],[],[],[]],[[{"start":0,"end":21,"url":null,"entity_id":"Q1908796","candidates":[]}],[],[],[]],[[{"start":0,"end":18,"url":null,"entity_id":"Q1908711","candidates":[]}],[],[],[]],[[{"start":0,"end":15,"url":null,"entity_id":"Q1908692","candidates":[]}],[],[],[]],[[{"start":0,"end":19,"url":null,"entity_id":"Q1908671","candidates":[]}],[],[],[]],[[{"start":0,"end":12,"url":null,"entity_id":"Q1908621","candidates":[]}],[],[],[]],[[{"start":0,"end":22,"url":null,"entity_id":"Q1908507","candidates":[]}],[],[],[]],[[{"start":0,"end":17,"url":null,"entity_id":"Q1908495","candidates":[]}],[],[],[]],[[{"start":0,"end":14,"url":null,"entity_id":"Q1908427","candidates":[]}],[],[],[]],[[{"start":0,"end":16,"url":null,"entity_id":"Q1908395","candidates":[]}],[],[],[]],[[{"start":0,"end":19,"url":null,"entity_id":"Q1908186","candidates":[]}],[],[],[]],[[{"start":0,"end":14,"url":null,"entity_id":"Q1907677","candidates":[]}],[],[],[]],[[{"start":0,"end":21,"url":null,"entity_id":"Q1907666","candidates":[]}],[],[],[]],[[{"start":0,"end":14,"url":null,"entity_id":"Q1906547","candidates":[]}],[],[],[]],[[{"start":0,"end":14,"url":null,"entity_id":"Q1906513","candidates":[]}],[],[],[]],[[{"start":0,"end":17,"url":null,"entity_id":"Q1906011","candidates":[]}],[],[],[]]]}