{"version":"1.2","table":{"version":"2","table_id":"10826GCC","columns":[{"index":0,"name":"col0","values":["Apensen","Thedinghausen","Grafschaft Hoya","Sickte","Herzlake","Tostedt","Ostheide","Amelinghausen","Meinersen","Bardowick","Hambergen","Bersenbrück","Uelsen","Ilmenau","Artland","Isenbüttel","Esens","Bevensen-Ebstorf","Aue","Hankensbüttel"]},{"index":1,"name":"col1","values":["9139","15068","16878","10640","10319","26497","10428","8340","20515","17553","11819","29192","11242","10422","23107","15358","14265","26504","12525","9096"]},{"index":2,"name":"col2","values":["74.01","152.3","216","81.77","155.3","221.29","129.78","194.48","173.09","100.16","135","255.45","193","69.7","189.32","77.39","162.1","479.52","280","290.27"]}]},"context":{"page_title":null,"page_url":null,"page_entity_id":null,"content_hierarchy":[]},"links":[[[{"start":0,"end":7,"url":null,"entity_id":"Q488313","candidates":[]}],[],[]],[[{"start":0,"end":13,"url":null,"entity_id":"Q486813","candidates":[]}],[],[]],[[{"start":0,"end":15,"url":null,"entity_id":"Q486777","candidates":[]}],[],[]],[[{"start":0,"end":6,"url":null,"entity_id":"Q481618","candidates":[]}],[],[]],[[{"start":0,"end":8,"url":null,"entity_id":"Q481603","candidates":[]}],[],[]],[[{"start":0,"end":7,"url":null,"entity_id":"Q460518","candidates":[]}],[],[]],[[{"start":0,"end":8,"url":null,"entity_id":"Q460421","candidates":[]}],[],[]],[[{"start":0,"end":13,"url":null,"entity_id":"Q460380","candidates":[]}],[],[]],[[{"start":0,"end":9,"url":null,"entity_id":"Q460343","candidates":[]}],[],[]],[[{"start":0,"end":9,"url":null,"entity_id":"Q458287","candidates":[]}],[],[]],[[{"start":0,"end":9,"url":null,"entity_id":"Q455086","candidates":[]}],[],[]],[[{"start":0,"end":11,"url":null,"entity_id":"Q453990","candidates":[]}],[],[]],[[{"start":0,"end":6,"url":null,"entity_id":"Q453840","candidates":[]}],[],[]],[[{"start":0,"end":7,"url":null,"entity_id":"Q452774","candidates":[]}],[],[]],[[{"start":0,"end":7,"url":null,"entity_id":"Q450095","candidates":[]}],[],[]],[[{"start":0,"end":10,"url":null,"entity_id":"Q450057","candidates":[]}],[],[]],[[{"start":0,"end":5,"url":null,"entity_id":"Q450023","candidates":[]}],[],[]],[[{"start":0,"end":16,"url":null,"entity_id":"Q443974","candidates":[]}],[],[]],[[{"start":0,"end":3,"url":null,"entity_id":"Q443964","candidates":[]}],[],[]],[[{"start":0,"end":13,"url":null,"entity_id":"Q370304","candidates":[]}],[],[]]]}