{"version":"1.2","table":{"version":"2","table_id":"10F51LIY","columns":[{"index":0,"name":"col0","values":["Accra","Ceuta","Libreville","Rijeka","Melilla","Freetown","Maputo","Tripoli","Luanda","Busan","Iquique","Cape Town","Odessa","Hamburg","Tianjin","Jamestown","Marseille","Rotterdam","Genoa","Venice"]},{"index":1,"name":"col1","values":["Ghana","Spain","Gabon","Croatia","Spain","Sierra Leone","Mozambique","Libya","Angola","South Korea","Chile","South Africa","Ukraine","Germany","People's Republic of China","United Kingdom","France","Netherlands","Italy","Italy"]},{"index":2,"name":"col2","values":["The Nuttall Encyclopædia","The Nuttall Encyclopædia","Ottův slovník naučný","Ottův slovník naučný","Ottův slovník naučný","Brockhaus and Efron Encyclopedic Dictionary","Brockhaus and Efron Encyclopedic Dictionary","Brockhaus and Efron Encyclopedic Dictionary","Brockhaus and Efron Encyclopedic Dictionary","Brockhaus and Efron Encyclopedic Dictionary","Brockhaus and Efron Encyclopedic Dictionary","Brockhaus and Efron Encyclopedic Dictionary","Brockhaus and Efron Encyclopedic Dictionary","Brockhaus and Efron Encyclopedic Dictionary","Brockhaus and Efron Encyclopedic Dictionary","Brockhaus and Efron Encyclopedic Dictionary","Brockhaus and Efron Encyclopedic Dictionary","Brockhaus and Efron Encyclopedic Dictionary","Brockhaus and Efron Encyclopedic Dictionary","Brockhaus and Efron Encyclopedic Dictionary"]}]},"context":{"page_title":null,"page_url":null,"page_entity_id":null,"content_hierarchy":[]},"links":[[[{"start":0,"end":5,"url":null,"entity_id":"Q3761","candidates":[]}],[{"start":0,"end":5,"url":null,"entity_id":"Q117","candidates":[]}],[{"start":0,"end":24,"url":null,"entity_id":"Q3181656","candidates":[]}]],[[{"start":0,"end":5,"url":null,"entity_id":"Q5823","candidates":[]}],[{"start":0,"end":5,"url":null,"entity_id":"Q29","candidates":[]}],[{"start":0,"end":24,"url":null,"entity_id":"Q3181656","candidates":[]}]],[[{"start":0,"end":10,"url":null,"entity_id":"Q3825","candidates":[]}],[{"start":0,"end":5,"url":null,"entity_id":"Q1000","candidates":[]}],[{"start":0,"end":20,"url":null,"entity_id":"Q2041543","candidates":[]}]],[[{"start":0,"end":6,"url":null,"entity_id":"Q1647","candidates":[]}],[{"start":0,"end":7,"url":null,"entity_id":"Q224","candidates":[]}],[{"start":0,"end":20,"url":null,"entity_id":"Q2041543","candidates":[]}]],[[{"start":0,"end":7,"url":null,"entity_id":"Q5831","candidates":[]}],[{"start":0,"end":5,"url":null,"entity_id":"Q29","candidates":[]}],[{"start":0,"end":20,"url":null,"entity_id":"Q2041543","candidates":[]}]],[[{"start":0,"end":8,"url":null,"entity_id":"Q3780","candidates":[]}],[{"start":0,"end":12,"url":null,"entity_id":"Q1044","candidates":[]}],[{"start":0,"end":43,"url":null,"entity_id":"Q602358","candidates":[]}]],[[{"start":0,"end":6,"url":null,"entity_id":"Q3889","candidates":[]}],[{"start":0,"end":10,"url":null,"entity_id":"Q1029","candidates":[]}],[{"start":0,"end":43,"url":null,"entity_id":"Q602358","candidates":[]}]],[[{"start":0,"end":7,"url":null,"entity_id":"Q3579","candidates":[]}],[{"start":0,"end":5,"url":null,"entity_id":"Q1016","candidates":[]}],[{"start":0,"end":43,"url":null,"entity_id":"Q602358","candidates":[]}]],[[{"start":0,"end":6,"url":null,"entity_id":"Q3897","candidates":[]}],[{"start":0,"end":6,"url":null,"entity_id":"Q916","candidates":[]}],[{"start":0,"end":43,"url":null,"entity_id":"Q602358","candidates":[]}]],[[{"start":0,"end":5,"url":null,"entity_id":"Q16520","candidates":[]}],[{"start":0,"end":11,"url":null,"entity_id":"Q884","candidates":[]}],[{"start":0,"end":43,"url":null,"entity_id":"Q602358","candidates":[]}]],[[{"start":0,"end":7,"url":null,"entity_id":"Q14440","candidates":[]}],[{"start":0,"end":5,"url":null,"entity_id":"Q298","candidates":[]}],[{"start":0,"end":43,"url":null,"entity_id":"Q602358","candidates":[]}]],[[{"start":0,"end":9,"url":null,"entity_id":"Q5465","candidates":[]}],[{"start":0,"end":12,"url":null,"entity_id":"Q258","candidates":[]}],[{"start":0,"end":43,"url":null,"entity_id":"Q602358","candidates":[]}]],[[{"start":0,"end":6,"url":null,"entity_id":"Q1874","candidates":[]}],[{"start":0,"end":7,"url":null,"entity_id":"Q212","candidates":[]}],[{"start":0,"end":43,"url":null,"entity_id":"Q602358","candidates":[]}]],[[{"start":0,"end":7,"url":null,"entity_id":"Q1055","candidates":[]}],[{"start":0,"end":7,"url":null,"entity_id":"Q183","candidates":[]}],[{"start":0,"end":43,"url":null,"entity_id":"Q602358","candidates":[]}]],[[{"start":0,"end":7,"url":null,"entity_id":"Q11736","candidates":[]}],[{"start":0,"end":26,"url":null,"entity_id":"Q148","candidates":[]}],[{"start":0,"end":43,"url":null,"entity_id":"Q602358","candidates":[]}]],[[{"start":0,"end":9,"url":null,"entity_id":"Q30970","candidates":[]}],[{"start":0,"end":14,"url":null,"entity_id":"Q145","candidates":[]}],[{"start":0,"end":43,"url":null,"entity_id":"Q602358","candidates":[]}]],[[{"start":0,"end":9,"url":null,"entity_id":"Q23482","candidates":[]}],[{"start":0,"end":6,"url":null,"entity_id":"Q142","candidates":[]}],[{"start":0,"end":43,"url":null,"entity_id":"Q602358","candidates":[]}]],[[{"start":0,"end":9,"url":null,"entity_id":"Q34370","candidates":[]}],[{"start":0,"end":11,"url":null,"entity_id":"Q55","candidates":[]}],[{"start":0,"end":43,"url":null,"entity_id":"Q602358","candidates":[]}]],[[{"start":0,"end":5,"url":null,"entity_id":"Q1449","candidates":[]}],[{"start":0,"end":5,"url":null,"entity_id":"Q38","candidates":[]}],[{"start":0,"end":43,"url":null,"entity_id":"Q602358","candidates":[]}]],[[{"start":0,"end":6,"url":null,"entity_id":"Q641","candidates":[]}],[{"start":0,"end":5,"url":null,"entity_id":"Q38","candidates":[]}],[{"start":0,"end":43,"url":null,"entity_id":"Q602358","candidates":[]}]]]}