{"version":"1.2","table":{"version":"2","table_id":"113JGNU7","columns":[{"index":0,"name":"col0","values":["1970 NFL Draft","1937 NFL Draft","2001 NFL Draft","1998 NFL Draft","1992 NFL Draft","1990 NFL Draft","2005 NFL Draft","2007 NFL Draft","2003 NFL Draft","2008 NFL Draft","2015 NFL Draft","2014 NFL Draft","2013 NFL Draft","2012 NFL Draft","2011 NFL Draft","2006 NFL Draft","2004 NFL Draft","2002 NFL Draft","1993 NFL Draft","2010 NFL Draft"]},{"index":1,"name":"col1","values":["1969 NFL Draft","1936 NFL Draft","2000 NFL Draft","1997 NFL Draft","1991 NFL Draft","1989 NFL Draft","2004 NFL Draft","2006 NFL Draft","2002 NFL Draft","2007 NFL Draft","2014 NFL Draft","2013 NFL Draft","2012 NFL Draft","2011 NFL Draft","2010 NFL Draft","2005 NFL Draft","2003 NFL Draft","2001 NFL Draft","1992 NFL Draft","2009 NFL Draft"]},{"index":2,"name":"col2","values":["1970-01-01","1937-01-01","2001-01-01","1998-01-01","1992-01-01","1990-01-01","2005-01-01","2007-01-01","2003-01-01","2008-01-01","2015-01-01","2014-01-01","2013-01-01","2012-01-01","2011-01-01","2006-01-01","2004-01-01","2002-01-01","1993-01-01","2010-01-01"]}]},"context":{"page_title":null,"page_url":null,"page_entity_id":null,"content_hierarchy":[]},"links":[[[{"start":0,"end":14,"url":null,"entity_id":"Q4574087","candidates":[]}],[{"start":0,"end":14,"url":null,"entity_id":"Q4573607","candidates":[]}],[]],[[{"start":0,"end":14,"url":null,"entity_id":"Q4564055","candidates":[]}],[{"start":0,"end":14,"url":null,"entity_id":"Q4563833","candidates":[]}],[]],[[{"start":0,"end":14,"url":null,"entity_id":"Q3714945","candidates":[]}],[{"start":0,"end":14,"url":null,"entity_id":"Q3714943","candidates":[]}],[]],[[{"start":0,"end":14,"url":null,"entity_id":"Q3714941","candidates":[]}],[{"start":0,"end":14,"url":null,"entity_id":"Q3714939","candidates":[]}],[]],[[{"start":0,"end":14,"url":null,"entity_id":"Q3714933","candidates":[]}],[{"start":0,"end":14,"url":null,"entity_id":"Q3714932","candidates":[]}],[]],[[{"start":0,"end":14,"url":null,"entity_id":"Q1122216","candidates":[]}],[{"start":0,"end":14,"url":null,"entity_id":"Q3714930","candidates":[]}],[]],[[{"start":0,"end":14,"url":null,"entity_id":"Q3714948","candidates":[]}],[{"start":0,"end":14,"url":null,"entity_id":"Q3246876","candidates":[]}],[]],[[{"start":0,"end":14,"url":null,"entity_id":"Q434762","candidates":[]}],[{"start":0,"end":14,"url":null,"entity_id":"Q2447844","candidates":[]}],[]],[[{"start":0,"end":14,"url":null,"entity_id":"Q3714946","candidates":[]}],[{"start":0,"end":14,"url":null,"entity_id":"Q784760","candidates":[]}],[]],[[{"start":0,"end":14,"url":null,"entity_id":"Q434766","candidates":[]}],[{"start":0,"end":14,"url":null,"entity_id":"Q434762","candidates":[]}],[]],[[{"start":0,"end":14,"url":null,"entity_id":"Q16987467","candidates":[]}],[{"start":0,"end":14,"url":null,"entity_id":"Q4630245","candidates":[]}],[]],[[{"start":0,"end":14,"url":null,"entity_id":"Q4630245","candidates":[]}],[{"start":0,"end":14,"url":null,"entity_id":"Q4274173","candidates":[]}],[]],[[{"start":0,"end":14,"url":null,"entity_id":"Q4274173","candidates":[]}],[{"start":0,"end":14,"url":null,"entity_id":"Q3714952","candidates":[]}],[]],[[{"start":0,"end":14,"url":null,"entity_id":"Q3714952","candidates":[]}],[{"start":0,"end":14,"url":null,"entity_id":"Q3714950","candidates":[]}],[]],[[{"start":0,"end":14,"url":null,"entity_id":"Q3714950","candidates":[]}],[{"start":0,"end":14,"url":null,"entity_id":"Q3714949","candidates":[]}],[]],[[{"start":0,"end":14,"url":null,"entity_id":"Q2447844","candidates":[]}],[{"start":0,"end":14,"url":null,"entity_id":"Q3714948","candidates":[]}],[]],[[{"start":0,"end":14,"url":null,"entity_id":"Q3246876","candidates":[]}],[{"start":0,"end":14,"url":null,"entity_id":"Q3714946","candidates":[]}],[]],[[{"start":0,"end":14,"url":null,"entity_id":"Q784760","candidates":[]}],[{"start":0,"end":14,"url":null,"entity_id":"Q3714945","candidates":[]}],[]],[[{"start":0,"end":14,"url":null,"entity_id":"Q535216","candidates":[]}],[{"start":0,"end":14,"url":null,"entity_id":"Q3714933","candidates":[]}],[]],[[{"start":0,"end":14,"url":null,"entity_id":"Q3714949","candidates":[]}],[{"start":0,"end":14,"url":null,"entity_id":"Q2182447","candidates":[]}],[]]]}