{"version":"1.2","table":{"version":"2","table_id":"12FEHHLD","columns":[{"index":0,"name":"col0","values":["Olomouckë povídky","Uhythmas de Lvis de Camoes","Texst","pace, Inc.","Anarchism< A Documentary History of Libertarian Ideas","Galacic Empires","The Dark Brotherhood and\"Other Pieces","Quatk/4","Quar/3","Suark/2","Quark1","Subtreasusy of American Humor","Again, Dangeuous Visions","Humn?","Magic ip Ithkar 4","Gateu to Tomorrow","A Portait of Marginality","The SFWB Grand Masters, Volume 2","Th New Negro","Dangerous Viskons"]},{"index":1,"name":"col1","values":["anonymous","Luís de Camões","Mara Lee","James Alan Gardner","Robert Graham","Gardner Dozois","August Derleth","Samuel R. Delany","Samuel R. Delany","Samuel R. Delany","Samuel R. Delany","E. B. White","Harlan Ellison","Judith Merril","Andre Norton","various authors","Marianne Githens","Frederik Pohl","various authors","Harlan Ellison"]},{"index":2,"name":"col2","values":["Eduard Petrů","Gonçalo Coutinho, 2nd Count of Marialva","Magnus Bärtås","Julie E. Czerneda","Robert Graham","Gardner Dozois","August Derleth","Samuel R. Delany","Samuel R. Delany","Samuel R. Delany","Samuel R. Delany","E. B. White","Harlan Ellison","Judith Merril","Andre Norton","Andre Norton","Marianne Githens","Frederik Pohl","Alain LeRoy Locke","Harlan Ellison"]}]},"context":{"page_title":null,"page_url":null,"page_entity_id":null,"content_hierarchy":[]},"links":[[[{"start":0,"end":17,"url":null,"entity_id":"Q15962884","candidates":[]}],[{"start":0,"end":9,"url":null,"entity_id":"Q4233718","candidates":[]}],[{"start":0,"end":12,"url":null,"entity_id":"Q26831133","candidates":[]}]],[[{"start":0,"end":26,"url":null,"entity_id":"Q10361356","candidates":[]}],[{"start":0,"end":14,"url":null,"entity_id":"Q590","candidates":[]}],[{"start":0,"end":39,"url":null,"entity_id":"Q19895171","candidates":[]}]],[[{"start":0,"end":5,"url":null,"entity_id":"Q10694558","candidates":[]}],[{"start":0,"end":8,"url":null,"entity_id":"Q4353135","candidates":[]}],[{"start":0,"end":13,"url":null,"entity_id":"Q19463539","candidates":[]}]],[[{"start":0,"end":10,"url":null,"entity_id":"Q7572170","candidates":[]}],[{"start":0,"end":18,"url":null,"entity_id":"Q203068","candidates":[]}],[{"start":0,"end":17,"url":null,"entity_id":"Q15504879","candidates":[]}]],[[{"start":0,"end":53,"url":null,"entity_id":"Q4751619","candidates":[]}],[{"start":0,"end":13,"url":null,"entity_id":"Q15497662","candidates":[]}],[{"start":0,"end":13,"url":null,"entity_id":"Q15497662","candidates":[]}]],[[{"start":0,"end":15,"url":null,"entity_id":"Q5517796","candidates":[]}],[{"start":0,"end":14,"url":null,"entity_id":"Q720562","candidates":[]}],[{"start":0,"end":14,"url":null,"entity_id":"Q720562","candidates":[]}]],[[{"start":0,"end":37,"url":null,"entity_id":"Q7728919","candidates":[]}],[{"start":0,"end":14,"url":null,"entity_id":"Q509002","candidates":[]}],[{"start":0,"end":14,"url":null,"entity_id":"Q509002","candidates":[]}]],[[{"start":0,"end":7,"url":null,"entity_id":"Q7269157","candidates":[]}],[{"start":0,"end":16,"url":null,"entity_id":"Q438164","candidates":[]}],[{"start":0,"end":16,"url":null,"entity_id":"Q438164","candidates":[]}]],[[{"start":0,"end":6,"url":null,"entity_id":"Q7269155","candidates":[]}],[{"start":0,"end":16,"url":null,"entity_id":"Q438164","candidates":[]}],[{"start":0,"end":16,"url":null,"entity_id":"Q438164","candidates":[]}]],[[{"start":0,"end":7,"url":null,"entity_id":"Q7269154","candidates":[]}],[{"start":0,"end":16,"url":null,"entity_id":"Q438164","candidates":[]}],[{"start":0,"end":16,"url":null,"entity_id":"Q438164","candidates":[]}]],[[{"start":0,"end":6,"url":null,"entity_id":"Q7269153","candidates":[]}],[{"start":0,"end":16,"url":null,"entity_id":"Q438164","candidates":[]}],[{"start":0,"end":16,"url":null,"entity_id":"Q438164","candidates":[]}]],[[{"start":0,"end":29,"url":null,"entity_id":"Q7632255","candidates":[]}],[{"start":0,"end":11,"url":null,"entity_id":"Q361617","candidates":[]}],[{"start":0,"end":11,"url":null,"entity_id":"Q361617","candidates":[]}]],[[{"start":0,"end":24,"url":null,"entity_id":"Q4690992","candidates":[]}],[{"start":0,"end":14,"url":null,"entity_id":"Q311253","candidates":[]}],[{"start":0,"end":14,"url":null,"entity_id":"Q311253","candidates":[]}]],[[{"start":0,"end":5,"url":null,"entity_id":"Q5936807","candidates":[]}],[{"start":0,"end":13,"url":null,"entity_id":"Q276304","candidates":[]}],[{"start":0,"end":13,"url":null,"entity_id":"Q276304","candidates":[]}]],[[{"start":0,"end":17,"url":null,"entity_id":"Q6730935","candidates":[]}],[{"start":0,"end":12,"url":null,"entity_id":"Q235899","candidates":[]}],[{"start":0,"end":12,"url":null,"entity_id":"Q235899","candidates":[]}]],[[{"start":0,"end":17,"url":null,"entity_id":"Q28419248","candidates":[]}],[{"start":0,"end":15,"url":null,"entity_id":"Q2818964","candidates":[]}],[{"start":0,"end":12,"url":null,"entity_id":"Q235899","candidates":[]}]],[[{"start":0,"end":24,"url":null,"entity_id":"Q54717083","candidates":[]}],[{"start":0,"end":16,"url":null,"entity_id":"Q50380111","candidates":[]}],[{"start":0,"end":16,"url":null,"entity_id":"Q50380111","candidates":[]}]],[[{"start":0,"end":32,"url":null,"entity_id":"Q28403633","candidates":[]}],[{"start":0,"end":13,"url":null,"entity_id":"Q312641","candidates":[]}],[{"start":0,"end":13,"url":null,"entity_id":"Q312641","candidates":[]}]],[[{"start":0,"end":12,"url":null,"entity_id":"Q3988480","candidates":[]}],[{"start":0,"end":15,"url":null,"entity_id":"Q2818964","candidates":[]}],[{"start":0,"end":17,"url":null,"entity_id":"Q2120917","candidates":[]}]],[[{"start":0,"end":17,"url":null,"entity_id":"Q745250","candidates":[]}],[{"start":0,"end":14,"url":null,"entity_id":"Q311253","candidates":[]}],[{"start":0,"end":14,"url":null,"entity_id":"Q311253","candidates":[]}]]]}