{"version":"1.2","table":{"version":"2","table_id":"13I6V9JT","columns":[{"index":0,"name":"col0","values":["Theatre Museum","Center Jean Moulin","Intercultural Museum","Écomusée des monts du Forez","ecomuseum of Cuzals","Musée national de la coopération franco-américaine","Musée Pétrarque","Musée de la mode","Musée de la libération de Cherbourg-Octeville","Musée des tumulus de Bougon","Musée archéologique de l'Oise","Musée Raymond Lafage","Musée Mathon Durand","Vaurais Museum","Musée municipal de Tonnerre","Musée de l'abbaye Saint-Michel","Navy Museum","Musée municipal Urbain Cabrol (Villefranche-de-Rouergue, France)","Musée de Fontenay-le-Comte","Musée de la Vallée","Grimaldi-Castle Museum","Musée de l'archerie et du Valois","Villa-Musée Jean-Honoré Fragonard","The Provence Art and History Museum","Musée du pays d'Ussel","Musée des vins de Touraine","The Finnish Museum of Games","Musée aéronautique et spatial Safran","Saint-Étienne Mine Museum","Gaillac Museum of Fine Arts","Municipal Museum Yves Machelon","Aeroscopia","Musée municipal de Saint-Dizier","Musée Sobirats (Carpentras)","Musée des Beaux-Arts de Morlaix","Musée Fleury","musée d'Art naïf et d'Arts singuliers"]},{"index":1,"name":"col1","values":["Council of Europe Museum Prize","musée de France","Norwegian Museum of the Year","musée de France","musée de France","musée de France","musée de France","musée de France","musée de France","musée de France","musée de France","musée de France","musée de France","musée de France","musée de France","musée de France","musée de France","musée de France","musée de France","musée de France","musée de France","musée de France","musée de France","musée de France","musée de France","musée de France","The Dibner Award for Excellence in Museum Exhibits","label Tourisme et Handicap","musée de France","musée de France","musée de France","label Tourisme et Handicap","musée de France","musée de France","musée de France","musée de France","musée de France"]},{"index":2,"name":"col2","values":["Helsinki","Bordeaux","Oslo","Usson-en-Forez","Sauliac-sur-Célé","Blérancourt","Fontaine-de-Vaucluse","Marseille","Cherbourg-en-Cotentin","Bougon","Vendeuil-Caply","Lisle-sur-Tarn","Neufchâtel-en-Bray","Lavaur","Tonnerre","Gaillac","Honfleur","Villefranche-de-Rouergue","Fontenay-le-Comte","Barcelonnette","Cagnes-sur-Mer","Crépy-en-Valois","Grasse","Grasse","Ussel","Tours","Tampere","Réau","Saint-Étienne","Gaillac","Gannat","Blagnac","Saint-Dizier","Carpentras","Morlaix","Lodève","Laval"]}]},"context":{"page_title":null,"page_url":null,"page_entity_id":null,"content_hierarchy":[]},"links":[[[{"start":0,"end":14,"url":null,"entity_id":"Q18346788","candidates":[]}],[{"start":0,"end":30,"url":null,"entity_id":"Q20017440","candidates":[]}],[{"start":0,"end":8,"url":null,"entity_id":"Q1757","candidates":[]}]],[[{"start":0,"end":18,"url":null,"entity_id":"Q18324694","candidates":[]}],[{"start":0,"end":15,"url":null,"entity_id":"Q2275045","candidates":[]}],[{"start":0,"end":8,"url":null,"entity_id":"Q1479","candidates":[]}]],[[{"start":0,"end":20,"url":null,"entity_id":"Q18663554","candidates":[]}],[{"start":0,"end":28,"url":null,"entity_id":"Q10726633","candidates":[]}],[{"start":0,"end":4,"url":null,"entity_id":"Q585","candidates":[]}]],[[{"start":0,"end":27,"url":null,"entity_id":"Q36484761","candidates":[]}],[{"start":0,"end":15,"url":null,"entity_id":"Q2275045","candidates":[]}],[{"start":0,"end":14,"url":null,"entity_id":"Q1106328","candidates":[]}]],[[{"start":0,"end":19,"url":null,"entity_id":"Q23831235","candidates":[]}],[{"start":0,"end":15,"url":null,"entity_id":"Q2275045","candidates":[]}],[{"start":0,"end":16,"url":null,"entity_id":"Q1383888","candidates":[]}]],[[{"start":0,"end":50,"url":null,"entity_id":"Q24649468","candidates":[]}],[{"start":0,"end":15,"url":null,"entity_id":"Q2275045","candidates":[]}],[{"start":0,"end":11,"url":null,"entity_id":"Q669867","candidates":[]}]],[[{"start":0,"end":15,"url":null,"entity_id":"Q23936770","candidates":[]}],[{"start":0,"end":15,"url":null,"entity_id":"Q2275045","candidates":[]}],[{"start":0,"end":20,"url":null,"entity_id":"Q463304","candidates":[]}]],[[{"start":0,"end":16,"url":null,"entity_id":"Q23831215","candidates":[]}],[{"start":0,"end":15,"url":null,"entity_id":"Q2275045","candidates":[]}],[{"start":0,"end":9,"url":null,"entity_id":"Q23482","candidates":[]}]],[[{"start":0,"end":45,"url":null,"entity_id":"Q23718908","candidates":[]}],[{"start":0,"end":15,"url":null,"entity_id":"Q2275045","candidates":[]}],[{"start":0,"end":21,"url":null,"entity_id":"Q21008210","candidates":[]}]],[[{"start":0,"end":27,"url":null,"entity_id":"Q23780836","candidates":[]}],[{"start":0,"end":15,"url":null,"entity_id":"Q2275045","candidates":[]}],[{"start":0,"end":6,"url":null,"entity_id":"Q1144573","candidates":[]}]],[[{"start":0,"end":29,"url":null,"entity_id":"Q23726515","candidates":[]}],[{"start":0,"end":15,"url":null,"entity_id":"Q2275045","candidates":[]}],[{"start":0,"end":14,"url":null,"entity_id":"Q973570","candidates":[]}]],[[{"start":0,"end":20,"url":null,"entity_id":"Q23719045","candidates":[]}],[{"start":0,"end":15,"url":null,"entity_id":"Q2275045","candidates":[]}],[{"start":0,"end":14,"url":null,"entity_id":"Q687797","candidates":[]}]],[[{"start":0,"end":19,"url":null,"entity_id":"Q23727499","candidates":[]}],[{"start":0,"end":15,"url":null,"entity_id":"Q2275045","candidates":[]}],[{"start":0,"end":18,"url":null,"entity_id":"Q659248","candidates":[]}]],[[{"start":0,"end":14,"url":null,"entity_id":"Q23719035","candidates":[]}],[{"start":0,"end":15,"url":null,"entity_id":"Q2275045","candidates":[]}],[{"start":0,"end":6,"url":null,"entity_id":"Q514994","candidates":[]}]],[[{"start":0,"end":27,"url":null,"entity_id":"Q23641100","candidates":[]}],[{"start":0,"end":15,"url":null,"entity_id":"Q2275045","candidates":[]}],[{"start":0,"end":8,"url":null,"entity_id":"Q498854","candidates":[]}]],[[{"start":0,"end":30,"url":null,"entity_id":"Q23718997","candidates":[]}],[{"start":0,"end":15,"url":null,"entity_id":"Q2275045","candidates":[]}],[{"start":0,"end":7,"url":null,"entity_id":"Q343613","candidates":[]}]],[[{"start":0,"end":11,"url":null,"entity_id":"Q23719005","candidates":[]}],[{"start":0,"end":15,"url":null,"entity_id":"Q2275045","candidates":[]}],[{"start":0,"end":8,"url":null,"entity_id":"Q231720","candidates":[]}]],[[{"start":0,"end":64,"url":null,"entity_id":"Q23641266","candidates":[]}],[{"start":0,"end":15,"url":null,"entity_id":"Q2275045","candidates":[]}],[{"start":0,"end":24,"url":null,"entity_id":"Q213501","candidates":[]}]],[[{"start":0,"end":26,"url":null,"entity_id":"Q23727098","candidates":[]}],[{"start":0,"end":15,"url":null,"entity_id":"Q2275045","candidates":[]}],[{"start":0,"end":17,"url":null,"entity_id":"Q213497","candidates":[]}]],[[{"start":0,"end":18,"url":null,"entity_id":"Q23780756","candidates":[]}],[{"start":0,"end":15,"url":null,"entity_id":"Q2275045","candidates":[]}],[{"start":0,"end":13,"url":null,"entity_id":"Q207577","candidates":[]}]],[[{"start":0,"end":22,"url":null,"entity_id":"Q23780901","candidates":[]}],[{"start":0,"end":15,"url":null,"entity_id":"Q2275045","candidates":[]}],[{"start":0,"end":14,"url":null,"entity_id":"Q193832","candidates":[]}]],[[{"start":0,"end":32,"url":null,"entity_id":"Q23727088","candidates":[]}],[{"start":0,"end":15,"url":null,"entity_id":"Q2275045","candidates":[]}],[{"start":0,"end":15,"url":null,"entity_id":"Q182287","candidates":[]}]],[[{"start":0,"end":33,"url":null,"entity_id":"Q23793244","candidates":[]}],[{"start":0,"end":15,"url":null,"entity_id":"Q2275045","candidates":[]}],[{"start":0,"end":6,"url":null,"entity_id":"Q173705","candidates":[]}]],[[{"start":0,"end":35,"url":null,"entity_id":"Q23781118","candidates":[]}],[{"start":0,"end":15,"url":null,"entity_id":"Q2275045","candidates":[]}],[{"start":0,"end":6,"url":null,"entity_id":"Q173705","candidates":[]}]],[[{"start":0,"end":21,"url":null,"entity_id":"Q23641219","candidates":[]}],[{"start":0,"end":15,"url":null,"entity_id":"Q2275045","candidates":[]}],[{"start":0,"end":5,"url":null,"entity_id":"Q18101","candidates":[]}]],[[{"start":0,"end":26,"url":null,"entity_id":"Q23641216","candidates":[]}],[{"start":0,"end":15,"url":null,"entity_id":"Q2275045","candidates":[]}],[{"start":0,"end":5,"url":null,"entity_id":"Q288","candidates":[]}]],[[{"start":0,"end":27,"url":null,"entity_id":"Q21521631","candidates":[]}],[{"start":0,"end":50,"url":null,"entity_id":"Q60656042","candidates":[]}],[{"start":0,"end":7,"url":null,"entity_id":"Q40840","candidates":[]}]],[[{"start":0,"end":36,"url":null,"entity_id":"Q20971130","candidates":[]}],[{"start":0,"end":26,"url":null,"entity_id":"Q30282398","candidates":[]}],[{"start":0,"end":4,"url":null,"entity_id":"Q1456374","candidates":[]}]],[[{"start":0,"end":25,"url":null,"entity_id":"Q20738307","candidates":[]}],[{"start":0,"end":15,"url":null,"entity_id":"Q2275045","candidates":[]}],[{"start":0,"end":13,"url":null,"entity_id":"Q42716","candidates":[]}]],[[{"start":0,"end":27,"url":null,"entity_id":"Q15818207","candidates":[]}],[{"start":0,"end":15,"url":null,"entity_id":"Q2275045","candidates":[]}],[{"start":0,"end":7,"url":null,"entity_id":"Q343613","candidates":[]}]],[[{"start":0,"end":30,"url":null,"entity_id":"Q15818366","candidates":[]}],[{"start":0,"end":15,"url":null,"entity_id":"Q2275045","candidates":[]}],[{"start":0,"end":6,"url":null,"entity_id":"Q272347","candidates":[]}]],[[{"start":0,"end":10,"url":null,"entity_id":"Q15714017","candidates":[]}],[{"start":0,"end":26,"url":null,"entity_id":"Q30282398","candidates":[]}],[{"start":0,"end":7,"url":null,"entity_id":"Q271068","candidates":[]}]],[[{"start":0,"end":31,"url":null,"entity_id":"Q15818193","candidates":[]}],[{"start":0,"end":15,"url":null,"entity_id":"Q2275045","candidates":[]}],[{"start":0,"end":12,"url":null,"entity_id":"Q208310","candidates":[]}]],[[{"start":0,"end":27,"url":null,"entity_id":"Q15818398","candidates":[]}],[{"start":0,"end":15,"url":null,"entity_id":"Q2275045","candidates":[]}],[{"start":0,"end":10,"url":null,"entity_id":"Q202560","candidates":[]}]],[[{"start":0,"end":31,"url":null,"entity_id":"Q15818188","candidates":[]}],[{"start":0,"end":15,"url":null,"entity_id":"Q2275045","candidates":[]}],[{"start":0,"end":7,"url":null,"entity_id":"Q202368","candidates":[]}]],[[{"start":0,"end":12,"url":null,"entity_id":"Q15818378","candidates":[]}],[{"start":0,"end":15,"url":null,"entity_id":"Q2275045","candidates":[]}],[{"start":0,"end":6,"url":null,"entity_id":"Q198650","candidates":[]}]],[[{"start":0,"end":37,"url":null,"entity_id":"Q15818372","candidates":[]}],[{"start":0,"end":15,"url":null,"entity_id":"Q2275045","candidates":[]}],[{"start":0,"end":5,"url":null,"entity_id":"Q184154","candidates":[]}]]]}