{"version":"1.2","table":{"version":"2","table_id":"15P5FTRN","columns":[{"index":0,"name":"col0","values":["Chuxiong City","Enshi City","Yushu City","Linxiang","Hejin","Hongjiang","Yumen City","Arxan","Yanji","Longjing","Tumen","Dunhua","Helong","Haimen","Artux","Dingzhou","Wafangdian","Chibi City","Fujin","Liling"]},{"index":1,"name":"col1","values":["4482","3972","13462","1714","593","2279","13307","7409","1332","2592","1146.6","11957","5069","939","15697.78","1274","3793.5","1723","4097","2157"]},{"index":2,"name":"col2","values":["1779","420","3689","50","396","230","1507","1003","179","266","97","505","451","4.96","1303","58","121","67","62","80"]},{"index":3,"name":"col3","values":["588620","780000","120447","537500","395527","498100","159792","68311","513072","180307","128212","483811","197885","907598","240368","1165182","1024876","478410","470000","1060000"]}]},"context":{"page_title":null,"page_url":null,"page_entity_id":null,"content_hierarchy":[]},"links":[[[{"start":0,"end":13,"url":null,"entity_id":"Q1090087","candidates":[]}],[],[],[]],[[{"start":0,"end":10,"url":null,"entity_id":"Q1028110","candidates":[]}],[],[],[]],[[{"start":0,"end":10,"url":null,"entity_id":"Q1026088","candidates":[]}],[],[],[]],[[{"start":0,"end":8,"url":null,"entity_id":"Q1025442","candidates":[]}],[],[],[]],[[{"start":0,"end":5,"url":null,"entity_id":"Q769598","candidates":[]}],[],[],[]],[[{"start":0,"end":9,"url":null,"entity_id":"Q762724","candidates":[]}],[],[],[]],[[{"start":0,"end":10,"url":null,"entity_id":"Q729562","candidates":[]}],[],[],[]],[[{"start":0,"end":5,"url":null,"entity_id":"Q717743","candidates":[]}],[],[],[]],[[{"start":0,"end":5,"url":null,"entity_id":"Q713362","candidates":[]}],[],[],[]],[[{"start":0,"end":8,"url":null,"entity_id":"Q713327","candidates":[]}],[],[],[]],[[{"start":0,"end":5,"url":null,"entity_id":"Q713323","candidates":[]}],[],[],[]],[[{"start":0,"end":6,"url":null,"entity_id":"Q713307","candidates":[]}],[],[],[]],[[{"start":0,"end":6,"url":null,"entity_id":"Q699125","candidates":[]}],[],[],[]],[[{"start":0,"end":6,"url":null,"entity_id":"Q678701","candidates":[]}],[],[],[]],[[{"start":0,"end":5,"url":null,"entity_id":"Q668353","candidates":[]}],[],[],[]],[[{"start":0,"end":8,"url":null,"entity_id":"Q645183","candidates":[]}],[],[],[]],[[{"start":0,"end":10,"url":null,"entity_id":"Q616048","candidates":[]}],[],[],[]],[[{"start":0,"end":10,"url":null,"entity_id":"Q615021","candidates":[]}],[],[],[]],[[{"start":0,"end":5,"url":null,"entity_id":"Q614877","candidates":[]}],[],[],[]],[[{"start":0,"end":6,"url":null,"entity_id":"Q604609","candidates":[]}],[],[],[]]]}