{"version":"1.2","table":{"version":"2","table_id":"17E9I5KN","columns":[{"index":0,"name":"col0","values":["Messehallen","Harkesh Nagar Okhla","Dwarka Sector 14","Misasagi Station","Fukiage Station","Ishida Station","Langenhorn Nord","Golf Course","Ghitorni","Massachusetts Avenue station","Kuinabashi Station","Kujō Station","Taishō Station","Uhlandstraße","Dwarka Sector 13","Ohlstedt","Van Dorn Street Station","Eungbong Station","UAE Exchange","Ashok Park Main"]},{"index":1,"name":"col1","values":["11000","6303","5871","6197","6157","6506","5300","5681","5388","5248","5711","5047","5690","5000","3457","3500","3052","1902","4000","4027"]},{"index":2,"name":"col2","values":["2","2","2","4","2","2","2","2","2","2","2","2","4","2","2","2","2","2","2","2"]}]},"context":{"page_title":null,"page_url":null,"page_entity_id":null,"content_hierarchy":[]},"links":[[[{"start":0,"end":11,"url":null,"entity_id":"Q275505","candidates":[]}],[],[]],[[{"start":0,"end":19,"url":null,"entity_id":"Q7081967","candidates":[]}],[],[]],[[{"start":0,"end":16,"url":null,"entity_id":"Q5317948","candidates":[]}],[],[]],[[{"start":0,"end":16,"url":null,"entity_id":"Q2470158","candidates":[]}],[],[]],[[{"start":0,"end":15,"url":null,"entity_id":"Q858820","candidates":[]}],[],[]],[[{"start":0,"end":14,"url":null,"entity_id":"Q774204","candidates":[]}],[],[]],[[{"start":0,"end":15,"url":null,"entity_id":"Q15851862","candidates":[]}],[],[]],[[{"start":0,"end":11,"url":null,"entity_id":"Q7047598","candidates":[]}],[],[]],[[{"start":0,"end":8,"url":null,"entity_id":"Q5556767","candidates":[]}],[],[]],[[{"start":0,"end":28,"url":null,"entity_id":"Q3672576","candidates":[]}],[],[]],[[{"start":0,"end":18,"url":null,"entity_id":"Q2580165","candidates":[]}],[],[]],[[{"start":0,"end":12,"url":null,"entity_id":"Q2044602","candidates":[]}],[],[]],[[{"start":0,"end":14,"url":null,"entity_id":"Q1131158","candidates":[]}],[],[]],[[{"start":0,"end":12,"url":null,"entity_id":"Q617555","candidates":[]}],[],[]],[[{"start":0,"end":16,"url":null,"entity_id":"Q5317947","candidates":[]}],[],[]],[[{"start":0,"end":8,"url":null,"entity_id":"Q3881293","candidates":[]}],[],[]],[[{"start":0,"end":23,"url":null,"entity_id":"Q170852","candidates":[]}],[],[]],[[{"start":0,"end":16,"url":null,"entity_id":"Q58953","candidates":[]}],[],[]],[[{"start":0,"end":12,"url":null,"entity_id":"Q22948917","candidates":[]}],[],[]],[[{"start":0,"end":15,"url":null,"entity_id":"Q4207354","candidates":[]}],[],[]]]}