{"version":"1.2","table":{"version":"2","table_id":"19WZ3MX2","columns":[{"index":0,"name":"col0","values":["Quang Trung National Training Center","Mikhailovsky Artillery School","Menzel Bourguiba Naval Academy","Higher School of War","Escola de Comando e Estado-Maior do Exército","Szkoła Podchorążych Piechoty","Tashkent Higher All-Arms Command School","Combined Arms Academy of the Armed Forces of the Russian Federation","Royal Hospital School","Lycée militaire de Saint-Cyr","National War College","Defense Language Institute","United States Army Command and General Staff College","Royal Roads Military College","Chernihiv Higher Military Aviation School of Pilots","United Belarusian Military School","Tbilisi Higher Artillery Command School","Stavropol Higher military-Aviation School of pilots and navigators","Chelyabinsk Red Banner Military Aviation Institute of Navigators","United States Army Sniper School"]},{"index":1,"name":"col1","values":["Hóc Môn","Saint Petersburg","Menzel Bourguiba","Le Bardo","Urca","Ostrów Mazowiecka","Tashkent","Moscow","Ipswich","Maison royale de Saint-Louis","Roosevelt Hall","Presidio of Monterey, California","Fort Leavenworth","Hatley Park National Historic Site","Chernihiv","Minsk","Tbilisi","Stavropol","Chelyabinsk","Fort Benning"]},{"index":2,"name":"col2","values":["South Vietnam","Russian Empire","Tunisia","Tunisia","Brazil","Poland","Uzbekistan","Russia","United Kingdom","France","United States of America","United States of America","United States of America","Canada","Soviet Union","Soviet Union","Soviet Union","Russia","Russia","United States of America"]}]},"context":{"page_title":null,"page_url":null,"page_entity_id":null,"content_hierarchy":[]},"links":[[[{"start":0,"end":36,"url":null,"entity_id":"Q16480445","candidates":[]}],[{"start":0,"end":7,"url":null,"entity_id":"Q5875294","candidates":[]}],[{"start":0,"end":13,"url":null,"entity_id":"Q180573","candidates":[]}]],[[{"start":0,"end":29,"url":null,"entity_id":"Q15814223","candidates":[]}],[{"start":0,"end":16,"url":null,"entity_id":"Q656","candidates":[]}],[{"start":0,"end":14,"url":null,"entity_id":"Q34266","candidates":[]}]],[[{"start":0,"end":30,"url":null,"entity_id":"Q16506663","candidates":[]}],[{"start":0,"end":16,"url":null,"entity_id":"Q27435","candidates":[]}],[{"start":0,"end":7,"url":null,"entity_id":"Q948","candidates":[]}]],[[{"start":0,"end":20,"url":null,"entity_id":"Q16684287","candidates":[]}],[{"start":0,"end":8,"url":null,"entity_id":"Q27263","candidates":[]}],[{"start":0,"end":7,"url":null,"entity_id":"Q948","candidates":[]}]],[[{"start":0,"end":44,"url":null,"entity_id":"Q10274589","candidates":[]}],[{"start":0,"end":4,"url":null,"entity_id":"Q1898482","candidates":[]}],[{"start":0,"end":6,"url":null,"entity_id":"Q155","candidates":[]}]],[[{"start":0,"end":28,"url":null,"entity_id":"Q9351556","candidates":[]}],[{"start":0,"end":17,"url":null,"entity_id":"Q841352","candidates":[]}],[{"start":0,"end":6,"url":null,"entity_id":"Q36","candidates":[]}]],[[{"start":0,"end":39,"url":null,"entity_id":"Q52223","candidates":[]}],[{"start":0,"end":8,"url":null,"entity_id":"Q269","candidates":[]}],[{"start":0,"end":10,"url":null,"entity_id":"Q265","candidates":[]}]],[[{"start":0,"end":67,"url":null,"entity_id":"Q1152922","candidates":[]}],[{"start":0,"end":6,"url":null,"entity_id":"Q649","candidates":[]}],[{"start":0,"end":6,"url":null,"entity_id":"Q159","candidates":[]}]],[[{"start":0,"end":21,"url":null,"entity_id":"Q3445966","candidates":[]}],[{"start":0,"end":7,"url":null,"entity_id":"Q184775","candidates":[]}],[{"start":0,"end":14,"url":null,"entity_id":"Q145","candidates":[]}]],[[{"start":0,"end":28,"url":null,"entity_id":"Q3269133","candidates":[]}],[{"start":0,"end":28,"url":null,"entity_id":"Q153231","candidates":[]}],[{"start":0,"end":6,"url":null,"entity_id":"Q142","candidates":[]}]],[[{"start":0,"end":20,"url":null,"entity_id":"Q137269","candidates":[]}],[{"start":0,"end":14,"url":null,"entity_id":"Q7366445","candidates":[]}],[{"start":0,"end":24,"url":null,"entity_id":"Q30","candidates":[]}]],[[{"start":0,"end":26,"url":null,"entity_id":"Q1102209","candidates":[]}],[{"start":0,"end":32,"url":null,"entity_id":"Q734577","candidates":[]}],[{"start":0,"end":24,"url":null,"entity_id":"Q30","candidates":[]}]],[[{"start":0,"end":52,"url":null,"entity_id":"Q1115050","candidates":[]}],[{"start":0,"end":16,"url":null,"entity_id":"Q590879","candidates":[]}],[{"start":0,"end":24,"url":null,"entity_id":"Q30","candidates":[]}]],[[{"start":0,"end":28,"url":null,"entity_id":"Q2983870","candidates":[]}],[{"start":0,"end":34,"url":null,"entity_id":"Q5681707","candidates":[]}],[{"start":0,"end":6,"url":null,"entity_id":"Q16","candidates":[]}]],[[{"start":0,"end":51,"url":null,"entity_id":"Q4513575","candidates":[]}],[{"start":0,"end":9,"url":null,"entity_id":"Q157053","candidates":[]}],[{"start":0,"end":12,"url":null,"entity_id":"Q15180","candidates":[]}]],[[{"start":0,"end":33,"url":null,"entity_id":"Q4330399","candidates":[]}],[{"start":0,"end":5,"url":null,"entity_id":"Q2280","candidates":[]}],[{"start":0,"end":12,"url":null,"entity_id":"Q15180","candidates":[]}]],[[{"start":0,"end":39,"url":null,"entity_id":"Q4453144","candidates":[]}],[{"start":0,"end":7,"url":null,"entity_id":"Q994","candidates":[]}],[{"start":0,"end":12,"url":null,"entity_id":"Q15180","candidates":[]}]],[[{"start":0,"end":66,"url":null,"entity_id":"Q4439041","candidates":[]}],[{"start":0,"end":9,"url":null,"entity_id":"Q5206","candidates":[]}],[{"start":0,"end":6,"url":null,"entity_id":"Q159","candidates":[]}]],[[{"start":0,"end":64,"url":null,"entity_id":"Q4508701","candidates":[]}],[{"start":0,"end":11,"url":null,"entity_id":"Q906","candidates":[]}],[{"start":0,"end":6,"url":null,"entity_id":"Q159","candidates":[]}]],[[{"start":0,"end":32,"url":null,"entity_id":"Q4501975","candidates":[]}],[{"start":0,"end":12,"url":null,"entity_id":"Q1438462","candidates":[]}],[{"start":0,"end":24,"url":null,"entity_id":"Q30","candidates":[]}]]]}