{"version":"1.2","table":{"version":"2","table_id":"19XX80BD","columns":[{"index":0,"name":"col0","values":["Danylova mountain","Thunder Butte","Heiligenberg W von Hohenberg a. d. Eger","Dawson Butte","Bare Butte","Fairmont Butte","Bitsihuitsos Butte","Butte Saint Paul","Gregory Butte","Gilson Butte","Gregory Butte","Bears Ears","Fajada Butte","Tongue Butte","Boars Tusk","White Butte","Hump Butte","Deers Ears Butte","Black Horse Butte","Turtle Butte"]},{"index":1,"name":"col1","values":["Ukraine","United States of America","Germany","United States of America","United States of America","United States of America","United States of America","United States of America","United States of America","United States of America","United States of America","United States of America","United States of America","United States of America","United States of America","United States of America","United States of America","United States of America","United States of America","United States of America"]},{"index":2,"name":"col2","values":["Shumsk Raion","Ziebach County","Hohenberg an der Eger","Douglas County","Wichita County","Los Angeles County","Apache County","Bottineau County","Washington County","Emery County","San Juan County","San Juan County","New Mexico","Wyoming","Wyoming","South Dakota","South Dakota","South Dakota","South Dakota","South Dakota"]}]},"context":{"page_title":null,"page_url":null,"page_entity_id":null,"content_hierarchy":[]},"links":[[[{"start":0,"end":17,"url":null,"entity_id":"Q12099461","candidates":[]}],[{"start":0,"end":7,"url":null,"entity_id":"Q212","candidates":[]}],[{"start":0,"end":12,"url":null,"entity_id":"Q219268","candidates":[]}]],[[{"start":0,"end":13,"url":null,"entity_id":"Q3526050","candidates":[]}],[{"start":0,"end":24,"url":null,"entity_id":"Q30","candidates":[]}],[{"start":0,"end":14,"url":null,"entity_id":"Q198529","candidates":[]}]],[[{"start":0,"end":39,"url":null,"entity_id":"Q58462605","candidates":[]}],[{"start":0,"end":7,"url":null,"entity_id":"Q183","candidates":[]}],[{"start":0,"end":21,"url":null,"entity_id":"Q170405","candidates":[]}]],[[{"start":0,"end":12,"url":null,"entity_id":"Q28912631","candidates":[]}],[{"start":0,"end":24,"url":null,"entity_id":"Q30","candidates":[]}],[{"start":0,"end":14,"url":null,"entity_id":"Q115556","candidates":[]}]],[[{"start":0,"end":10,"url":null,"entity_id":"Q21196349","candidates":[]}],[{"start":0,"end":24,"url":null,"entity_id":"Q30","candidates":[]}],[{"start":0,"end":14,"url":null,"entity_id":"Q115433","candidates":[]}]],[[{"start":0,"end":14,"url":null,"entity_id":"Q18150588","candidates":[]}],[{"start":0,"end":24,"url":null,"entity_id":"Q30","candidates":[]}],[{"start":0,"end":18,"url":null,"entity_id":"Q104994","candidates":[]}]],[[{"start":0,"end":18,"url":null,"entity_id":"Q28912667","candidates":[]}],[{"start":0,"end":24,"url":null,"entity_id":"Q30","candidates":[]}],[{"start":0,"end":13,"url":null,"entity_id":"Q58771","candidates":[]}]],[[{"start":0,"end":16,"url":null,"entity_id":"Q49017258","candidates":[]}],[{"start":0,"end":24,"url":null,"entity_id":"Q30","candidates":[]}],[{"start":0,"end":16,"url":null,"entity_id":"Q29124","candidates":[]}]],[[{"start":0,"end":13,"url":null,"entity_id":"Q49033814","candidates":[]}],[{"start":0,"end":24,"url":null,"entity_id":"Q30","candidates":[]}],[{"start":0,"end":17,"url":null,"entity_id":"Q27240","candidates":[]}]],[[{"start":0,"end":12,"url":null,"entity_id":"Q49031526","candidates":[]}],[{"start":0,"end":24,"url":null,"entity_id":"Q30","candidates":[]}],[{"start":0,"end":12,"url":null,"entity_id":"Q26738","candidates":[]}]],[[{"start":0,"end":13,"url":null,"entity_id":"Q49033812","candidates":[]}],[{"start":0,"end":24,"url":null,"entity_id":"Q30","candidates":[]}],[{"start":0,"end":15,"url":null,"entity_id":"Q26622","candidates":[]}]],[[{"start":0,"end":10,"url":null,"entity_id":"Q19866300","candidates":[]}],[{"start":0,"end":24,"url":null,"entity_id":"Q30","candidates":[]}],[{"start":0,"end":15,"url":null,"entity_id":"Q26622","candidates":[]}]],[[{"start":0,"end":12,"url":null,"entity_id":"Q5431375","candidates":[]}],[{"start":0,"end":24,"url":null,"entity_id":"Q30","candidates":[]}],[{"start":0,"end":10,"url":null,"entity_id":"Q1522","candidates":[]}]],[[{"start":0,"end":12,"url":null,"entity_id":"Q18394750","candidates":[]}],[{"start":0,"end":24,"url":null,"entity_id":"Q30","candidates":[]}],[{"start":0,"end":7,"url":null,"entity_id":"Q1214","candidates":[]}]],[[{"start":0,"end":10,"url":null,"entity_id":"Q16984685","candidates":[]}],[{"start":0,"end":24,"url":null,"entity_id":"Q30","candidates":[]}],[{"start":0,"end":7,"url":null,"entity_id":"Q1214","candidates":[]}]],[[{"start":0,"end":11,"url":null,"entity_id":"Q25204317","candidates":[]}],[{"start":0,"end":24,"url":null,"entity_id":"Q30","candidates":[]}],[{"start":0,"end":12,"url":null,"entity_id":"Q1211","candidates":[]}]],[[{"start":0,"end":10,"url":null,"entity_id":"Q24061707","candidates":[]}],[{"start":0,"end":24,"url":null,"entity_id":"Q30","candidates":[]}],[{"start":0,"end":12,"url":null,"entity_id":"Q1211","candidates":[]}]],[[{"start":0,"end":16,"url":null,"entity_id":"Q24061663","candidates":[]}],[{"start":0,"end":24,"url":null,"entity_id":"Q30","candidates":[]}],[{"start":0,"end":12,"url":null,"entity_id":"Q1211","candidates":[]}]],[[{"start":0,"end":17,"url":null,"entity_id":"Q24061636","candidates":[]}],[{"start":0,"end":24,"url":null,"entity_id":"Q30","candidates":[]}],[{"start":0,"end":12,"url":null,"entity_id":"Q1211","candidates":[]}]],[[{"start":0,"end":12,"url":null,"entity_id":"Q24061613","candidates":[]}],[{"start":0,"end":24,"url":null,"entity_id":"Q30","candidates":[]}],[{"start":0,"end":12,"url":null,"entity_id":"Q1211","candidates":[]}]]]}