{"version":"1.2","table":{"version":"2","table_id":"1AKZDKN5","columns":[{"index":0,"name":"col0","values":["Tamluk community development block","Taldangra community development block","Swarupnagar community development block","Suti I community development block","Suti II community development block","Sutahata community development block","Suri I community development block","Suri II community development block","Sreerampur-Uttarpara community development block","Sonarpur community development block","Sonamukhi community development block","Sitalkuchi community development block","Sitai community development block","Singur community development block","Simlapal community development block","Shyampur I community development block","Shyampur II community development block","Sarenga community development block","Santuri community development block","Sankrail community development block"]},{"index":1,"name":"col1","values":["48310","31312","61611","36628","53619","26936","25792","20808","37260","51502","35022","42587","26647","64703","29836","36211","33229","22020","15116","59421"]},{"index":2,"name":"col2","values":["112458","74999","131510","91905","139995","63509","56852","44921","77725","112238","81610","94277","56016","140334","73008","93091","86961","54168","40085","152910"]}]},"context":{"page_title":null,"page_url":null,"page_entity_id":null,"content_hierarchy":[]},"links":[[[{"start":0,"end":34,"url":null,"entity_id":"Q7681519","candidates":[]}],[],[]],[[{"start":0,"end":37,"url":null,"entity_id":"Q7679094","candidates":[]}],[],[]],[[{"start":0,"end":39,"url":null,"entity_id":"Q7653966","candidates":[]}],[],[]],[[{"start":0,"end":34,"url":null,"entity_id":"Q7650027","candidates":[]}],[],[]],[[{"start":0,"end":35,"url":null,"entity_id":"Q7650025","candidates":[]}],[],[]],[[{"start":0,"end":36,"url":null,"entity_id":"Q7649883","candidates":[]}],[],[]],[[{"start":0,"end":34,"url":null,"entity_id":"Q7646248","candidates":[]}],[],[]],[[{"start":0,"end":35,"url":null,"entity_id":"Q7646247","candidates":[]}],[],[]],[[{"start":0,"end":48,"url":null,"entity_id":"Q7585736","candidates":[]}],[],[]],[[{"start":0,"end":36,"url":null,"entity_id":"Q7560812","candidates":[]}],[],[]],[[{"start":0,"end":37,"url":null,"entity_id":"Q7560785","candidates":[]}],[],[]],[[{"start":0,"end":38,"url":null,"entity_id":"Q7531623","candidates":[]}],[],[]],[[{"start":0,"end":33,"url":null,"entity_id":"Q7531602","candidates":[]}],[],[]],[[{"start":0,"end":34,"url":null,"entity_id":"Q7524284","candidates":[]}],[],[]],[[{"start":0,"end":36,"url":null,"entity_id":"Q7517922","candidates":[]}],[],[]],[[{"start":0,"end":38,"url":null,"entity_id":"Q7505997","candidates":[]}],[],[]],[[{"start":0,"end":39,"url":null,"entity_id":"Q7505995","candidates":[]}],[],[]],[[{"start":0,"end":35,"url":null,"entity_id":"Q7423856","candidates":[]}],[],[]],[[{"start":0,"end":35,"url":null,"entity_id":"Q7420728","candidates":[]}],[],[]],[[{"start":0,"end":36,"url":null,"entity_id":"Q7418747","candidates":[]}],[],[]]]}