{"version":"1.2","table":{"version":"2","table_id":"1BAC0XW3","columns":[{"index":0,"name":"col0","values":["Percy Jackson & the Olympians: The Lighting Thief","Iron Ma 2","Charlie's Angels: Full Throtvle","Harry Potter and the Orde of the Phoenix","Harr{ Potter and the Goblet of Fire","Thor","Littlh Fockers","The Hobit: The Battle of the Five Armies","The Hobbit: Thg Desolation of Smaug","Thor: The Darl World","Mission: Impossible –Ghost Protocol","Captain America: The Winter oldier","The Inredible Hulk","The Mummy: Tomb oh the Dragon Hmperor","Captdin America: The First Avenger","Fantastic Beasts and Yhere to Find Them","Dodtor Strange","X-Men: irst Class","Star#Tek"," Nightmare on Elm Street"]},{"index":1,"name":"col1","values":["Percy Jackson film series","Marvel Cinematic Universe","Charlie's Angels","Harry Potter","Harry Potter","Marvel Cinematic Universe","Meet the Parents trilogy","The Hobbit trilogy","The Hobbit trilogy","Marvel Cinematic Universe","Mission: Impossible film series","Marvel Cinematic Universe","Marvel Cinematic Universe","The Mummy","Marvel Cinematic Universe","Fantastic Beasts","Marvel Cinematic Universe","X-Men Beginnings","Star Trek","A Nightmare on Elm Street"]},{"index":2,"name":"col2","values":["New York City","New York City","Asia","England","England","Norway","Chicago","Middle-earth","Middle-earth","London","San Francisco","Washington, D.C.","New York City","Asia","Norway","New York City","New York City","New York","San Francisco","Ohio"]},{"index":3,"name":"col3","values":["free from 10 years","free from 10 years","free from 10 years","free from 10 years","free from 10 years","free from 10 years","free from 6 years","free from 12 years","free from 12 years","free from 12 years","free from 12 years","free from 12 years","free from 12 years","free from 12 years","free from 12 years","free from 10 years","free from 10 years","free from 12 years","free from 10 years","free from 14 years"]},{"index":4,"name":"col4","values":["95190000.0","200400000.0","118920000.0","149400000.0","149400000.0","150449999.99999997","100200000.0","248250000.0","223875000.0","169490000.0","144420000.0","170340000.0","150149999.99999997","145724999.99999997","139580000.0","178740000.0","164340000.0","160479999.99999997","150749999.99999997","34720000.0"]}]},"context":{"page_title":null,"page_url":null,"page_entity_id":null,"content_hierarchy":[]},"links":[[[{"start":0,"end":49,"url":null,"entity_id":"Q244333","candidates":[]}],[{"start":0,"end":25,"url":null,"entity_id":"Q7167417","candidates":[]}],[{"start":0,"end":13,"url":null,"entity_id":"Q60","candidates":[]}],[{"start":0,"end":18,"url":null,"entity_id":"Q28732984","candidates":[]}],[]],[[{"start":0,"end":9,"url":null,"entity_id":"Q205028","candidates":[]}],[{"start":0,"end":25,"url":null,"entity_id":"Q642878","candidates":[]}],[{"start":0,"end":13,"url":null,"entity_id":"Q60","candidates":[]}],[{"start":0,"end":18,"url":null,"entity_id":"Q28732984","candidates":[]}],[]],[[{"start":0,"end":31,"url":null,"entity_id":"Q229603","candidates":[]}],[{"start":0,"end":16,"url":null,"entity_id":"Q55607108","candidates":[]}],[{"start":0,"end":4,"url":null,"entity_id":"Q48","candidates":[]}],[{"start":0,"end":18,"url":null,"entity_id":"Q28732984","candidates":[]}],[]],[[{"start":0,"end":40,"url":null,"entity_id":"Q102235","candidates":[]}],[{"start":0,"end":12,"url":null,"entity_id":"Q216930","candidates":[]}],[{"start":0,"end":7,"url":null,"entity_id":"Q21","candidates":[]}],[{"start":0,"end":18,"url":null,"entity_id":"Q28732984","candidates":[]}],[]],[[{"start":0,"end":35,"url":null,"entity_id":"Q102225","candidates":[]}],[{"start":0,"end":12,"url":null,"entity_id":"Q216930","candidates":[]}],[{"start":0,"end":7,"url":null,"entity_id":"Q21","candidates":[]}],[{"start":0,"end":18,"url":null,"entity_id":"Q28732984","candidates":[]}],[]],[[{"start":0,"end":4,"url":null,"entity_id":"Q217020","candidates":[]}],[{"start":0,"end":25,"url":null,"entity_id":"Q642878","candidates":[]}],[{"start":0,"end":6,"url":null,"entity_id":"Q20","candidates":[]}],[{"start":0,"end":18,"url":null,"entity_id":"Q28732984","candidates":[]}],[]],[[{"start":0,"end":14,"url":null,"entity_id":"Q921985","candidates":[]}],[{"start":0,"end":24,"url":null,"entity_id":"Q6807857","candidates":[]}],[{"start":0,"end":7,"url":null,"entity_id":"Q1297","candidates":[]}],[{"start":0,"end":17,"url":null,"entity_id":"Q28732982","candidates":[]}],[]],[[{"start":0,"end":40,"url":null,"entity_id":"Q919649","candidates":[]}],[{"start":0,"end":18,"url":null,"entity_id":"Q74331","candidates":[]}],[{"start":0,"end":12,"url":null,"entity_id":"Q79734","candidates":[]}],[{"start":0,"end":18,"url":null,"entity_id":"Q28732985","candidates":[]}],[]],[[{"start":0,"end":35,"url":null,"entity_id":"Q719915","candidates":[]}],[{"start":0,"end":18,"url":null,"entity_id":"Q74331","candidates":[]}],[{"start":0,"end":12,"url":null,"entity_id":"Q79734","candidates":[]}],[{"start":0,"end":18,"url":null,"entity_id":"Q28732985","candidates":[]}],[]],[[{"start":0,"end":20,"url":null,"entity_id":"Q1201853","candidates":[]}],[{"start":0,"end":25,"url":null,"entity_id":"Q642878","candidates":[]}],[{"start":0,"end":6,"url":null,"entity_id":"Q84","candidates":[]}],[{"start":0,"end":18,"url":null,"entity_id":"Q28732985","candidates":[]}],[]],[[{"start":0,"end":35,"url":null,"entity_id":"Q628154","candidates":[]}],[{"start":0,"end":31,"url":null,"entity_id":"Q1356213","candidates":[]}],[{"start":0,"end":13,"url":null,"entity_id":"Q62","candidates":[]}],[{"start":0,"end":18,"url":null,"entity_id":"Q28732985","candidates":[]}],[]],[[{"start":0,"end":34,"url":null,"entity_id":"Q1765358","candidates":[]}],[{"start":0,"end":25,"url":null,"entity_id":"Q642878","candidates":[]}],[{"start":0,"end":16,"url":null,"entity_id":"Q61","candidates":[]}],[{"start":0,"end":18,"url":null,"entity_id":"Q28732985","candidates":[]}],[]],[[{"start":0,"end":18,"url":null,"entity_id":"Q466611","candidates":[]}],[{"start":0,"end":25,"url":null,"entity_id":"Q642878","candidates":[]}],[{"start":0,"end":13,"url":null,"entity_id":"Q60","candidates":[]}],[{"start":0,"end":18,"url":null,"entity_id":"Q28732985","candidates":[]}],[]],[[{"start":0,"end":37,"url":null,"entity_id":"Q240713","candidates":[]}],[{"start":0,"end":9,"url":null,"entity_id":"Q3823300","candidates":[]}],[{"start":0,"end":4,"url":null,"entity_id":"Q48","candidates":[]}],[{"start":0,"end":18,"url":null,"entity_id":"Q28732985","candidates":[]}],[]],[[{"start":0,"end":34,"url":null,"entity_id":"Q275120","candidates":[]}],[{"start":0,"end":25,"url":null,"entity_id":"Q642878","candidates":[]}],[{"start":0,"end":6,"url":null,"entity_id":"Q20","candidates":[]}],[{"start":0,"end":18,"url":null,"entity_id":"Q28732985","candidates":[]}],[]],[[{"start":0,"end":39,"url":null,"entity_id":"Q18199330","candidates":[]}],[{"start":0,"end":16,"url":null,"entity_id":"Q27922181","candidates":[]}],[{"start":0,"end":13,"url":null,"entity_id":"Q60","candidates":[]}],[{"start":0,"end":18,"url":null,"entity_id":"Q28732984","candidates":[]}],[]],[[{"start":0,"end":14,"url":null,"entity_id":"Q18406872","candidates":[]}],[{"start":0,"end":25,"url":null,"entity_id":"Q642878","candidates":[]}],[{"start":0,"end":13,"url":null,"entity_id":"Q60","candidates":[]}],[{"start":0,"end":18,"url":null,"entity_id":"Q28732984","candidates":[]}],[]],[[{"start":0,"end":17,"url":null,"entity_id":"Q223596","candidates":[]}],[{"start":0,"end":16,"url":null,"entity_id":"Q28865118","candidates":[]}],[{"start":0,"end":8,"url":null,"entity_id":"Q1384","candidates":[]}],[{"start":0,"end":18,"url":null,"entity_id":"Q28732985","candidates":[]}],[]],[[{"start":0,"end":8,"url":null,"entity_id":"Q213081","candidates":[]}],[{"start":0,"end":9,"url":null,"entity_id":"Q1102217","candidates":[]}],[{"start":0,"end":13,"url":null,"entity_id":"Q62","candidates":[]}],[{"start":0,"end":18,"url":null,"entity_id":"Q28732984","candidates":[]}],[]],[[{"start":0,"end":24,"url":null,"entity_id":"Q300508","candidates":[]}],[{"start":0,"end":25,"url":null,"entity_id":"Q617871","candidates":[]}],[{"start":0,"end":4,"url":null,"entity_id":"Q1397","candidates":[]}],[{"start":0,"end":18,"url":null,"entity_id":"Q28732986","candidates":[]}],[]]]}