{"version":"1.2","table":{"version":"2","table_id":"1BSMVJGT","columns":[{"index":0,"name":"col0","values":["Coyame","Santa Eulalia","Guachochi","Vicente Guerrero","Palaú","Calpulalpan","Atitalaquía","Uayma","Ticul","Viesca","Ojinaga","Ajacuba","Alfajayucan","Apan","Villaflores","Muna","Nativitas","Ciudad Altamirano","Ciudad Tula","Ocampo"]},{"index":1,"name":"col1","values":["Coyame del Sotol Municipality","Aquiles Serdán Municipality","Guachochi Municipality","Guerrero Municipality","Múzquiz Municipality","Tlaxcala","Hidalgo","Yucatán","Yucatán","Coahuila","Chihuahua","Ajacuba","Alfajayucan","Apan","Villaflores","Muna","Natívitas Municipality","Pungarabato","Tamaulipas","Tamaulipas"]},{"index":2,"name":"col2","values":["1220","1697","2398","2000","433","2581","2107","28","25","1098","800","2142","1877","2488","560","20","2200","250","1170","355"]}]},"context":{"page_title":null,"page_url":null,"page_entity_id":null,"content_hierarchy":[]},"links":[[[{"start":0,"end":6,"url":null,"entity_id":"Q1997768","candidates":[]}],[{"start":0,"end":29,"url":null,"entity_id":"Q3308551","candidates":[]}],[]],[[{"start":0,"end":13,"url":null,"entity_id":"Q1999195","candidates":[]}],[{"start":0,"end":27,"url":null,"entity_id":"Q2991354","candidates":[]}],[]],[[{"start":0,"end":9,"url":null,"entity_id":"Q1997268","candidates":[]}],[{"start":0,"end":22,"url":null,"entity_id":"Q2656458","candidates":[]}],[]],[[{"start":0,"end":16,"url":null,"entity_id":"Q1997282","candidates":[]}],[{"start":0,"end":21,"url":null,"entity_id":"Q2478194","candidates":[]}],[]],[[{"start":0,"end":5,"url":null,"entity_id":"Q1978638","candidates":[]}],[{"start":0,"end":20,"url":null,"entity_id":"Q2466033","candidates":[]}],[]],[[{"start":0,"end":11,"url":null,"entity_id":"Q1997497","candidates":[]}],[{"start":0,"end":8,"url":null,"entity_id":"Q82681","candidates":[]}],[]],[[{"start":0,"end":11,"url":null,"entity_id":"Q1998700","candidates":[]}],[{"start":0,"end":7,"url":null,"entity_id":"Q80903","candidates":[]}],[]],[[{"start":0,"end":5,"url":null,"entity_id":"Q1999633","candidates":[]}],[{"start":0,"end":7,"url":null,"entity_id":"Q60176","candidates":[]}],[]],[[{"start":0,"end":5,"url":null,"entity_id":"Q1997462","candidates":[]}],[{"start":0,"end":7,"url":null,"entity_id":"Q60176","candidates":[]}],[]],[[{"start":0,"end":6,"url":null,"entity_id":"Q1999618","candidates":[]}],[{"start":0,"end":8,"url":null,"entity_id":"Q53079","candidates":[]}],[]],[[{"start":0,"end":7,"url":null,"entity_id":"Q1971351","candidates":[]}],[{"start":0,"end":9,"url":null,"entity_id":"Q655","candidates":[]}],[]],[[{"start":0,"end":7,"url":null,"entity_id":"Q2990936","candidates":[]}],[{"start":0,"end":7,"url":null,"entity_id":"Q27796637","candidates":[]}],[]],[[{"start":0,"end":11,"url":null,"entity_id":"Q2917583","candidates":[]}],[{"start":0,"end":11,"url":null,"entity_id":"Q27796636","candidates":[]}],[]],[[{"start":0,"end":4,"url":null,"entity_id":"Q2990986","candidates":[]}],[{"start":0,"end":4,"url":null,"entity_id":"Q27796634","candidates":[]}],[]],[[{"start":0,"end":11,"url":null,"entity_id":"Q2980929","candidates":[]}],[{"start":0,"end":11,"url":null,"entity_id":"Q20735271","candidates":[]}],[]],[[{"start":0,"end":4,"url":null,"entity_id":"Q1997424","candidates":[]}],[{"start":0,"end":4,"url":null,"entity_id":"Q2588047","candidates":[]}],[]],[[{"start":0,"end":9,"url":null,"entity_id":"Q2001148","candidates":[]}],[{"start":0,"end":22,"url":null,"entity_id":"Q9048936","candidates":[]}],[]],[[{"start":0,"end":17,"url":null,"entity_id":"Q2000092","candidates":[]}],[{"start":0,"end":11,"url":null,"entity_id":"Q2449025","candidates":[]}],[]],[[{"start":0,"end":11,"url":null,"entity_id":"Q2000148","candidates":[]}],[{"start":0,"end":10,"url":null,"entity_id":"Q80007","candidates":[]}],[]],[[{"start":0,"end":6,"url":null,"entity_id":"Q2000074","candidates":[]}],[{"start":0,"end":10,"url":null,"entity_id":"Q80007","candidates":[]}],[]]]}