{"version":"1.2","table":{"version":"2","table_id":"1DPCJK92","columns":[{"index":0,"name":"col0","values":["V* DG Cen","V* CF Vir","IRAS 08585-3445","IRAS 09043-1906","X Antliae","Y Tucanae","Z Pyx","X Pyx","Y Cha","V Cha","X Eri","T Phe","Y Crt","X Capricorni","U Lib","S Lib","W Herculis","Z Octantis","V Octantis","Z Pictoris"]},{"index":1,"name":"col1","values":["3200","4306","4689","4500","3000","3600","3200","4455","4500","3200","3200","4654","4500","3200","3000","3800","5780","3000","3200","3600"]},{"index":2,"name":"col2","values":["22.18","36.67","-764.35","-413.21","8.82","8.6","88.36","125.34","38.3","-729.17","-37.28","-436.24","219.88","-37.55","92.72","303.93","-51","-54.9","-54.98","31.2"]}]},"context":{"page_title":null,"page_url":null,"page_entity_id":null,"content_hierarchy":[]},"links":[[[{"start":0,"end":9,"url":null,"entity_id":"Q76320675","candidates":[]}],[],[]],[[{"start":0,"end":9,"url":null,"entity_id":"Q75194841","candidates":[]}],[],[]],[[{"start":0,"end":15,"url":null,"entity_id":"Q75175869","candidates":[]}],[],[]],[[{"start":0,"end":15,"url":null,"entity_id":"Q75171729","candidates":[]}],[],[]],[[{"start":0,"end":9,"url":null,"entity_id":"Q66331714","candidates":[]}],[],[]],[[{"start":0,"end":9,"url":null,"entity_id":"Q56852276","candidates":[]}],[],[]],[[{"start":0,"end":5,"url":null,"entity_id":"Q56304358","candidates":[]}],[],[]],[[{"start":0,"end":5,"url":null,"entity_id":"Q56304351","candidates":[]}],[],[]],[[{"start":0,"end":5,"url":null,"entity_id":"Q56304268","candidates":[]}],[],[]],[[{"start":0,"end":5,"url":null,"entity_id":"Q56304256","candidates":[]}],[],[]],[[{"start":0,"end":5,"url":null,"entity_id":"Q56304039","candidates":[]}],[],[]],[[{"start":0,"end":5,"url":null,"entity_id":"Q56303971","candidates":[]}],[],[]],[[{"start":0,"end":5,"url":null,"entity_id":"Q56303882","candidates":[]}],[],[]],[[{"start":0,"end":12,"url":null,"entity_id":"Q56303782","candidates":[]}],[],[]],[[{"start":0,"end":5,"url":null,"entity_id":"Q56303604","candidates":[]}],[],[]],[[{"start":0,"end":5,"url":null,"entity_id":"Q56303588","candidates":[]}],[],[]],[[{"start":0,"end":10,"url":null,"entity_id":"Q56303411","candidates":[]}],[],[]],[[{"start":0,"end":10,"url":null,"entity_id":"Q54968046","candidates":[]}],[],[]],[[{"start":0,"end":10,"url":null,"entity_id":"Q54967690","candidates":[]}],[],[]],[[{"start":0,"end":10,"url":null,"entity_id":"Q54919848","candidates":[]}],[],[]]]}