{"version":"1.2","table":{"version":"2","table_id":"1ECI9SKC","columns":[{"index":0,"name":"col0","values":["PC35 Cycle Route","PC32 Cycle Route","PC15 Cycle Route","PC11 Cycle Route","PC36 Cycle Route","PC20 Cycle Route","PC28 Cycle Route","PC38 Cycle Route","PC5 Cycle Route","PC29 Cycle Route","PC27 Cycle Route","PC4 Cycle Route","PC25 Cycle Route","PC37 Cycle Route","PC31b Cycle Route","PC10 Cycle Route","U.S. Bicycle Route 23","PC33 Cycle Route","PC22 Cycle Route","PC18 Cycle Route","PC16 Cycle Route","PC9 Cycle Route","PC8 Cycle Route","National Cycle Route 141","PC26 Cycle Route","PC13 Cycle Route","PC24 Cycle Route","National Cycle Route 165","PC7 Cycle Route","PC31a Cycle Route","PC23 Cycle Route","Shimanami Kaido Cycling Road","PC14 Cycle Route"]},{"index":1,"name":"col1","values":["Luxembourg","Luxembourg","Luxembourg","Luxembourg","Luxembourg","Luxembourg","Luxembourg","Luxembourg","Luxembourg","Luxembourg","Luxembourg","Luxembourg","Luxembourg","Luxembourg","Luxembourg","Luxembourg","United States of America","Luxembourg","Luxembourg","Luxembourg","Luxembourg","Luxembourg","Luxembourg","United Kingdom","Luxembourg","Luxembourg","Luxembourg","United Kingdom","Luxembourg","Luxembourg","Luxembourg","Japan","Luxembourg"]},{"index":2,"name":"col2","values":["Mamer","Ettelbrück","Ettelbrück","Ellange-Gare","Schleif","Schleif","Beetebuerg","Helfenterbruck","Reisdorf","Winseler","Sandweiler","Mertert","Niederfeulen","Hollenfels","Howald","Fennange","Ardmore, Tennessee","Ingeldorf","Lellingen","Rombach, Luxembourg","Kautenbach","Kockelscheuer","Tétange","Wylam","Ehnen","Strassen","Medernach","Barnard Castle","Mondorf-les-Bains","Merl, Luxembourg","Bettel","Imabari","Mersch"]}]},"context":{"page_title":null,"page_url":null,"page_entity_id":null,"content_hierarchy":[]},"links":[[[{"start":0,"end":16,"url":null,"entity_id":"Q64915044","candidates":[]}],[{"start":0,"end":10,"url":null,"entity_id":"Q32","candidates":[]}],[{"start":0,"end":5,"url":null,"entity_id":"Q20969453","candidates":[]}]],[[{"start":0,"end":16,"url":null,"entity_id":"Q64850167","candidates":[]}],[{"start":0,"end":10,"url":null,"entity_id":"Q32","candidates":[]}],[{"start":0,"end":10,"url":null,"entity_id":"Q20966341","candidates":[]}]],[[{"start":0,"end":16,"url":null,"entity_id":"Q64526302","candidates":[]}],[{"start":0,"end":10,"url":null,"entity_id":"Q32","candidates":[]}],[{"start":0,"end":10,"url":null,"entity_id":"Q20966341","candidates":[]}]],[[{"start":0,"end":16,"url":null,"entity_id":"Q64510133","candidates":[]}],[{"start":0,"end":10,"url":null,"entity_id":"Q32","candidates":[]}],[{"start":0,"end":12,"url":null,"entity_id":"Q16763473","candidates":[]}]],[[{"start":0,"end":16,"url":null,"entity_id":"Q64915290","candidates":[]}],[{"start":0,"end":10,"url":null,"entity_id":"Q32","candidates":[]}],[{"start":0,"end":7,"url":null,"entity_id":"Q13104970","candidates":[]}]],[[{"start":0,"end":16,"url":null,"entity_id":"Q64667052","candidates":[]}],[{"start":0,"end":10,"url":null,"entity_id":"Q32","candidates":[]}],[{"start":0,"end":7,"url":null,"entity_id":"Q13104970","candidates":[]}]],[[{"start":0,"end":16,"url":null,"entity_id":"Q64691787","candidates":[]}],[{"start":0,"end":10,"url":null,"entity_id":"Q32","candidates":[]}],[{"start":0,"end":10,"url":null,"entity_id":"Q13101690","candidates":[]}]],[[{"start":0,"end":16,"url":null,"entity_id":"Q64915962","candidates":[]}],[{"start":0,"end":10,"url":null,"entity_id":"Q32","candidates":[]}],[{"start":0,"end":14,"url":null,"entity_id":"Q5704277","candidates":[]}]],[[{"start":0,"end":15,"url":null,"entity_id":"Q64490956","candidates":[]}],[{"start":0,"end":10,"url":null,"entity_id":"Q32","candidates":[]}],[{"start":0,"end":8,"url":null,"entity_id":"Q3917117","candidates":[]}]],[[{"start":0,"end":16,"url":null,"entity_id":"Q64691806","candidates":[]}],[{"start":0,"end":10,"url":null,"entity_id":"Q32","candidates":[]}],[{"start":0,"end":8,"url":null,"entity_id":"Q3917092","candidates":[]}]],[[{"start":0,"end":16,"url":null,"entity_id":"Q64691770","candidates":[]}],[{"start":0,"end":10,"url":null,"entity_id":"Q32","candidates":[]}],[{"start":0,"end":10,"url":null,"entity_id":"Q3917065","candidates":[]}]],[[{"start":0,"end":15,"url":null,"entity_id":"Q64490725","candidates":[]}],[{"start":0,"end":10,"url":null,"entity_id":"Q32","candidates":[]}],[{"start":0,"end":7,"url":null,"entity_id":"Q3916990","candidates":[]}]],[[{"start":0,"end":16,"url":null,"entity_id":"Q64682280","candidates":[]}],[{"start":0,"end":10,"url":null,"entity_id":"Q32","candidates":[]}],[{"start":0,"end":12,"url":null,"entity_id":"Q3112408","candidates":[]}]],[[{"start":0,"end":16,"url":null,"entity_id":"Q64915697","candidates":[]}],[{"start":0,"end":10,"url":null,"entity_id":"Q32","candidates":[]}],[{"start":0,"end":10,"url":null,"entity_id":"Q3092783","candidates":[]}]],[[{"start":0,"end":17,"url":null,"entity_id":"Q64815229","candidates":[]}],[{"start":0,"end":10,"url":null,"entity_id":"Q32","candidates":[]}],[{"start":0,"end":6,"url":null,"entity_id":"Q2776327","candidates":[]}]],[[{"start":0,"end":16,"url":null,"entity_id":"Q64506385","candidates":[]}],[{"start":0,"end":10,"url":null,"entity_id":"Q32","candidates":[]}],[{"start":0,"end":8,"url":null,"entity_id":"Q2627033","candidates":[]}]],[[{"start":0,"end":21,"url":null,"entity_id":"Q56558536","candidates":[]}],[{"start":0,"end":24,"url":null,"entity_id":"Q30","candidates":[]}],[{"start":0,"end":18,"url":null,"entity_id":"Q2576715","candidates":[]}]],[[{"start":0,"end":16,"url":null,"entity_id":"Q64850182","candidates":[]}],[{"start":0,"end":10,"url":null,"entity_id":"Q32","candidates":[]}],[{"start":0,"end":9,"url":null,"entity_id":"Q2350374","candidates":[]}]],[[{"start":0,"end":16,"url":null,"entity_id":"Q64670858","candidates":[]}],[{"start":0,"end":10,"url":null,"entity_id":"Q32","candidates":[]}],[{"start":0,"end":9,"url":null,"entity_id":"Q2175548","candidates":[]}]],[[{"start":0,"end":16,"url":null,"entity_id":"Q64532934","candidates":[]}],[{"start":0,"end":10,"url":null,"entity_id":"Q32","candidates":[]}],[{"start":0,"end":19,"url":null,"entity_id":"Q2129480","candidates":[]}]],[[{"start":0,"end":16,"url":null,"entity_id":"Q64526392","candidates":[]}],[{"start":0,"end":10,"url":null,"entity_id":"Q32","candidates":[]}],[{"start":0,"end":10,"url":null,"entity_id":"Q2077064","candidates":[]}]],[[{"start":0,"end":15,"url":null,"entity_id":"Q64505952","candidates":[]}],[{"start":0,"end":10,"url":null,"entity_id":"Q32","candidates":[]}],[{"start":0,"end":13,"url":null,"entity_id":"Q1954674","candidates":[]}]],[[{"start":0,"end":15,"url":null,"entity_id":"Q64504516","candidates":[]}],[{"start":0,"end":10,"url":null,"entity_id":"Q32","candidates":[]}],[{"start":0,"end":7,"url":null,"entity_id":"Q1903325","candidates":[]}]],[[{"start":0,"end":24,"url":null,"entity_id":"Q60367544","candidates":[]}],[{"start":0,"end":14,"url":null,"entity_id":"Q145","candidates":[]}],[{"start":0,"end":5,"url":null,"entity_id":"Q1025063","candidates":[]}]],[[{"start":0,"end":16,"url":null,"entity_id":"Q64682787","candidates":[]}],[{"start":0,"end":10,"url":null,"entity_id":"Q32","candidates":[]}],[{"start":0,"end":5,"url":null,"entity_id":"Q1016123","candidates":[]}]],[[{"start":0,"end":16,"url":null,"entity_id":"Q64513560","candidates":[]}],[{"start":0,"end":10,"url":null,"entity_id":"Q32","candidates":[]}],[{"start":0,"end":8,"url":null,"entity_id":"Q986400","candidates":[]}]],[[{"start":0,"end":16,"url":null,"entity_id":"Q64682243","candidates":[]}],[{"start":0,"end":10,"url":null,"entity_id":"Q32","candidates":[]}],[{"start":0,"end":9,"url":null,"entity_id":"Q979888","candidates":[]}]],[[{"start":0,"end":24,"url":null,"entity_id":"Q55137005","candidates":[]}],[{"start":0,"end":14,"url":null,"entity_id":"Q145","candidates":[]}],[{"start":0,"end":14,"url":null,"entity_id":"Q808437","candidates":[]}]],[[{"start":0,"end":15,"url":null,"entity_id":"Q64504428","candidates":[]}],[{"start":0,"end":10,"url":null,"entity_id":"Q32","candidates":[]}],[{"start":0,"end":17,"url":null,"entity_id":"Q798747","candidates":[]}]],[[{"start":0,"end":17,"url":null,"entity_id":"Q64814965","candidates":[]}],[{"start":0,"end":10,"url":null,"entity_id":"Q32","candidates":[]}],[{"start":0,"end":16,"url":null,"entity_id":"Q525708","candidates":[]}]],[[{"start":0,"end":16,"url":null,"entity_id":"Q64676399","candidates":[]}],[{"start":0,"end":10,"url":null,"entity_id":"Q32","candidates":[]}],[{"start":0,"end":6,"url":null,"entity_id":"Q520311","candidates":[]}]],[[{"start":0,"end":28,"url":null,"entity_id":"Q67603142","candidates":[]}],[{"start":0,"end":5,"url":null,"entity_id":"Q17","candidates":[]}],[{"start":0,"end":7,"url":null,"entity_id":"Q461020","candidates":[]}]],[[{"start":0,"end":16,"url":null,"entity_id":"Q64526237","candidates":[]}],[{"start":0,"end":10,"url":null,"entity_id":"Q32","candidates":[]}],[{"start":0,"end":6,"url":null,"entity_id":"Q284855","candidates":[]}]]]}