{"version":"1.2","table":{"version":"2","table_id":"1EQ35GNP","columns":[{"index":0,"name":"col0","values":["Yamuna Nagar district","Mandsaur district","Davanagere district","Kinnaur district","Paschim Medinipur district","Bhiwani district","Kushinagar district","Rajgarh district","Imphal West district","South Tripura district","Saiha District","Jalandhar district","Puri district","Mainpuri district","Hisar District","Gurugram district","Dehradun district","Siddharthnagar district","Rampur district","Mahoba district"]},{"index":1,"name":"col1","values":["646718","682851","986400","46249","3007885","866672","1818055","790212","255054","447544","28594","1145211","865380","993377","931562","816690","892199","1295095","1223889","466358"]},{"index":2,"name":"col2","values":["235423","286808","410176","19976","1301610","311380","561062","345297","111156","208127","11144","461635","367269","313690","335608","326428","347001","379351","393736","158435"]},{"index":3,"name":"col3","values":["832457","834591","1308540","60699","4078412","1069871","1954820","804245","392626","646810","42233","1622537","1291939","1203885","1114311","1111116","1259506","1228926","1043666","488106"]}]},"context":{"page_title":null,"page_url":null,"page_entity_id":null,"content_hierarchy":[]},"links":[[[{"start":0,"end":21,"url":null,"entity_id":"Q1873644","candidates":[]}],[],[],[]],[[{"start":0,"end":17,"url":null,"entity_id":"Q1870014","candidates":[]}],[],[],[]],[[{"start":0,"end":19,"url":null,"entity_id":"Q1863214","candidates":[]}],[],[],[]],[[{"start":0,"end":16,"url":null,"entity_id":"Q1862950","candidates":[]}],[],[],[]],[[{"start":0,"end":26,"url":null,"entity_id":"Q1855537","candidates":[]}],[],[],[]],[[{"start":0,"end":16,"url":null,"entity_id":"Q1852857","candidates":[]}],[],[],[]],[[{"start":0,"end":19,"url":null,"entity_id":"Q1840355","candidates":[]}],[],[],[]],[[{"start":0,"end":16,"url":null,"entity_id":"Q1833306","candidates":[]}],[],[],[]],[[{"start":0,"end":20,"url":null,"entity_id":"Q1822188","candidates":[]}],[],[],[]],[[{"start":0,"end":22,"url":null,"entity_id":"Q1822159","candidates":[]}],[],[],[]],[[{"start":0,"end":14,"url":null,"entity_id":"Q1821714","candidates":[]}],[],[],[]],[[{"start":0,"end":18,"url":null,"entity_id":"Q1817425","candidates":[]}],[],[],[]],[[{"start":0,"end":13,"url":null,"entity_id":"Q1817158","candidates":[]}],[],[],[]],[[{"start":0,"end":17,"url":null,"entity_id":"Q1816657","candidates":[]}],[],[],[]],[[{"start":0,"end":14,"url":null,"entity_id":"Q1815773","candidates":[]}],[],[],[]],[[{"start":0,"end":17,"url":null,"entity_id":"Q1815766","candidates":[]}],[],[],[]],[[{"start":0,"end":17,"url":null,"entity_id":"Q1815740","candidates":[]}],[],[],[]],[[{"start":0,"end":23,"url":null,"entity_id":"Q1815339","candidates":[]}],[],[],[]],[[{"start":0,"end":15,"url":null,"entity_id":"Q1815331","candidates":[]}],[],[],[]],[[{"start":0,"end":15,"url":null,"entity_id":"Q1815322","candidates":[]}],[],[],[]]]}