{"version":"1.2","table":{"version":"2","table_id":"1EV1MTXT","columns":[{"index":0,"name":"col0","values":["main organ Laurenskerk Rotterdam","Organs at Matthias Church","The six organs in the Palace of Mafra","Pipe organ of Notre-Dame-de-l'Assomption (Lambesc)","Pipe organ of Collégiale Saint-Jean de Roquemaure","Pipe organ of Bartók National Concert Hall","organ Nieuwe Kerk","organ Grote Kerk Nijkerk","organs of the Sint-Josephkerk in Leiden","pontifical organ \"Dom Bedos-Roubo - Benedict XVI\"","Kathedral organ of Brugge","organs of the Jachin en Boazkerk","organs of the Nieuwe Kerk","organ Westerkerk","organ of Grote Kerk Breda","organs in the Aula Palatina","Boardwalk Hall Auditorium Organ","Organ Sint-Niklaaskerk","organ Sint-Rafaëlkerk","Kotzschmar Memorial Organ"]},{"index":1,"name":"col1","values":["Netherlands","Hungary","Portugal","France","France","Hungary","Netherlands","Netherlands","Netherlands","Italy","Belgium","Netherlands","Netherlands","Netherlands","Netherlands","Germany","United States of America","Belgium","Netherlands","United States of America"]},{"index":2,"name":"col2","values":["Grote of Sint-Laurenskerk","Matthias Church","Palace of Mafra","Église Notre-Dame-de-l'Assomption de Lambesc","Collégiale Saint-Jean-Baptiste de Roquemaure","Müpa Budapest","Nieuwe Kerk, Katwijk aan Zee","Grote Kerk","St. Joseph, Leiden","Chiesa di San Domenico","St. Salvator's Cathedral","Genemuiden","Nieuwe Kerk","Westerkerk","Grote kerk","Aula Palatina","Boardwalk Hall","Saint Nicholas' Church","Sint-Rafaëlkerk","Merrill Auditorium"]},{"index":3,"name":"col3","values":["Rotterdam","Budapest I. District","Mafra","Lambesc","Roquemaure","Ferencváros","Katwijk","Nijkerk","Leiden","Rieti","Bruges","Zwartewaterland","Amsterdam","Amsterdam","Breda","Trier","New Jersey","Ghent","Utrecht","Maine"]}]},"context":{"page_title":null,"page_url":null,"page_entity_id":null,"content_hierarchy":[]},"links":[[[{"start":0,"end":32,"url":null,"entity_id":"Q4468408","candidates":[]}],[{"start":0,"end":11,"url":null,"entity_id":"Q55","candidates":[]}],[{"start":0,"end":25,"url":null,"entity_id":"Q922407","candidates":[]}],[{"start":0,"end":9,"url":null,"entity_id":"Q2680952","candidates":[]}]],[[{"start":0,"end":25,"url":null,"entity_id":"Q459725","candidates":[]}],[{"start":0,"end":7,"url":null,"entity_id":"Q28","candidates":[]}],[{"start":0,"end":15,"url":null,"entity_id":"Q493133","candidates":[]}],[{"start":0,"end":20,"url":null,"entity_id":"Q1094308","candidates":[]}]],[[{"start":0,"end":37,"url":null,"entity_id":"Q18394023","candidates":[]}],[{"start":0,"end":8,"url":null,"entity_id":"Q45","candidates":[]}],[{"start":0,"end":15,"url":null,"entity_id":"Q599223","candidates":[]}],[{"start":0,"end":5,"url":null,"entity_id":"Q986419","candidates":[]}]],[[{"start":0,"end":50,"url":null,"entity_id":"Q3356212","candidates":[]}],[{"start":0,"end":6,"url":null,"entity_id":"Q142","candidates":[]}],[{"start":0,"end":44,"url":null,"entity_id":"Q3580288","candidates":[]}],[{"start":0,"end":7,"url":null,"entity_id":"Q474025","candidates":[]}]],[[{"start":0,"end":49,"url":null,"entity_id":"Q2408013","candidates":[]}],[{"start":0,"end":6,"url":null,"entity_id":"Q142","candidates":[]}],[{"start":0,"end":44,"url":null,"entity_id":"Q2983965","candidates":[]}],[{"start":0,"end":10,"url":null,"entity_id":"Q322376","candidates":[]}]],[[{"start":0,"end":42,"url":null,"entity_id":"Q459999","candidates":[]}],[{"start":0,"end":7,"url":null,"entity_id":"Q28","candidates":[]}],[{"start":0,"end":13,"url":null,"entity_id":"Q897556","candidates":[]}],[{"start":0,"end":11,"url":null,"entity_id":"Q301411","candidates":[]}]],[[{"start":0,"end":17,"url":null,"entity_id":"Q2764256","candidates":[]}],[{"start":0,"end":11,"url":null,"entity_id":"Q55","candidates":[]}],[{"start":0,"end":28,"url":null,"entity_id":"Q1974347","candidates":[]}],[{"start":0,"end":7,"url":null,"entity_id":"Q208764","candidates":[]}]],[[{"start":0,"end":24,"url":null,"entity_id":"Q2483632","candidates":[]}],[{"start":0,"end":11,"url":null,"entity_id":"Q55","candidates":[]}],[{"start":0,"end":10,"url":null,"entity_id":"Q2186678","candidates":[]}],[{"start":0,"end":7,"url":null,"entity_id":"Q73226","candidates":[]}]],[[{"start":0,"end":39,"url":null,"entity_id":"Q16070435","candidates":[]}],[{"start":0,"end":11,"url":null,"entity_id":"Q55","candidates":[]}],[{"start":0,"end":18,"url":null,"entity_id":"Q2366708","candidates":[]}],[{"start":0,"end":6,"url":null,"entity_id":"Q43631","candidates":[]}]],[[{"start":0,"end":49,"url":null,"entity_id":"Q3908289","candidates":[]}],[{"start":0,"end":5,"url":null,"entity_id":"Q38","candidates":[]}],[{"start":0,"end":22,"url":null,"entity_id":"Q3669894","candidates":[]}],[{"start":0,"end":5,"url":null,"entity_id":"Q13396","candidates":[]}]],[[{"start":0,"end":25,"url":null,"entity_id":"Q2207605","candidates":[]}],[{"start":0,"end":7,"url":null,"entity_id":"Q31","candidates":[]}],[{"start":0,"end":24,"url":null,"entity_id":"Q1378149","candidates":[]}],[{"start":0,"end":6,"url":null,"entity_id":"Q12994","candidates":[]}]],[[{"start":0,"end":32,"url":null,"entity_id":"Q2228870","candidates":[]}],[{"start":0,"end":11,"url":null,"entity_id":"Q55","candidates":[]}],[{"start":0,"end":10,"url":null,"entity_id":"Q81186","candidates":[]}],[{"start":0,"end":15,"url":null,"entity_id":"Q10026","candidates":[]}]],[[{"start":0,"end":25,"url":null,"entity_id":"Q13963490","candidates":[]}],[{"start":0,"end":11,"url":null,"entity_id":"Q55","candidates":[]}],[{"start":0,"end":11,"url":null,"entity_id":"Q1419675","candidates":[]}],[{"start":0,"end":9,"url":null,"entity_id":"Q9899","candidates":[]}]],[[{"start":0,"end":16,"url":null,"entity_id":"Q3014309","candidates":[]}],[{"start":0,"end":11,"url":null,"entity_id":"Q55","candidates":[]}],[{"start":0,"end":10,"url":null,"entity_id":"Q1130722","candidates":[]}],[{"start":0,"end":9,"url":null,"entity_id":"Q9899","candidates":[]}]],[[{"start":0,"end":25,"url":null,"entity_id":"Q13963449","candidates":[]}],[{"start":0,"end":11,"url":null,"entity_id":"Q55","candidates":[]}],[{"start":0,"end":10,"url":null,"entity_id":"Q1431827","candidates":[]}],[{"start":0,"end":5,"url":null,"entity_id":"Q9822","candidates":[]}]],[[{"start":0,"end":27,"url":null,"entity_id":"Q18629576","candidates":[]}],[{"start":0,"end":7,"url":null,"entity_id":"Q183","candidates":[]}],[{"start":0,"end":13,"url":null,"entity_id":"Q686773","candidates":[]}],[{"start":0,"end":5,"url":null,"entity_id":"Q3138","candidates":[]}]],[[{"start":0,"end":31,"url":null,"entity_id":"Q624359","candidates":[]}],[{"start":0,"end":24,"url":null,"entity_id":"Q30","candidates":[]}],[{"start":0,"end":14,"url":null,"entity_id":"Q887566","candidates":[]}],[{"start":0,"end":10,"url":null,"entity_id":"Q1408","candidates":[]}]],[[{"start":0,"end":22,"url":null,"entity_id":"Q3177026","candidates":[]}],[{"start":0,"end":7,"url":null,"entity_id":"Q31","candidates":[]}],[{"start":0,"end":22,"url":null,"entity_id":"Q1841314","candidates":[]}],[{"start":0,"end":5,"url":null,"entity_id":"Q1296","candidates":[]}]],[[{"start":0,"end":21,"url":null,"entity_id":"Q3004413","candidates":[]}],[{"start":0,"end":11,"url":null,"entity_id":"Q55","candidates":[]}],[{"start":0,"end":15,"url":null,"entity_id":"Q2512720","candidates":[]}],[{"start":0,"end":7,"url":null,"entity_id":"Q803","candidates":[]}]],[[{"start":0,"end":25,"url":null,"entity_id":"Q6434407","candidates":[]}],[{"start":0,"end":24,"url":null,"entity_id":"Q30","candidates":[]}],[{"start":0,"end":18,"url":null,"entity_id":"Q6820160","candidates":[]}],[{"start":0,"end":5,"url":null,"entity_id":"Q724","candidates":[]}]]]}