{"version":"1.2","table":{"version":"2","table_id":"1FBQ7KHR","columns":[{"index":0,"name":"col0","values":["Cyclone Hudhud","Cyclone Joy","Cyclone Alan","Cyclone Forrest","Cyclone Ita","Cyclone Mahasen","Typhoon Nora","Typhoon Hester","Cyclone Namu","Typhoon Roy","May 1997 Bangladesh cyclone","Cyclone Vance","Cyclone Thelma","Cyclone Rosita","Cyclone Rashmi","Cyclone Ivy","Cyclone Harvey","Cyclone Fran","Cyclone Cilla","Cyclone Bijli"]},{"index":1,"name":"col1","values":["937","940","990","950","918","989","875","967","955","940","964","910","920","930","989","935","970","920","990","985"]},{"index":2,"name":"col2","values":["115","110","45","125","140","45","160","90","95","115","115","125","140","125","45","105","65","140","40","50"]}]},"context":{"page_title":null,"page_url":null,"page_entity_id":null,"content_hierarchy":[]},"links":[[[{"start":0,"end":14,"url":null,"entity_id":"Q18195808","candidates":[]}],[],[]],[[{"start":0,"end":11,"url":null,"entity_id":"Q17051971","candidates":[]}],[],[]],[[{"start":0,"end":12,"url":null,"entity_id":"Q17003983","candidates":[]}],[],[]],[[{"start":0,"end":15,"url":null,"entity_id":"Q17002077","candidates":[]}],[],[]],[[{"start":0,"end":11,"url":null,"entity_id":"Q16202086","candidates":[]}],[],[]],[[{"start":0,"end":15,"url":null,"entity_id":"Q13219479","candidates":[]}],[],[]],[[{"start":0,"end":12,"url":null,"entity_id":"Q11157381","candidates":[]}],[],[]],[[{"start":0,"end":14,"url":null,"entity_id":"Q10835425","candidates":[]}],[],[]],[[{"start":0,"end":12,"url":null,"entity_id":"Q10741200","candidates":[]}],[],[]],[[{"start":0,"end":11,"url":null,"entity_id":"Q7861308","candidates":[]}],[],[]],[[{"start":0,"end":27,"url":null,"entity_id":"Q6796306","candidates":[]}],[],[]],[[{"start":0,"end":13,"url":null,"entity_id":"Q5198892","candidates":[]}],[],[]],[[{"start":0,"end":14,"url":null,"entity_id":"Q5198882","candidates":[]}],[],[]],[[{"start":0,"end":14,"url":null,"entity_id":"Q5198872","candidates":[]}],[],[]],[[{"start":0,"end":14,"url":null,"entity_id":"Q5198865","candidates":[]}],[],[]],[[{"start":0,"end":11,"url":null,"entity_id":"Q5198819","candidates":[]}],[],[]],[[{"start":0,"end":14,"url":null,"entity_id":"Q5198805","candidates":[]}],[],[]],[[{"start":0,"end":12,"url":null,"entity_id":"Q5198794","candidates":[]}],[],[]],[[{"start":0,"end":13,"url":null,"entity_id":"Q5198778","candidates":[]}],[],[]],[[{"start":0,"end":13,"url":null,"entity_id":"Q5198773","candidates":[]}],[],[]]]}