{"version":"1.2","table":{"version":"2","table_id":"1FXJRB2B","columns":[{"index":0,"name":"col0","values":["San Manuel-Concepcion-Mexico Transmission Line","Kadampat-San Manuel-San Jose Transmission Line","Bay-Biñan Transmission Line","Hermosa-Duhat-Balintawak Transmission Line","Prunéřov II–Hradec power line","Sucat-Paco-Araneta-Balintawak Transmission Line","Mexico–Hermosa Transmission Line","Klaipėda–Telšiai power line","Maasbracht–Eindhoven power line","Geertruidenberg–Krimpen power line","Geertruidenberg–Eindhoven power line","Boxmeer–Dodewaard power line","Minami-Iwaki Trunk Line","HVDC Qinghai–Tibet","Fukushima-Higashi Trunk Line","Fukushima Trunk Line","Shin-Sodegaura power line","Shin Futaba power line","Minami-Niigata Trunk Line","North-South power line"]},{"index":1,"name":"col1","values":["117.08","225","39.6","86.4","19","90","35","89","48.7","33.7","63.6","41.7","195.4","1038","170","190.23","95.6","13","111","1487"]},{"index":2,"name":"col2","values":["230000","500000","230000","230000","400000","230000","230000","330000","380000","380000","380000","150000","500000","400000","500000","500000","500000","500000","500000","500000"]},{"index":3,"name":"col3","values":["60","60","60","60","50","60","60","50","50","50","50","50","50","0","50","50","50","50","50","50"]}]},"context":{"page_title":null,"page_url":null,"page_entity_id":null,"content_hierarchy":[]},"links":[[[{"start":0,"end":46,"url":null,"entity_id":"Q66686392","candidates":[]}],[],[],[]],[[{"start":0,"end":46,"url":null,"entity_id":"Q66553155","candidates":[]}],[],[],[]],[[{"start":0,"end":27,"url":null,"entity_id":"Q66384862","candidates":[]}],[],[],[]],[[{"start":0,"end":42,"url":null,"entity_id":"Q66311262","candidates":[]}],[],[],[]],[[{"start":0,"end":29,"url":null,"entity_id":"Q55726129","candidates":[]}],[],[],[]],[[{"start":0,"end":47,"url":null,"entity_id":"Q55641899","candidates":[]}],[],[],[]],[[{"start":0,"end":32,"url":null,"entity_id":"Q55622929","candidates":[]}],[],[],[]],[[{"start":0,"end":27,"url":null,"entity_id":"Q31198634","candidates":[]}],[],[],[]],[[{"start":0,"end":31,"url":null,"entity_id":"Q19838187","candidates":[]}],[],[],[]],[[{"start":0,"end":34,"url":null,"entity_id":"Q19838185","candidates":[]}],[],[],[]],[[{"start":0,"end":36,"url":null,"entity_id":"Q19838184","candidates":[]}],[],[],[]],[[{"start":0,"end":28,"url":null,"entity_id":"Q19838183","candidates":[]}],[],[],[]],[[{"start":0,"end":23,"url":null,"entity_id":"Q18339468","candidates":[]}],[],[],[]],[[{"start":0,"end":18,"url":null,"entity_id":"Q15818911","candidates":[]}],[],[],[]],[[{"start":0,"end":28,"url":null,"entity_id":"Q11593135","candidates":[]}],[],[],[]],[[{"start":0,"end":20,"url":null,"entity_id":"Q11593101","candidates":[]}],[],[],[]],[[{"start":0,"end":25,"url":null,"entity_id":"Q11504054","candidates":[]}],[],[],[]],[[{"start":0,"end":22,"url":null,"entity_id":"Q11501469","candidates":[]}],[],[],[]],[[{"start":0,"end":25,"url":null,"entity_id":"Q11407866","candidates":[]}],[],[],[]],[[{"start":0,"end":22,"url":null,"entity_id":"Q10841004","candidates":[]}],[],[],[]]]}