{"version":"1.2","table":{"version":"2","table_id":"1G31KZUI","columns":[{"index":0,"name":"col0","values":["Teenage Mom: The Series","K9 Cop","Gogh, The Starry Night","My Secret Romance","Confession Couple","Sekai no Chuushin de, Ai wo Sakebu","Ashura no Gotoku","Kāsan, Ore wa Daijōbu","Cain and Abel","In Plain Sight","Love Destiny","Ang Shim Jung","Higuchi Ichiyō Monogatari","Masshiro","101st Marriage Proposal","Yamegoku: Yakuza Yamete Itadakimasu","Evergreen","Item","Lawless Lawyer","Clean with Passion for Now","Project 17: Side by Side","Fake News","Signal","Mosaic","War and Beauty","Vigilante Force","Twilight of a Nation","Queens of Diamonds and Hearts","Secret Agent Miss Oh","Saigo no Yakusoku","Tokugawa Ieyasu","Shinsengumi!","Sons and Daughters","What's Love","Best Bet"]},{"index":1,"name":"col1","values":["Line TV","TVB Jade","Seoul Broadcasting System","Orion Cinema Network","KBS2","Tokyo Broadcasting System Television","NHK General TV","Nippon Television","Fuji Television","ITV","Channel 3","E Channel","Tokyo Broadcasting System Television","Tokyo Broadcasting System Television","Fuji Television","Tokyo Broadcasting System Holdings","Orion Cinema Network","Munhwa Broadcasting Corporation","TVN","JTBC","Tencent Video","NHK General TV","Fuji Television","HBO","TVB Jade","TVB Jade","TVB Jade","TVB Jade","KBS2","Fuji Television","NHK","NHK","Munhwa Broadcasting Corporation","Munhwa Broadcasting Corporation","TVB Jade"]},{"index":2,"name":"col2","values":["Thai","Cantonese","Korean","Korean","Korean","Japanese","Japanese","Japanese","Japanese","English","Thai","Korean","Japanese","Japanese","Japanese","Japanese","Korean","Korean","Korean","Korean","Chinese","Japanese","Japanese","English","Cantonese","Cantonese","Cantonese","Cantonese","Korean","Japanese","Japanese","Japanese","Korean","Korean","Cantonese"]}]},"context":{"page_title":null,"page_url":null,"page_entity_id":null,"content_hierarchy":[]},"links":[[[{"start":0,"end":23,"url":null,"entity_id":"Q36334109","candidates":[]}],[{"start":0,"end":7,"url":null,"entity_id":"Q28412981","candidates":[]}],[{"start":0,"end":4,"url":null,"entity_id":"Q9217","candidates":[]}]],[[{"start":0,"end":6,"url":null,"entity_id":"Q20689099","candidates":[]}],[{"start":0,"end":8,"url":null,"entity_id":"Q3258605","candidates":[]}],[{"start":0,"end":9,"url":null,"entity_id":"Q9186","candidates":[]}]],[[{"start":0,"end":22,"url":null,"entity_id":"Q24211321","candidates":[]}],[{"start":0,"end":25,"url":null,"entity_id":"Q928831","candidates":[]}],[{"start":0,"end":6,"url":null,"entity_id":"Q9176","candidates":[]}]],[[{"start":0,"end":17,"url":null,"entity_id":"Q28941050","candidates":[]}],[{"start":0,"end":20,"url":null,"entity_id":"Q626419","candidates":[]}],[{"start":0,"end":6,"url":null,"entity_id":"Q9176","candidates":[]}]],[[{"start":0,"end":17,"url":null,"entity_id":"Q38567535","candidates":[]}],[{"start":0,"end":4,"url":null,"entity_id":"Q624509","candidates":[]}],[{"start":0,"end":6,"url":null,"entity_id":"Q9176","candidates":[]}]],[[{"start":0,"end":34,"url":null,"entity_id":"Q25408749","candidates":[]}],[{"start":0,"end":36,"url":null,"entity_id":"Q6766400","candidates":[]}],[{"start":0,"end":8,"url":null,"entity_id":"Q5287","candidates":[]}]],[[{"start":0,"end":16,"url":null,"entity_id":"Q20655866","candidates":[]}],[{"start":0,"end":14,"url":null,"entity_id":"Q909336","candidates":[]}],[{"start":0,"end":8,"url":null,"entity_id":"Q5287","candidates":[]}]],[[{"start":0,"end":21,"url":null,"entity_id":"Q20643546","candidates":[]}],[{"start":0,"end":17,"url":null,"entity_id":"Q864910","candidates":[]}],[{"start":0,"end":8,"url":null,"entity_id":"Q5287","candidates":[]}]],[[{"start":0,"end":13,"url":null,"entity_id":"Q26806318","candidates":[]}],[{"start":0,"end":15,"url":null,"entity_id":"Q744800","candidates":[]}],[{"start":0,"end":8,"url":null,"entity_id":"Q5287","candidates":[]}]],[[{"start":0,"end":14,"url":null,"entity_id":"Q28047492","candidates":[]}],[{"start":0,"end":3,"url":null,"entity_id":"Q220072","candidates":[]}],[{"start":0,"end":7,"url":null,"entity_id":"Q1860","candidates":[]}]],[[{"start":0,"end":12,"url":null,"entity_id":"Q16307488","candidates":[]}],[{"start":0,"end":9,"url":null,"entity_id":"Q1571768","candidates":[]}],[{"start":0,"end":4,"url":null,"entity_id":"Q9217","candidates":[]}]],[[{"start":0,"end":13,"url":null,"entity_id":"Q16160512","candidates":[]}],[{"start":0,"end":9,"url":null,"entity_id":"Q12580977","candidates":[]}],[{"start":0,"end":6,"url":null,"entity_id":"Q9176","candidates":[]}]],[[{"start":0,"end":25,"url":null,"entity_id":"Q20580014","candidates":[]}],[{"start":0,"end":36,"url":null,"entity_id":"Q6766400","candidates":[]}],[{"start":0,"end":8,"url":null,"entity_id":"Q5287","candidates":[]}]],[[{"start":0,"end":8,"url":null,"entity_id":"Q18809513","candidates":[]}],[{"start":0,"end":36,"url":null,"entity_id":"Q6766400","candidates":[]}],[{"start":0,"end":8,"url":null,"entity_id":"Q5287","candidates":[]}]],[[{"start":0,"end":23,"url":null,"entity_id":"Q18697290","candidates":[]}],[{"start":0,"end":15,"url":null,"entity_id":"Q744800","candidates":[]}],[{"start":0,"end":8,"url":null,"entity_id":"Q5287","candidates":[]}]],[[{"start":0,"end":35,"url":null,"entity_id":"Q19693301","candidates":[]}],[{"start":0,"end":34,"url":null,"entity_id":"Q605233","candidates":[]}],[{"start":0,"end":8,"url":null,"entity_id":"Q5287","candidates":[]}]],[[{"start":0,"end":9,"url":null,"entity_id":"Q43160464","candidates":[]}],[{"start":0,"end":20,"url":null,"entity_id":"Q626419","candidates":[]}],[{"start":0,"end":6,"url":null,"entity_id":"Q9176","candidates":[]}]],[[{"start":0,"end":4,"url":null,"entity_id":"Q58478934","candidates":[]}],[{"start":0,"end":31,"url":null,"entity_id":"Q482607","candidates":[]}],[{"start":0,"end":6,"url":null,"entity_id":"Q9176","candidates":[]}]],[[{"start":0,"end":14,"url":null,"entity_id":"Q50716289","candidates":[]}],[{"start":0,"end":3,"url":null,"entity_id":"Q333424","candidates":[]}],[{"start":0,"end":6,"url":null,"entity_id":"Q9176","candidates":[]}]],[[{"start":0,"end":26,"url":null,"entity_id":"Q47743749","candidates":[]}],[{"start":0,"end":4,"url":null,"entity_id":"Q213097","candidates":[]}],[{"start":0,"end":6,"url":null,"entity_id":"Q9176","candidates":[]}]],[[{"start":0,"end":24,"url":null,"entity_id":"Q66435158","candidates":[]}],[{"start":0,"end":13,"url":null,"entity_id":"Q28136991","candidates":[]}],[{"start":0,"end":7,"url":null,"entity_id":"Q7850","candidates":[]}]],[[{"start":0,"end":9,"url":null,"entity_id":"Q56348598","candidates":[]}],[{"start":0,"end":14,"url":null,"entity_id":"Q909336","candidates":[]}],[{"start":0,"end":8,"url":null,"entity_id":"Q5287","candidates":[]}]],[[{"start":0,"end":6,"url":null,"entity_id":"Q50045541","candidates":[]}],[{"start":0,"end":15,"url":null,"entity_id":"Q744800","candidates":[]}],[{"start":0,"end":8,"url":null,"entity_id":"Q5287","candidates":[]}]],[[{"start":0,"end":6,"url":null,"entity_id":"Q43541058","candidates":[]}],[{"start":0,"end":3,"url":null,"entity_id":"Q10513027","candidates":[]}],[{"start":0,"end":7,"url":null,"entity_id":"Q1860","candidates":[]}]],[[{"start":0,"end":14,"url":null,"entity_id":"Q7968567","candidates":[]}],[{"start":0,"end":8,"url":null,"entity_id":"Q3258605","candidates":[]}],[{"start":0,"end":9,"url":null,"entity_id":"Q9186","candidates":[]}]],[[{"start":0,"end":15,"url":null,"entity_id":"Q7928922","candidates":[]}],[{"start":0,"end":8,"url":null,"entity_id":"Q3258605","candidates":[]}],[{"start":0,"end":9,"url":null,"entity_id":"Q9186","candidates":[]}]],[[{"start":0,"end":20,"url":null,"entity_id":"Q7858027","candidates":[]}],[{"start":0,"end":8,"url":null,"entity_id":"Q3258605","candidates":[]}],[{"start":0,"end":9,"url":null,"entity_id":"Q9186","candidates":[]}]],[[{"start":0,"end":29,"url":null,"entity_id":"Q7270835","candidates":[]}],[{"start":0,"end":8,"url":null,"entity_id":"Q3258605","candidates":[]}],[{"start":0,"end":9,"url":null,"entity_id":"Q9186","candidates":[]}]],[[{"start":0,"end":20,"url":null,"entity_id":"Q6838112","candidates":[]}],[{"start":0,"end":4,"url":null,"entity_id":"Q624509","candidates":[]}],[{"start":0,"end":6,"url":null,"entity_id":"Q9176","candidates":[]}]],[[{"start":0,"end":17,"url":null,"entity_id":"Q7400063","candidates":[]}],[{"start":0,"end":15,"url":null,"entity_id":"Q744800","candidates":[]}],[{"start":0,"end":8,"url":null,"entity_id":"Q5287","candidates":[]}]],[[{"start":0,"end":15,"url":null,"entity_id":"Q8016266","candidates":[]}],[{"start":0,"end":3,"url":null,"entity_id":"Q212128","candidates":[]}],[{"start":0,"end":8,"url":null,"entity_id":"Q5287","candidates":[]}]],[[{"start":0,"end":12,"url":null,"entity_id":"Q7497758","candidates":[]}],[{"start":0,"end":3,"url":null,"entity_id":"Q212128","candidates":[]}],[{"start":0,"end":8,"url":null,"entity_id":"Q5287","candidates":[]}]],[[{"start":0,"end":18,"url":null,"entity_id":"Q12605136","candidates":[]}],[{"start":0,"end":31,"url":null,"entity_id":"Q482607","candidates":[]}],[{"start":0,"end":6,"url":null,"entity_id":"Q9176","candidates":[]}]],[[{"start":0,"end":11,"url":null,"entity_id":"Q12599678","candidates":[]}],[{"start":0,"end":31,"url":null,"entity_id":"Q482607","candidates":[]}],[{"start":0,"end":6,"url":null,"entity_id":"Q9176","candidates":[]}]],[[{"start":0,"end":8,"url":null,"entity_id":"Q868761","candidates":[]}],[{"start":0,"end":8,"url":null,"entity_id":"Q3258605","candidates":[]}],[{"start":0,"end":9,"url":null,"entity_id":"Q9186","candidates":[]}]]]}