{"version":"1.2","table":{"version":"2","table_id":"1GOCI1ZZ","columns":[{"index":0,"name":"col0","values":["SDSS J103321.58+554331.4","2MASS J11563055+5650465","SDSS J112715.20+461242.0","SDSS J114120.46+395218.6","SDSS J114946.56+321702.3","SDSS J101136.54+560514.8","SDSS J102911.49+573513.1","SDSS J112922.28+565113.8","SDSS J120824.98+623740.4","2MASS J10351815+6153569","2MASS J11205062+6146423","SDSS J120806.10+623755.7","SDSS J095517.53+604359.1","SDSS J115235.12+555800.6","SDSS J110210.14+351344.6","SDSS J120656.57+520955.4","SDSS J104430.03+624758.9","SDSS J120406.00+473503.5","SDSS J111222.67+523039.9","SDSS J110257.91+334252.3","SDSS J103248.77+510258.3","2MASS J11264692+5315332","SDSS J105843.30+334310.9","2MASS J10403589+0849037","SDSS J105526.69-005029.0","SDSS J095425.70+314244.6","SDSS J113108.58+132003.9","SDSS J100139.32+090525.2","SDSS J105617.76+061258.9","SDSS J104250.55+072242.9","SDSS J113820.17+044102.6","SDSS J120709.59-005558.2","SDSS J105010.52+340342.7","SDSS J101459.49+344950.1"]},{"index":1,"name":"col1","values":["Ursa Major","Ursa Major","Ursa Major","Ursa Major","Ursa Major","Ursa Major","Ursa Major","Ursa Major","Ursa Major","Ursa Major","Ursa Major","Ursa Major","Ursa Major","Ursa Major","Ursa Major","Ursa Major","Ursa Major","Ursa Major","Ursa Major","Ursa Major","Ursa Major","Ursa Major","Ursa Major","Leo","Leo","Leo","Leo","Leo","Leo","Leo","Virgo","Virgo","Leo Minor","Leo Minor"]},{"index":2,"name":"col2","values":["-62.737","-8.619","-33.639","-67.813","-30.219","-13.63","-15.726","-12.798","-15.675","-42.93","-53.55","-5.945","-42.627","-14.913","-135.459","-19.047","-9.693","-191.068","-0.628","-38.619","8.907","-29.105","-6.402","-44.547","-93.405","-46.321","-16.301","-58.658","-35.183","-50.096","-160.437","-22.233","-26.029","-22.748"]},{"index":3,"name":"col3","values":["0.00004","-0.00024","-0.00023","-0.00011","0.00003","-0.00009","-0.00001","-0.00037","0.00005","-0.00001","0.00006","-0.00011","-0.00013","-0.00009","0.00024","0.00008","-0.00016","-0.00015","0","0.00016","0.00002","-0.00017","0.00012","0.00038","0.00003","0.00008","-0.00005","-0.00012","0.00026","-0.00009","0.00023","0.0001","-0.00016","-0.00018"]},{"index":4,"name":"col4","values":["48","12","-4","39","12","-6","-4","-35","3","3","32","-45","-8","-2","89","31","-75","-4","-3","33","6","-52","30","65","3","38","-22","23","7","-10","135","-10","-17","-10"]},{"index":5,"name":"col5","values":["8.9433","5.4003","15.2989","8.3809","10.0273","3.2968","1.3094","5.7288","1.1649","7.8839","4.1689","0.6188","14.122","3.1964","7.7501","4.7974","1.8727","9.965","2.3961","4.7388","4.3701","1.5194","2.8991","2.5294","6.4361","5.1223","1.6886","5.4477","2.9266","7.3363","2.7475","1.4714","4.5337","4.1646"]}]},"context":{"page_title":null,"page_url":null,"page_entity_id":null,"content_hierarchy":[]},"links":[[[{"start":0,"end":24,"url":null,"entity_id":"Q77406431","candidates":[]}],[{"start":0,"end":10,"url":null,"entity_id":"Q8918","candidates":[]}],[],[],[],[]],[[{"start":0,"end":23,"url":null,"entity_id":"Q77406426","candidates":[]}],[{"start":0,"end":10,"url":null,"entity_id":"Q8918","candidates":[]}],[],[],[],[]],[[{"start":0,"end":24,"url":null,"entity_id":"Q77406424","candidates":[]}],[{"start":0,"end":10,"url":null,"entity_id":"Q8918","candidates":[]}],[],[],[],[]],[[{"start":0,"end":24,"url":null,"entity_id":"Q77406419","candidates":[]}],[{"start":0,"end":10,"url":null,"entity_id":"Q8918","candidates":[]}],[],[],[],[]],[[{"start":0,"end":24,"url":null,"entity_id":"Q77406412","candidates":[]}],[{"start":0,"end":10,"url":null,"entity_id":"Q8918","candidates":[]}],[],[],[],[]],[[{"start":0,"end":24,"url":null,"entity_id":"Q77406405","candidates":[]}],[{"start":0,"end":10,"url":null,"entity_id":"Q8918","candidates":[]}],[],[],[],[]],[[{"start":0,"end":24,"url":null,"entity_id":"Q77406401","candidates":[]}],[{"start":0,"end":10,"url":null,"entity_id":"Q8918","candidates":[]}],[],[],[],[]],[[{"start":0,"end":24,"url":null,"entity_id":"Q77406395","candidates":[]}],[{"start":0,"end":10,"url":null,"entity_id":"Q8918","candidates":[]}],[],[],[],[]],[[{"start":0,"end":24,"url":null,"entity_id":"Q77406391","candidates":[]}],[{"start":0,"end":10,"url":null,"entity_id":"Q8918","candidates":[]}],[],[],[],[]],[[{"start":0,"end":23,"url":null,"entity_id":"Q77406383","candidates":[]}],[{"start":0,"end":10,"url":null,"entity_id":"Q8918","candidates":[]}],[],[],[],[]],[[{"start":0,"end":23,"url":null,"entity_id":"Q77406380","candidates":[]}],[{"start":0,"end":10,"url":null,"entity_id":"Q8918","candidates":[]}],[],[],[],[]],[[{"start":0,"end":24,"url":null,"entity_id":"Q77406376","candidates":[]}],[{"start":0,"end":10,"url":null,"entity_id":"Q8918","candidates":[]}],[],[],[],[]],[[{"start":0,"end":24,"url":null,"entity_id":"Q77406369","candidates":[]}],[{"start":0,"end":10,"url":null,"entity_id":"Q8918","candidates":[]}],[],[],[],[]],[[{"start":0,"end":24,"url":null,"entity_id":"Q77406363","candidates":[]}],[{"start":0,"end":10,"url":null,"entity_id":"Q8918","candidates":[]}],[],[],[],[]],[[{"start":0,"end":24,"url":null,"entity_id":"Q77406355","candidates":[]}],[{"start":0,"end":10,"url":null,"entity_id":"Q8918","candidates":[]}],[],[],[],[]],[[{"start":0,"end":24,"url":null,"entity_id":"Q77406352","candidates":[]}],[{"start":0,"end":10,"url":null,"entity_id":"Q8918","candidates":[]}],[],[],[],[]],[[{"start":0,"end":24,"url":null,"entity_id":"Q77406350","candidates":[]}],[{"start":0,"end":10,"url":null,"entity_id":"Q8918","candidates":[]}],[],[],[],[]],[[{"start":0,"end":24,"url":null,"entity_id":"Q77406345","candidates":[]}],[{"start":0,"end":10,"url":null,"entity_id":"Q8918","candidates":[]}],[],[],[],[]],[[{"start":0,"end":24,"url":null,"entity_id":"Q77406341","candidates":[]}],[{"start":0,"end":10,"url":null,"entity_id":"Q8918","candidates":[]}],[],[],[],[]],[[{"start":0,"end":24,"url":null,"entity_id":"Q77406339","candidates":[]}],[{"start":0,"end":10,"url":null,"entity_id":"Q8918","candidates":[]}],[],[],[],[]],[[{"start":0,"end":24,"url":null,"entity_id":"Q77406336","candidates":[]}],[{"start":0,"end":10,"url":null,"entity_id":"Q8918","candidates":[]}],[],[],[],[]],[[{"start":0,"end":23,"url":null,"entity_id":"Q77406333","candidates":[]}],[{"start":0,"end":10,"url":null,"entity_id":"Q8918","candidates":[]}],[],[],[],[]],[[{"start":0,"end":24,"url":null,"entity_id":"Q77406331","candidates":[]}],[{"start":0,"end":10,"url":null,"entity_id":"Q8918","candidates":[]}],[],[],[],[]],[[{"start":0,"end":23,"url":null,"entity_id":"Q77406455","candidates":[]}],[{"start":0,"end":3,"url":null,"entity_id":"Q8853","candidates":[]}],[],[],[],[]],[[{"start":0,"end":24,"url":null,"entity_id":"Q77406448","candidates":[]}],[{"start":0,"end":3,"url":null,"entity_id":"Q8853","candidates":[]}],[],[],[],[]],[[{"start":0,"end":24,"url":null,"entity_id":"Q77406416","candidates":[]}],[{"start":0,"end":3,"url":null,"entity_id":"Q8853","candidates":[]}],[],[],[],[]],[[{"start":0,"end":24,"url":null,"entity_id":"Q77406413","candidates":[]}],[{"start":0,"end":3,"url":null,"entity_id":"Q8853","candidates":[]}],[],[],[],[]],[[{"start":0,"end":24,"url":null,"entity_id":"Q77406392","candidates":[]}],[{"start":0,"end":3,"url":null,"entity_id":"Q8853","candidates":[]}],[],[],[],[]],[[{"start":0,"end":24,"url":null,"entity_id":"Q77406372","candidates":[]}],[{"start":0,"end":3,"url":null,"entity_id":"Q8853","candidates":[]}],[],[],[],[]],[[{"start":0,"end":24,"url":null,"entity_id":"Q77406347","candidates":[]}],[{"start":0,"end":3,"url":null,"entity_id":"Q8853","candidates":[]}],[],[],[],[]],[[{"start":0,"end":24,"url":null,"entity_id":"Q77406417","candidates":[]}],[{"start":0,"end":5,"url":null,"entity_id":"Q8842","candidates":[]}],[],[],[],[]],[[{"start":0,"end":24,"url":null,"entity_id":"Q77406407","candidates":[]}],[{"start":0,"end":5,"url":null,"entity_id":"Q8842","candidates":[]}],[],[],[],[]],[[{"start":0,"end":24,"url":null,"entity_id":"Q77405894","candidates":[]}],[{"start":0,"end":9,"url":null,"entity_id":"Q10403","candidates":[]}],[],[],[],[]],[[{"start":0,"end":24,"url":null,"entity_id":"Q77405890","candidates":[]}],[{"start":0,"end":9,"url":null,"entity_id":"Q10403","candidates":[]}],[],[],[],[]]]}