{"version":"1.2","table":{"version":"2","table_id":"1GSHWBF2","columns":[{"index":0,"name":"col0","values":["Flprizel","Man o'\"War","Nijisky II","Dancing Bravf","oun Gleet","Blushing Gsoom","All long","Sherga","Sunlinf","Red Rn","Wingwurf","Brbaro","Surupu","Nharco","Ribot","Afgirmed","Nqrthern Dacer","A.P.\"Indy","Monswn","Kauto Suar"]},{"index":1,"name":"col1","values":["race horse","race horse","race horse","race horse","race horse","race horse","race horse","race horse","race horse","race horse","race horse","race horse","race horse","race horse","race horse","race horse","race horse","race horse","race horse","race horse"]},{"index":2,"name":"col2","values":["1791/01/01","1947/11/01","1992/04/15","1999/08/02","1973/12/03","1992/05/06","2005/02/23","t657167049","2009/05/01","1995/10/18","1998/01/01","2007/01/29","2000/01/01","1957/06/27","1972/04/28","2001/01/12","1990/11/16","2020/02/21","2012/09/09","2015/06/29"]}]},"context":{"page_title":null,"page_url":null,"page_entity_id":null,"content_hierarchy":[]},"links":[[[{"start":0,"end":8,"url":null,"entity_id":"Q166541","candidates":[]}],[{"start":0,"end":10,"url":null,"entity_id":"Q2442470","candidates":[]}],[]],[[{"start":0,"end":10,"url":null,"entity_id":"Q114218","candidates":[]}],[{"start":0,"end":10,"url":null,"entity_id":"Q2442470","candidates":[]}],[]],[[{"start":0,"end":10,"url":null,"entity_id":"Q26798","candidates":[]}],[{"start":0,"end":10,"url":null,"entity_id":"Q2442470","candidates":[]}],[]],[[{"start":0,"end":13,"url":null,"entity_id":"Q3013377","candidates":[]}],[{"start":0,"end":10,"url":null,"entity_id":"Q2442470","candidates":[]}],[]],[[{"start":0,"end":9,"url":null,"entity_id":"Q2998880","candidates":[]}],[{"start":0,"end":10,"url":null,"entity_id":"Q2442470","candidates":[]}],[]],[[{"start":0,"end":14,"url":null,"entity_id":"Q2907399","candidates":[]}],[{"start":0,"end":10,"url":null,"entity_id":"Q2442470","candidates":[]}],[]],[[{"start":0,"end":8,"url":null,"entity_id":"Q2837461","candidates":[]}],[{"start":0,"end":10,"url":null,"entity_id":"Q2442470","candidates":[]}],[]],[[{"start":0,"end":6,"url":null,"entity_id":"Q2739031","candidates":[]}],[{"start":0,"end":10,"url":null,"entity_id":"Q2442470","candidates":[]}],[]],[[{"start":0,"end":7,"url":null,"entity_id":"Q2680250","candidates":[]}],[{"start":0,"end":10,"url":null,"entity_id":"Q2442470","candidates":[]}],[]],[[{"start":0,"end":6,"url":null,"entity_id":"Q2624525","candidates":[]}],[{"start":0,"end":10,"url":null,"entity_id":"Q2442470","candidates":[]}],[]],[[{"start":0,"end":8,"url":null,"entity_id":"Q2584114","candidates":[]}],[{"start":0,"end":10,"url":null,"entity_id":"Q2442470","candidates":[]}],[]],[[{"start":0,"end":6,"url":null,"entity_id":"Q2566163","candidates":[]}],[{"start":0,"end":10,"url":null,"entity_id":"Q2442470","candidates":[]}],[]],[[{"start":0,"end":6,"url":null,"entity_id":"Q2368704","candidates":[]}],[{"start":0,"end":10,"url":null,"entity_id":"Q2442470","candidates":[]}],[]],[[{"start":0,"end":6,"url":null,"entity_id":"Q2305063","candidates":[]}],[{"start":0,"end":10,"url":null,"entity_id":"Q2442470","candidates":[]}],[]],[[{"start":0,"end":5,"url":null,"entity_id":"Q2245980","candidates":[]}],[{"start":0,"end":10,"url":null,"entity_id":"Q2442470","candidates":[]}],[]],[[{"start":0,"end":8,"url":null,"entity_id":"Q2099366","candidates":[]}],[{"start":0,"end":10,"url":null,"entity_id":"Q2442470","candidates":[]}],[]],[[{"start":0,"end":14,"url":null,"entity_id":"Q1969034","candidates":[]}],[{"start":0,"end":10,"url":null,"entity_id":"Q2442470","candidates":[]}],[]],[[{"start":0,"end":9,"url":null,"entity_id":"Q1968208","candidates":[]}],[{"start":0,"end":10,"url":null,"entity_id":"Q2442470","candidates":[]}],[]],[[{"start":0,"end":6,"url":null,"entity_id":"Q1945364","candidates":[]}],[{"start":0,"end":10,"url":null,"entity_id":"Q2442470","candidates":[]}],[]],[[{"start":0,"end":10,"url":null,"entity_id":"Q1866305","candidates":[]}],[{"start":0,"end":10,"url":null,"entity_id":"Q2442470","candidates":[]}],[]]]}