{"version":"1.2","table":{"version":"2","table_id":"1HU5MQU6","columns":[{"index":0,"name":"col0","values":["Christoph Willibald von Gluck","Adam Mickiewicz","Julius von Mohl","Pierre-Auguste Renoir","Paul Gauguin","Jules Verne","Cardinal Richelieu","Jean-Paul Sartre","Ivan Turgenev","Theodore Roosevelt","Franklin Delano Roosevelt","Mary Wollstonecraft","Mary, Queen of Scots","Francisco Azorín Izquierdo","Vimala Devi","Leo Tolstoy","Charles Baudelaire","Victor Hugo","Alexander von Humboldt","Pablo Picasso"]},{"index":1,"name":"col1","values":["French","French","French","French","French","French","French","French","French","French","French","French","French","Esperanto","Esperanto","French","French","French","French","French"]},{"index":2,"name":"col2","values":["Paris","Paris","Paris","Paris","Paris","Paris","Paris","Paris","Berlin","New York City","New York City","Wales","Scotland","Madrid","Barcelona","Denezhnyy Lane","rue d'Amsterdam","rue Laffitte","rue Jacob","Château of Vauvenarg"]}]},"context":{"page_title":null,"page_url":null,"page_entity_id":null,"content_hierarchy":[]},"links":[[[{"start":0,"end":29,"url":null,"entity_id":"Q130759","candidates":[]}],[{"start":0,"end":6,"url":null,"entity_id":"Q150","candidates":[]}],[{"start":0,"end":5,"url":null,"entity_id":"Q90","candidates":[]}]],[[{"start":0,"end":15,"url":null,"entity_id":"Q79822","candidates":[]}],[{"start":0,"end":6,"url":null,"entity_id":"Q150","candidates":[]}],[{"start":0,"end":5,"url":null,"entity_id":"Q90","candidates":[]}]],[[{"start":0,"end":15,"url":null,"entity_id":"Q71602","candidates":[]}],[{"start":0,"end":6,"url":null,"entity_id":"Q150","candidates":[]}],[{"start":0,"end":5,"url":null,"entity_id":"Q90","candidates":[]}]],[[{"start":0,"end":21,"url":null,"entity_id":"Q39931","candidates":[]}],[{"start":0,"end":6,"url":null,"entity_id":"Q150","candidates":[]}],[{"start":0,"end":5,"url":null,"entity_id":"Q90","candidates":[]}]],[[{"start":0,"end":12,"url":null,"entity_id":"Q37693","candidates":[]}],[{"start":0,"end":6,"url":null,"entity_id":"Q150","candidates":[]}],[{"start":0,"end":5,"url":null,"entity_id":"Q90","candidates":[]}]],[[{"start":0,"end":11,"url":null,"entity_id":"Q33977","candidates":[]}],[{"start":0,"end":6,"url":null,"entity_id":"Q150","candidates":[]}],[{"start":0,"end":5,"url":null,"entity_id":"Q90","candidates":[]}]],[[{"start":0,"end":18,"url":null,"entity_id":"Q26702","candidates":[]}],[{"start":0,"end":6,"url":null,"entity_id":"Q150","candidates":[]}],[{"start":0,"end":5,"url":null,"entity_id":"Q90","candidates":[]}]],[[{"start":0,"end":16,"url":null,"entity_id":"Q9364","candidates":[]}],[{"start":0,"end":6,"url":null,"entity_id":"Q150","candidates":[]}],[{"start":0,"end":5,"url":null,"entity_id":"Q90","candidates":[]}]],[[{"start":0,"end":13,"url":null,"entity_id":"Q42831","candidates":[]}],[{"start":0,"end":6,"url":null,"entity_id":"Q150","candidates":[]}],[{"start":0,"end":6,"url":null,"entity_id":"Q64","candidates":[]}]],[[{"start":0,"end":18,"url":null,"entity_id":"Q33866","candidates":[]}],[{"start":0,"end":6,"url":null,"entity_id":"Q150","candidates":[]}],[{"start":0,"end":13,"url":null,"entity_id":"Q60","candidates":[]}]],[[{"start":0,"end":25,"url":null,"entity_id":"Q8007","candidates":[]}],[{"start":0,"end":6,"url":null,"entity_id":"Q150","candidates":[]}],[{"start":0,"end":13,"url":null,"entity_id":"Q60","candidates":[]}]],[[{"start":0,"end":19,"url":null,"entity_id":"Q101638","candidates":[]}],[{"start":0,"end":6,"url":null,"entity_id":"Q150","candidates":[]}],[{"start":0,"end":5,"url":null,"entity_id":"Q25","candidates":[]}]],[[{"start":0,"end":20,"url":null,"entity_id":"Q131412","candidates":[]}],[{"start":0,"end":6,"url":null,"entity_id":"Q150","candidates":[]}],[{"start":0,"end":8,"url":null,"entity_id":"Q22","candidates":[]}]],[[{"start":0,"end":26,"url":null,"entity_id":"Q3774288","candidates":[]}],[{"start":0,"end":9,"url":null,"entity_id":"Q143","candidates":[]}],[{"start":0,"end":6,"url":null,"entity_id":"Q2807","candidates":[]}]],[[{"start":0,"end":11,"url":null,"entity_id":"Q3291572","candidates":[]}],[{"start":0,"end":9,"url":null,"entity_id":"Q143","candidates":[]}],[{"start":0,"end":9,"url":null,"entity_id":"Q1492","candidates":[]}]],[[{"start":0,"end":11,"url":null,"entity_id":"Q7243","candidates":[]}],[{"start":0,"end":6,"url":null,"entity_id":"Q150","candidates":[]}],[{"start":0,"end":14,"url":null,"entity_id":"Q4157894","candidates":[]}]],[[{"start":0,"end":18,"url":null,"entity_id":"Q501","candidates":[]}],[{"start":0,"end":6,"url":null,"entity_id":"Q150","candidates":[]}],[{"start":0,"end":15,"url":null,"entity_id":"Q3450470","candidates":[]}]],[[{"start":0,"end":11,"url":null,"entity_id":"Q535","candidates":[]}],[{"start":0,"end":6,"url":null,"entity_id":"Q150","candidates":[]}],[{"start":0,"end":12,"url":null,"entity_id":"Q3448718","candidates":[]}]],[[{"start":0,"end":22,"url":null,"entity_id":"Q6694","candidates":[]}],[{"start":0,"end":6,"url":null,"entity_id":"Q150","candidates":[]}],[{"start":0,"end":9,"url":null,"entity_id":"Q3448385","candidates":[]}]],[[{"start":0,"end":13,"url":null,"entity_id":"Q5593","candidates":[]}],[{"start":0,"end":6,"url":null,"entity_id":"Q150","candidates":[]}],[{"start":0,"end":20,"url":null,"entity_id":"Q2970932","candidates":[]}]]]}