{"version":"1.2","table":{"version":"2","table_id":"1HYWMWLR","columns":[{"index":0,"name":"col0","values":["Theoretical Roman Archaeology Journal","Canadian Journal of Bioethics","WikiJournal of Medicine","Logical Methods in Computer Science","Molecular Plant Pathology","Journal of Cachexia, Sarcopenia and Muscle","Vaccine","Nordic Journal of English Studies","Hmong Studies Journal","Social Cognitive and Affective Neuroscience","Language Documentation & Conservation","Philosophers' Imprint","Journal of Transport and Land Use","Journal of Scientific Exploration","Health and Human Rights","G3","Molecular Brain","Journal of Medical Case Reports","Translational Psychiatry","Human Resources for Health"]},{"index":1,"name":"col1","values":["Theoretical Roman Archaeology Journal","Canadian journal of bioethics","WikiJournal of Medicine","Logical Methods in Computer Science","Molecular Plant Pathology","Journal of Cachexia, Sarcopenia and Muscle","Vaccine","Nordic Journal of English Studies","Hmong Studies Journal","Social Cognitive and Affective Neuroscience","Language Documentation & Conservation","Philosophers' Imprint","Journal of Transport and Land Use","Journal of Scientific Exploration","Health and Human Rights","G3","Molecular Brain","Journal of Medical Case Reports","Translational Psychiatry","Human Resources for Health"]},{"index":2,"name":"col2","values":["Lisa Lodwick","Bryn Williams-Jones","James Heilman","Dana Scott","Ralph A. Dean","Stefan D. Anker","Gregory Poland","Karin Aijmer","Mark Pfeifer","Matthew Lieberman","Nicholas Thieberger","J. David Velleman","David M. Levinson","Stephen E. Braude","Paul Farmer","Brenda Andrews","Min Zhuo","Michael Kidd","Julio Licinio","Mario Roberto Dal Poz"]},{"index":3,"name":"col3","values":["Creative Commons Attribution-NonCommercial-NoDerivatives","Creative Commons Attribution","Creative Commons Attribution-ShareAlike","Creative Commons Attribution-NoDerivatives","Creative Commons Attribution-NonCommercial-NoDerivatives","Creative Commons Attribution-NonCommercial-NoDerivatives","Creative Commons Attribution-NonCommercial-NoDerivatives","Creative Commons Attribution-NonCommercial-NoDerivatives","Creative Commons Attribution-NonCommercial-NoDerivatives","Creative Commons Attribution-NonCommercial-NoDerivatives","Creative Commons Attribution-NonCommercial-NoDerivatives","Creative Commons Attribution-NonCommercial-NoDerivatives","Creative Commons Attribution-NonCommercial","Creative Commons Attribution-NonCommercial","Creative Commons Attribution-NonCommercial","Creative Commons Attribution","Creative Commons Attribution","Creative Commons Attribution","Creative Commons Attribution","Creative Commons Attribution"]}]},"context":{"page_title":null,"page_url":null,"page_entity_id":null,"content_hierarchy":[]},"links":[[[{"start":0,"end":37,"url":null,"entity_id":"Q53625119","candidates":[]}],[],[{"start":0,"end":12,"url":null,"entity_id":"Q47068637","candidates":[]}],[{"start":0,"end":56,"url":null,"entity_id":"Q6937225","candidates":[]}]],[[{"start":0,"end":29,"url":null,"entity_id":"Q57012229","candidates":[]}],[],[{"start":0,"end":19,"url":null,"entity_id":"Q40276573","candidates":[]}],[{"start":0,"end":28,"url":null,"entity_id":"Q6905323","candidates":[]}]],[[{"start":0,"end":23,"url":null,"entity_id":"Q24657325","candidates":[]}],[],[{"start":0,"end":13,"url":null,"entity_id":"Q16225640","candidates":[]}],[{"start":0,"end":39,"url":null,"entity_id":"Q6905942","candidates":[]}]],[[{"start":0,"end":35,"url":null,"entity_id":"Q13644986","candidates":[]}],[],[{"start":0,"end":10,"url":null,"entity_id":"Q49823","candidates":[]}],[{"start":0,"end":42,"url":null,"entity_id":"Q6999319","candidates":[]}]],[[{"start":0,"end":25,"url":null,"entity_id":"Q11937220","candidates":[]}],[],[{"start":0,"end":13,"url":null,"entity_id":"Q59773160","candidates":[]}],[{"start":0,"end":56,"url":null,"entity_id":"Q6937225","candidates":[]}]],[[{"start":0,"end":42,"url":null,"entity_id":"Q6294897","candidates":[]}],[],[{"start":0,"end":15,"url":null,"entity_id":"Q30310195","candidates":[]}],[{"start":0,"end":56,"url":null,"entity_id":"Q6937225","candidates":[]}]],[[{"start":0,"end":7,"url":null,"entity_id":"Q7907941","candidates":[]}],[],[{"start":0,"end":14,"url":null,"entity_id":"Q22096751","candidates":[]}],[{"start":0,"end":56,"url":null,"entity_id":"Q6937225","candidates":[]}]],[[{"start":0,"end":33,"url":null,"entity_id":"Q7050706","candidates":[]}],[],[{"start":0,"end":12,"url":null,"entity_id":"Q19938153","candidates":[]}],[{"start":0,"end":56,"url":null,"entity_id":"Q6937225","candidates":[]}]],[[{"start":0,"end":21,"url":null,"entity_id":"Q5873656","candidates":[]}],[],[{"start":0,"end":12,"url":null,"entity_id":"Q17386550","candidates":[]}],[{"start":0,"end":56,"url":null,"entity_id":"Q6937225","candidates":[]}]],[[{"start":0,"end":43,"url":null,"entity_id":"Q15716372","candidates":[]}],[],[{"start":0,"end":17,"url":null,"entity_id":"Q16731486","candidates":[]}],[{"start":0,"end":56,"url":null,"entity_id":"Q6937225","candidates":[]}]],[[{"start":0,"end":37,"url":null,"entity_id":"Q6486647","candidates":[]}],[],[{"start":0,"end":19,"url":null,"entity_id":"Q7026302","candidates":[]}],[{"start":0,"end":56,"url":null,"entity_id":"Q6937225","candidates":[]}]],[[{"start":0,"end":21,"url":null,"entity_id":"Q7186163","candidates":[]}],[],[{"start":0,"end":17,"url":null,"entity_id":"Q1620273","candidates":[]}],[{"start":0,"end":56,"url":null,"entity_id":"Q6937225","candidates":[]}]],[[{"start":0,"end":33,"url":null,"entity_id":"Q6296017","candidates":[]}],[],[{"start":0,"end":17,"url":null,"entity_id":"Q15429397","candidates":[]}],[{"start":0,"end":42,"url":null,"entity_id":"Q6936496","candidates":[]}]],[[{"start":0,"end":33,"url":null,"entity_id":"Q6295889","candidates":[]}],[],[{"start":0,"end":17,"url":null,"entity_id":"Q7609117","candidates":[]}],[{"start":0,"end":42,"url":null,"entity_id":"Q6936496","candidates":[]}]],[[{"start":0,"end":23,"url":null,"entity_id":"Q5690746","candidates":[]}],[],[{"start":0,"end":11,"url":null,"entity_id":"Q2263705","candidates":[]}],[{"start":0,"end":42,"url":null,"entity_id":"Q6936496","candidates":[]}]],[[{"start":0,"end":2,"url":null,"entity_id":"Q5512701","candidates":[]}],[],[{"start":0,"end":14,"url":null,"entity_id":"Q22077754","candidates":[]}],[{"start":0,"end":28,"url":null,"entity_id":"Q6905323","candidates":[]}]],[[{"start":0,"end":15,"url":null,"entity_id":"Q6895938","candidates":[]}],[],[{"start":0,"end":8,"url":null,"entity_id":"Q16195881","candidates":[]}],[{"start":0,"end":28,"url":null,"entity_id":"Q6905323","candidates":[]}]],[[{"start":0,"end":31,"url":null,"entity_id":"Q6295519","candidates":[]}],[],[{"start":0,"end":12,"url":null,"entity_id":"Q16192799","candidates":[]}],[{"start":0,"end":28,"url":null,"entity_id":"Q6905323","candidates":[]}]],[[{"start":0,"end":24,"url":null,"entity_id":"Q15716636","candidates":[]}],[],[{"start":0,"end":13,"url":null,"entity_id":"Q15429111","candidates":[]}],[{"start":0,"end":28,"url":null,"entity_id":"Q6905323","candidates":[]}]],[[{"start":0,"end":26,"url":null,"entity_id":"Q5937394","candidates":[]}],[],[{"start":0,"end":21,"url":null,"entity_id":"Q6764927","candidates":[]}],[{"start":0,"end":28,"url":null,"entity_id":"Q6905323","candidates":[]}]]]}