{"version":"1.2","table":{"version":"2","table_id":"1I3AJ8QT","columns":[{"index":0,"name":"col0","values":["NGC 2998","NGC 2898","NGC 2861","NGC 2840","NGC 2819","NGC 2794","NGC 2786","NGC 2774","NGC 2771","NGC 2769","NGC 2752","NGC 2746","NGC 2716","NGC 2713","NGC 2681","NGC 2675","NGC 2655","NGC 2623","NGC 2607","NGC 2600"]},{"index":1,"name":"col1","values":["12.4","13.7","13.06","13.8","13","13.2","12.8","13.9","12.9","13","13.9","13.2","12.2","11.9","10.29","13.26","11.08","13.36","14","14.2"]},{"index":2,"name":"col2","values":["59.7","106.68","73.8","96.38","127.2","124.18","82.41","124.13","73.76","70.16","125.54","100.58","53.25","68.55","16.44","135","20.2","80.91","54.48","195"]}]},"context":{"page_title":null,"page_url":null,"page_entity_id":null,"content_hierarchy":[]},"links":[[[{"start":0,"end":8,"url":null,"entity_id":"Q1102325","candidates":[]}],[],[]],[[{"start":0,"end":8,"url":null,"entity_id":"Q1051552","candidates":[]}],[],[]],[[{"start":0,"end":8,"url":null,"entity_id":"Q1051347","candidates":[]}],[],[]],[[{"start":0,"end":8,"url":null,"entity_id":"Q1051252","candidates":[]}],[],[]],[[{"start":0,"end":8,"url":null,"entity_id":"Q1051116","candidates":[]}],[],[]],[[{"start":0,"end":8,"url":null,"entity_id":"Q1050974","candidates":[]}],[],[]],[[{"start":0,"end":8,"url":null,"entity_id":"Q1050916","candidates":[]}],[],[]],[[{"start":0,"end":8,"url":null,"entity_id":"Q1050835","candidates":[]}],[],[]],[[{"start":0,"end":8,"url":null,"entity_id":"Q1050817","candidates":[]}],[],[]],[[{"start":0,"end":8,"url":null,"entity_id":"Q1050796","candidates":[]}],[],[]],[[{"start":0,"end":8,"url":null,"entity_id":"Q1050675","candidates":[]}],[],[]],[[{"start":0,"end":8,"url":null,"entity_id":"Q1050639","candidates":[]}],[],[]],[[{"start":0,"end":8,"url":null,"entity_id":"Q1050481","candidates":[]}],[],[]],[[{"start":0,"end":8,"url":null,"entity_id":"Q1050462","candidates":[]}],[],[]],[[{"start":0,"end":8,"url":null,"entity_id":"Q1050299","candidates":[]}],[],[]],[[{"start":0,"end":8,"url":null,"entity_id":"Q1050264","candidates":[]}],[],[]],[[{"start":0,"end":8,"url":null,"entity_id":"Q1050163","candidates":[]}],[],[]],[[{"start":0,"end":8,"url":null,"entity_id":"Q1050007","candidates":[]}],[],[]],[[{"start":0,"end":8,"url":null,"entity_id":"Q1049972","candidates":[]}],[],[]],[[{"start":0,"end":8,"url":null,"entity_id":"Q1049951","candidates":[]}],[],[]]]}