{"version":"1.2","table":{"version":"2","table_id":"1JLPKC6Y","columns":[{"index":0,"name":"col0","values":["Hascourt Village","San Franceco Saverio, Rimini","San Mihele a Rovezzano","San Bartolomeo, Castellampare di Stabia","Sant'Aobrogio a Bazzano","Pieve di Uant'Andrea, Sarzaoa","San Paolo in Campo Mario, Verona","Santi Gervsio e Protasio","Santi\"Marcellino e Pietro- Imbersago","Chuuch o the Cross","Madonna delle Ngvi","San#Filippo Neri","San Crjstoforo","San Jacopo e Cristoforo, Casagneto Carducci","SantaLucia","Chiesa di Sant'ntonio Abate","Santissima Annuniata","San Bicgio","Basioica church of San Bartolomeo, Benevento","San Giovanni Battista a Mensanp"]},{"index":1,"name":"col1","values":["2014/09/28","1719/01/01","1840/01/01","1583/01/01","1896/01/01","1001/01/01","1289/01/01","1101/01/01","1608/01/01","1605/01/01","1703/01/01","1677/01/01","1192/01/01","1902/01/01","1653/01/01","1709/01/01","1401/01/01","1401/01/01","1726/01/01","1101/01/01"]},{"index":2,"name":"col2","values":["Harcourt Road","Francis Xavier","Michael the Archangel","Bartholomew the Apostle","Ambrose","Andrew","Paul","Gervasius and Protasius","Marcellinus and Peter","True Cross","Dedication of the Basilica of St Mary Major","Philip Neri","Saint Christopher","Saint Christopher","Saint Lucy","Anthony the Great","Annunciation","Blaise of Sebaste","Bartholomew the Apostle","John the Baptist"]}]},"context":{"page_title":null,"page_url":null,"page_entity_id":null,"content_hierarchy":[]},"links":[[[{"start":0,"end":16,"url":null,"entity_id":"Q18652316","candidates":[]}],[],[{"start":0,"end":13,"url":null,"entity_id":"Q5655048","candidates":[]}]],[[{"start":0,"end":28,"url":null,"entity_id":"Q23638749","candidates":[]}],[],[{"start":0,"end":14,"url":null,"entity_id":"Q163900","candidates":[]}]],[[{"start":0,"end":22,"url":null,"entity_id":"Q24885558","candidates":[]}],[],[{"start":0,"end":21,"url":null,"entity_id":"Q45581","candidates":[]}]],[[{"start":0,"end":39,"url":null,"entity_id":"Q24884910","candidates":[]}],[],[{"start":0,"end":23,"url":null,"entity_id":"Q43982","candidates":[]}]],[[{"start":0,"end":23,"url":null,"entity_id":"Q25310156","candidates":[]}],[],[{"start":0,"end":7,"url":null,"entity_id":"Q43689","candidates":[]}]],[[{"start":0,"end":29,"url":null,"entity_id":"Q24906402","candidates":[]}],[],[{"start":0,"end":6,"url":null,"entity_id":"Q43399","candidates":[]}]],[[{"start":0,"end":32,"url":null,"entity_id":"Q26258334","candidates":[]}],[],[{"start":0,"end":4,"url":null,"entity_id":"Q9200","candidates":[]}]],[[{"start":0,"end":24,"url":null,"entity_id":"Q3668027","candidates":[]}],[],[{"start":0,"end":23,"url":null,"entity_id":"Q1515920","candidates":[]}]],[[{"start":0,"end":36,"url":null,"entity_id":"Q3668264","candidates":[]}],[],[{"start":0,"end":21,"url":null,"entity_id":"Q449701","candidates":[]}]],[[{"start":0,"end":18,"url":null,"entity_id":"Q3668897","candidates":[]}],[],[{"start":0,"end":10,"url":null,"entity_id":"Q380356","candidates":[]}]],[[{"start":0,"end":18,"url":null,"entity_id":"Q3669047","candidates":[]}],[],[{"start":0,"end":43,"url":null,"entity_id":"Q263827","candidates":[]}]],[[{"start":0,"end":16,"url":null,"entity_id":"Q3669988","candidates":[]}],[],[{"start":0,"end":11,"url":null,"entity_id":"Q217791","candidates":[]}]],[[{"start":0,"end":14,"url":null,"entity_id":"Q3669816","candidates":[]}],[],[{"start":0,"end":17,"url":null,"entity_id":"Q193507","candidates":[]}]],[[{"start":0,"end":43,"url":null,"entity_id":"Q3668174","candidates":[]}],[],[{"start":0,"end":17,"url":null,"entity_id":"Q193507","candidates":[]}]],[[{"start":0,"end":10,"url":null,"entity_id":"Q3673104","candidates":[]}],[],[{"start":0,"end":10,"url":null,"entity_id":"Q183240","candidates":[]}]],[[{"start":0,"end":27,"url":null,"entity_id":"Q3672625","candidates":[]}],[],[{"start":0,"end":17,"url":null,"entity_id":"Q170547","candidates":[]}]],[[{"start":0,"end":20,"url":null,"entity_id":"Q3669168","candidates":[]}],[],[{"start":0,"end":12,"url":null,"entity_id":"Q154326","candidates":[]}]],[[{"start":0,"end":10,"url":null,"entity_id":"Q3669677","candidates":[]}],[],[{"start":0,"end":17,"url":null,"entity_id":"Q151967","candidates":[]}]],[[{"start":0,"end":44,"url":null,"entity_id":"Q3669479","candidates":[]}],[],[{"start":0,"end":23,"url":null,"entity_id":"Q43982","candidates":[]}]],[[{"start":0,"end":31,"url":null,"entity_id":"Q3904594","candidates":[]}],[],[{"start":0,"end":16,"url":null,"entity_id":"Q40662","candidates":[]}]]]}