[{"version":1,"nodes":[{"col_index":0,"label":"col0","id":0},{"col_index":1,"label":"col1","id":1},{"col_index":2,"label":"col2","id":2},{"abs_uri":"http://www.wikidata.org/entity/Q1497364","rel_uri":"wd:Q1497364","approximation":false,"readable_label":"building complex (Q1497364)","id":3},{"abs_uri":"http://www.wikidata.org/entity/Q79007","rel_uri":"wd:Q79007","approximation":false,"readable_label":"street (Q79007)","id":4}],"edges":[{"source":3,"target":0,"abs_uri":"http://www.w3.org/2000/01/rdf-schema#label","rel_uri":"rdfs:label","approximation":false,"readable_label":"rdfs:label","id":0},{"source":4,"target":1,"abs_uri":"http://www.w3.org/2000/01/rdf-schema#label","rel_uri":"rdfs:label","approximation":false,"readable_label":"rdfs:label","id":1},{"source":3,"target":4,"abs_uri":"http://www.wikidata.org/prop/P669","rel_uri":"p:P669","approximation":false,"readable_label":"located on street (P669)","id":2},{"source":3,"target":2,"abs_uri":"http://www.wikidata.org/prop/P131","rel_uri":"p:P131","approximation":false,"readable_label":"located in the administrative territorial entity (P131)","id":3}]}]