{"version":"1.2","table":{"version":"2","table_id":"2FGN3N38","columns":[{"index":0,"name":"col0","values":["impasse d'Angers","impasse Voltaire","impasse Vassou","impasse Vandal","impasse Truillot","impasse Tourneux","impasse Suez","impasse Satan","impasse Sandrié","impasse Salembrière","impasse Sainte-Monique","impasse Sainte-Marthe","impasse Sainte-Henriette","impasse Saint-Vincent","impasse Saint-Sébastien","impasse Saint-Pierre","impasse Saint-Paul","impasse Saint-Ouen","impasse Saint-François","impasse Saint-Fiacre"]},{"index":1,"name":"col1","values":["30","45","64","40","143","92","15","50","70","37","13","40","54","20","85","63","30","40","76","20"]},{"index":2,"name":"col2","values":["2","4","4.7","2","5","5","7","3.8","7","0.92","3.8","6","2","2","9","2","3","6","2","1.7"]}]},"context":{"page_title":null,"page_url":null,"page_entity_id":null,"content_hierarchy":[]},"links":[[[{"start":0,"end":16,"url":null,"entity_id":"Q3149314","candidates":[]}],[],[]],[[{"start":0,"end":16,"url":null,"entity_id":"Q3149312","candidates":[]}],[],[]],[[{"start":0,"end":14,"url":null,"entity_id":"Q3149311","candidates":[]}],[],[]],[[{"start":0,"end":14,"url":null,"entity_id":"Q3149310","candidates":[]}],[],[]],[[{"start":0,"end":16,"url":null,"entity_id":"Q3149309","candidates":[]}],[],[]],[[{"start":0,"end":16,"url":null,"entity_id":"Q3149308","candidates":[]}],[],[]],[[{"start":0,"end":12,"url":null,"entity_id":"Q3149307","candidates":[]}],[],[]],[[{"start":0,"end":13,"url":null,"entity_id":"Q3149306","candidates":[]}],[],[]],[[{"start":0,"end":15,"url":null,"entity_id":"Q3149305","candidates":[]}],[],[]],[[{"start":0,"end":19,"url":null,"entity_id":"Q3149304","candidates":[]}],[],[]],[[{"start":0,"end":22,"url":null,"entity_id":"Q3149302","candidates":[]}],[],[]],[[{"start":0,"end":21,"url":null,"entity_id":"Q3149301","candidates":[]}],[],[]],[[{"start":0,"end":24,"url":null,"entity_id":"Q3149300","candidates":[]}],[],[]],[[{"start":0,"end":21,"url":null,"entity_id":"Q3149298","candidates":[]}],[],[]],[[{"start":0,"end":23,"url":null,"entity_id":"Q3149297","candidates":[]}],[],[]],[[{"start":0,"end":20,"url":null,"entity_id":"Q3149296","candidates":[]}],[],[]],[[{"start":0,"end":18,"url":null,"entity_id":"Q3149295","candidates":[]}],[],[]],[[{"start":0,"end":18,"url":null,"entity_id":"Q3149294","candidates":[]}],[],[]],[[{"start":0,"end":22,"url":null,"entity_id":"Q3149291","candidates":[]}],[],[]],[[{"start":0,"end":20,"url":null,"entity_id":"Q3149290","candidates":[]}],[],[]]]}