{"version":"1.2","table":{"version":"2","table_id":"2FRAJ7A4","columns":[{"index":0,"name":"col0","values":["Kirchbach","Vesnický potok","Malodolský potok","Satina","Prokopský potok","Zbečník stream","Jasenka","Hořanský potok","Vodslivský potok","Pau","Herbringhauser Bach","Wannenbach","Mirker Bach","Kleine Düssel","Rhosnes","Višňovský potok","Limnice","Jeptiška","Sohrbach","Vortovský potok"]},{"index":1,"name":"col1","values":["7.56","9.1","9.21","7.6","8.78","8.98","8.6","7.8","8.8","9.927","9.269","9.864","7.804","8.464","9.63","13.1","12.3","11.64","12.2","12.2"]},{"index":2,"name":"col2","values":["6.26","5.6","6.86","7.4","4.3","4.5","6.1","5.7","6.8","4.153","7.103","6.6","5.895","4.8","237","6.7","6.2","5.16","6.4","7.8"]}]},"context":{"page_title":null,"page_url":null,"page_entity_id":null,"content_hierarchy":[]},"links":[[[{"start":0,"end":9,"url":null,"entity_id":"Q20184347","candidates":[]}],[],[]],[[{"start":0,"end":14,"url":null,"entity_id":"Q19602806","candidates":[]}],[],[]],[[{"start":0,"end":16,"url":null,"entity_id":"Q18362048","candidates":[]}],[],[]],[[{"start":0,"end":6,"url":null,"entity_id":"Q13377542","candidates":[]}],[],[]],[[{"start":0,"end":15,"url":null,"entity_id":"Q12047146","candidates":[]}],[],[]],[[{"start":0,"end":14,"url":null,"entity_id":"Q12036049","candidates":[]}],[],[]],[[{"start":0,"end":7,"url":null,"entity_id":"Q12024246","candidates":[]}],[],[]],[[{"start":0,"end":14,"url":null,"entity_id":"Q12020456","candidates":[]}],[],[]],[[{"start":0,"end":16,"url":null,"entity_id":"Q11925402","candidates":[]}],[],[]],[[{"start":0,"end":3,"url":null,"entity_id":"Q2058396","candidates":[]}],[],[]],[[{"start":0,"end":19,"url":null,"entity_id":"Q1399204","candidates":[]}],[],[]],[[{"start":0,"end":10,"url":null,"entity_id":"Q872298","candidates":[]}],[],[]],[[{"start":0,"end":11,"url":null,"entity_id":"Q834993","candidates":[]}],[],[]],[[{"start":0,"end":13,"url":null,"entity_id":"Q825847","candidates":[]}],[],[]],[[{"start":0,"end":7,"url":null,"entity_id":"Q74922","candidates":[]}],[],[]],[[{"start":0,"end":15,"url":null,"entity_id":"Q52284676","candidates":[]}],[],[]],[[{"start":0,"end":7,"url":null,"entity_id":"Q30105422","candidates":[]}],[],[]],[[{"start":0,"end":8,"url":null,"entity_id":"Q26161529","candidates":[]}],[],[]],[[{"start":0,"end":8,"url":null,"entity_id":"Q22693951","candidates":[]}],[],[]],[[{"start":0,"end":15,"url":null,"entity_id":"Q22333417","candidates":[]}],[],[]]]}