{"version":"1.2","table":{"version":"2","table_id":"2FRUDK5S","columns":[{"index":0,"name":"col0","values":["Dick House","Bruce-Briggs Brick Block","Chichester House","Col. William Kelly House","Cox Farmhouse","Cornell-Van Nostrand House","Cornelius and Agnietje Van Derzee House","Cornelius Carman House","Coons House","Constant Riley W. Bixby House","Col. Sidney Berry House","Cobblestone Manor","Cobblestone Farmhouse at 1027 Stone Church Rd.","Clark Farm Complex","Church Street Row","Chase Cobblestone Farmhouse","Charles Howland-William H. Chase House","Charles Bullis House","Chappell Farmhouse","Chapman Farmhouse"]},{"index":1,"name":"col1","values":["Renaissance Revival architecture","Renaissance Revival architecture","Second Empire architecture in Europe","Colonial Revival architecture","Greek Revival (architecture)","Greek Revival (architecture)","Greek Revival (architecture)","Greek Revival (architecture)","Greek Revival (architecture)","Greek Revival (architecture)","Greek Revival (architecture)","Greek Revival (architecture)","Greek Revival (architecture)","Greek Revival (architecture)","Greek Revival (architecture)","Greek Revival (architecture)","Greek Revival (architecture)","Greek Revival (architecture)","Greek Revival (architecture)","Greek Revival (architecture)"]},{"index":2,"name":"col2","values":["place listed on the National Register of Historic Places","place listed on the National Register of Historic Places","place listed on the National Register of Historic Places","place listed on the National Register of Historic Places","place listed on the National Register of Historic Places","place listed on the National Register of Historic Places","place listed on the National Register of Historic Places","place listed on the National Register of Historic Places","place listed on the National Register of Historic Places","place listed on the National Register of Historic Places","place listed on the National Register of Historic Places","place listed on the National Register of Historic Places","place listed on the National Register of Historic Places","place listed on the National Register of Historic Places","place listed on the National Register of Historic Places","place listed on the National Register of Historic Places","place listed on the National Register of Historic Places","place listed on the National Register of Historic Places","place listed on the National Register of Historic Places","place listed on the National Register of Historic Places"]}]},"context":{"page_title":null,"page_url":null,"page_entity_id":null,"content_hierarchy":[]},"links":[[[{"start":0,"end":10,"url":null,"entity_id":"Q14706240","candidates":[]}],[{"start":0,"end":32,"url":null,"entity_id":"Q502163","candidates":[]}],[{"start":0,"end":56,"url":null,"entity_id":"Q19558910","candidates":[]}]],[[{"start":0,"end":24,"url":null,"entity_id":"Q14706203","candidates":[]}],[{"start":0,"end":32,"url":null,"entity_id":"Q502163","candidates":[]}],[{"start":0,"end":56,"url":null,"entity_id":"Q19558910","candidates":[]}]],[[{"start":0,"end":16,"url":null,"entity_id":"Q5096005","candidates":[]}],[{"start":0,"end":36,"url":null,"entity_id":"Q27958345","candidates":[]}],[{"start":0,"end":56,"url":null,"entity_id":"Q19558910","candidates":[]}]],[[{"start":0,"end":24,"url":null,"entity_id":"Q5141797","candidates":[]}],[{"start":0,"end":29,"url":null,"entity_id":"Q5148367","candidates":[]}],[{"start":0,"end":56,"url":null,"entity_id":"Q19558910","candidates":[]}]],[[{"start":0,"end":13,"url":null,"entity_id":"Q5179882","candidates":[]}],[{"start":0,"end":28,"url":null,"entity_id":"Q1513688","candidates":[]}],[{"start":0,"end":56,"url":null,"entity_id":"Q19558910","candidates":[]}]],[[{"start":0,"end":26,"url":null,"entity_id":"Q5171494","candidates":[]}],[{"start":0,"end":28,"url":null,"entity_id":"Q1513688","candidates":[]}],[{"start":0,"end":56,"url":null,"entity_id":"Q19558910","candidates":[]}]],[[{"start":0,"end":39,"url":null,"entity_id":"Q5171480","candidates":[]}],[{"start":0,"end":28,"url":null,"entity_id":"Q1513688","candidates":[]}],[{"start":0,"end":56,"url":null,"entity_id":"Q19558910","candidates":[]}]],[[{"start":0,"end":22,"url":null,"entity_id":"Q5171320","candidates":[]}],[{"start":0,"end":28,"url":null,"entity_id":"Q1513688","candidates":[]}],[{"start":0,"end":56,"url":null,"entity_id":"Q19558910","candidates":[]}]],[[{"start":0,"end":11,"url":null,"entity_id":"Q5167696","candidates":[]}],[{"start":0,"end":28,"url":null,"entity_id":"Q1513688","candidates":[]}],[{"start":0,"end":56,"url":null,"entity_id":"Q19558910","candidates":[]}]],[[{"start":0,"end":29,"url":null,"entity_id":"Q5163635","candidates":[]}],[{"start":0,"end":28,"url":null,"entity_id":"Q1513688","candidates":[]}],[{"start":0,"end":56,"url":null,"entity_id":"Q19558910","candidates":[]}]],[[{"start":0,"end":23,"url":null,"entity_id":"Q5141789","candidates":[]}],[{"start":0,"end":28,"url":null,"entity_id":"Q1513688","candidates":[]}],[{"start":0,"end":56,"url":null,"entity_id":"Q19558910","candidates":[]}]],[[{"start":0,"end":17,"url":null,"entity_id":"Q5138822","candidates":[]}],[{"start":0,"end":28,"url":null,"entity_id":"Q1513688","candidates":[]}],[{"start":0,"end":56,"url":null,"entity_id":"Q19558910","candidates":[]}]],[[{"start":0,"end":46,"url":null,"entity_id":"Q5138812","candidates":[]}],[{"start":0,"end":28,"url":null,"entity_id":"Q1513688","candidates":[]}],[{"start":0,"end":56,"url":null,"entity_id":"Q19558910","candidates":[]}]],[[{"start":0,"end":18,"url":null,"entity_id":"Q5127220","candidates":[]}],[{"start":0,"end":28,"url":null,"entity_id":"Q1513688","candidates":[]}],[{"start":0,"end":56,"url":null,"entity_id":"Q19558910","candidates":[]}]],[[{"start":0,"end":17,"url":null,"entity_id":"Q5116713","candidates":[]}],[{"start":0,"end":28,"url":null,"entity_id":"Q1513688","candidates":[]}],[{"start":0,"end":56,"url":null,"entity_id":"Q19558910","candidates":[]}]],[[{"start":0,"end":27,"url":null,"entity_id":"Q5087110","candidates":[]}],[{"start":0,"end":28,"url":null,"entity_id":"Q1513688","candidates":[]}],[{"start":0,"end":56,"url":null,"entity_id":"Q19558910","candidates":[]}]],[[{"start":0,"end":38,"url":null,"entity_id":"Q5079192","candidates":[]}],[{"start":0,"end":28,"url":null,"entity_id":"Q1513688","candidates":[]}],[{"start":0,"end":56,"url":null,"entity_id":"Q19558910","candidates":[]}]],[[{"start":0,"end":20,"url":null,"entity_id":"Q5075877","candidates":[]}],[{"start":0,"end":28,"url":null,"entity_id":"Q1513688","candidates":[]}],[{"start":0,"end":56,"url":null,"entity_id":"Q19558910","candidates":[]}]],[[{"start":0,"end":18,"url":null,"entity_id":"Q5073370","candidates":[]}],[{"start":0,"end":28,"url":null,"entity_id":"Q1513688","candidates":[]}],[{"start":0,"end":56,"url":null,"entity_id":"Q19558910","candidates":[]}]],[[{"start":0,"end":17,"url":null,"entity_id":"Q5073274","candidates":[]}],[{"start":0,"end":28,"url":null,"entity_id":"Q1513688","candidates":[]}],[{"start":0,"end":56,"url":null,"entity_id":"Q19558910","candidates":[]}]]]}