{"version":"1.2","table":{"version":"2","table_id":"2G347X70","columns":[{"index":0,"name":"col0","values":["Enkobashi-cho Station","Ebisu-cho Station","Danbara 1-chome Station","Montgomery Street station","Fuente de la Mora Station","Fairmont","700 East","500 East","300 East","Crescent View","Temple Square (UTA station)","Kimballs Lane","5600 West Old Bingham Highway","4800 West Old Bingham Highway","2700 West Sugar Factory Road","1940 West North Temple","Tuen Mun stop","Yuen Long stop","Higashi-Ikebukuro-yonchōme Station","Machiya-nichōme Station"]},{"index":1,"name":"col1","values":["1912-11-23","1912-11-23","1944-12-27","1973-11-05","2011-01-01","2013-12-08","2013-12-08","2013-12-08","2013-12-08","2013-08-18","1999-12-04","2013-08-18","2011-08-07","2011-08-07","2011-08-07","2013-04-14","1988-09-23","1988-09-18","1925-01-01","1913-01-01"]},{"index":2,"name":"col2","values":["Hiroshima Electric Railway","Hiroshima Electric Railway","Hiroshima Electric Railway","Bay Area Rapid Transit","Consorcio Regional de Transportes de Madrid","Utah Transit Authority","Utah Transit Authority","Utah Transit Authority","Utah Transit Authority","Utah Transit Authority","Utah Transit Authority","Utah Transit Authority","Utah Transit Authority","Utah Transit Authority","Utah Transit Authority","Utah Transit Authority","MTR Corporation Limited","MTR Corporation Limited","Tokyo Metropolitan Bureau of Transportation","Tokyo Metropolitan Bureau of Transportation"]}]},"context":{"page_title":null,"page_url":null,"page_entity_id":null,"content_hierarchy":[]},"links":[[[{"start":0,"end":17,"url":null,"entity_id":"Q5331868","candidates":[]}],[],[{"start":0,"end":26,"url":null,"entity_id":"Q1196530","candidates":[]}]],[[{"start":0,"end":23,"url":null,"entity_id":"Q5214943","candidates":[]}],[],[{"start":0,"end":26,"url":null,"entity_id":"Q1196530","candidates":[]}]],[[{"start":0,"end":25,"url":null,"entity_id":"Q5411429","candidates":[]}],[],[{"start":0,"end":22,"url":null,"entity_id":"Q610120","candidates":[]}]],[[{"start":0,"end":25,"url":null,"entity_id":"Q16891479","candidates":[]}],[],[{"start":0,"end":43,"url":null,"entity_id":"Q8350122","candidates":[]}]],[[{"start":0,"end":8,"url":null,"entity_id":"Q16891225","candidates":[]}],[],[{"start":0,"end":22,"url":null,"entity_id":"Q7902494","candidates":[]}]],[[{"start":0,"end":8,"url":null,"entity_id":"Q16242452","candidates":[]}],[],[{"start":0,"end":22,"url":null,"entity_id":"Q7902494","candidates":[]}]],[[{"start":0,"end":8,"url":null,"entity_id":"Q16242435","candidates":[]}],[],[{"start":0,"end":22,"url":null,"entity_id":"Q7902494","candidates":[]}]],[[{"start":0,"end":8,"url":null,"entity_id":"Q16242412","candidates":[]}],[],[{"start":0,"end":22,"url":null,"entity_id":"Q7902494","candidates":[]}]],[[{"start":0,"end":13,"url":null,"entity_id":"Q15211984","candidates":[]}],[],[{"start":0,"end":22,"url":null,"entity_id":"Q7902494","candidates":[]}]],[[{"start":0,"end":27,"url":null,"entity_id":"Q14711882","candidates":[]}],[],[{"start":0,"end":22,"url":null,"entity_id":"Q7902494","candidates":[]}]],[[{"start":0,"end":13,"url":null,"entity_id":"Q14711743","candidates":[]}],[],[{"start":0,"end":22,"url":null,"entity_id":"Q7902494","candidates":[]}]],[[{"start":0,"end":29,"url":null,"entity_id":"Q14711421","candidates":[]}],[],[{"start":0,"end":22,"url":null,"entity_id":"Q7902494","candidates":[]}]],[[{"start":0,"end":29,"url":null,"entity_id":"Q14711420","candidates":[]}],[],[{"start":0,"end":22,"url":null,"entity_id":"Q7902494","candidates":[]}]],[[{"start":0,"end":28,"url":null,"entity_id":"Q14711419","candidates":[]}],[],[{"start":0,"end":22,"url":null,"entity_id":"Q7902494","candidates":[]}]],[[{"start":0,"end":22,"url":null,"entity_id":"Q14711417","candidates":[]}],[],[{"start":0,"end":22,"url":null,"entity_id":"Q7902494","candidates":[]}]],[[{"start":0,"end":13,"url":null,"entity_id":"Q14454186","candidates":[]}],[],[{"start":0,"end":23,"url":null,"entity_id":"Q1479375","candidates":[]}]],[[{"start":0,"end":14,"url":null,"entity_id":"Q14453731","candidates":[]}],[],[{"start":0,"end":23,"url":null,"entity_id":"Q1479375","candidates":[]}]],[[{"start":0,"end":34,"url":null,"entity_id":"Q13479437","candidates":[]}],[],[{"start":0,"end":43,"url":null,"entity_id":"Q1377135","candidates":[]}]],[[{"start":0,"end":23,"url":null,"entity_id":"Q11578231","candidates":[]}],[],[{"start":0,"end":43,"url":null,"entity_id":"Q1377135","candidates":[]}]],[[{"start":0,"end":21,"url":null,"entity_id":"Q5379038","candidates":[]}],[],[{"start":0,"end":26,"url":null,"entity_id":"Q1196530","candidates":[]}]]]}