{"version":"1.2","table":{"version":"2","table_id":"2GEQF2IU","columns":[{"index":0,"name":"col0","values":["V* V399 Nor","V* NW Aps","V* EX Oct","HD 197482","KIC 7938870","V* EV Lyr","KIC 7740302","ASAS J190655+3756.7","V* AI Cep","TYC 3547-2135-1","KOI-1542","TYC 3556-3666-1","KIC 4949770","KIC 5471619","TYC 3543-944-1","KOI-6969","V* V2281 Cyg","KIC 10920314","HD 162754","HD 160682"]},{"index":1,"name":"col1","values":["6184","6563","4533","5876","6457","6140","6439","4881","29940","7731","6589","6276","7907","7844","7454","6350","6475","6993","4985","5865"]},{"index":2,"name":"col2","values":["Norma","Apus","Octans","Microscopium","Lyra","Lyra","Lyra","Lyra","Cepheus","Cygnus","Cygnus","Cygnus","Cygnus","Cygnus","Cygnus","Cygnus","Cygnus","Cygnus","Ophiuchus","Ophiuchus"]},{"index":3,"name":"col3","values":["8.263","9.15","11.38","6.82","12.73","14.322","12.028","13.552","9.31","9.53","11.77","12.34","12.74","12","12.17","11.79","12.11","12.21","7.78","9.033"]},{"index":4,"name":"col4","values":["216.483","267.7448","534.931","138.4792","694.5892","1219.2148","832.7781","1583.2806","2082.4656","471.5869","1265.983","1513.3172","2158.4287","1059.7711","1040.5827","687.853","841.7508","983.7678","122.2912","87.8905"]},{"index":5,"name":"col5","values":["4.6193","3.7349","1.8694","7.2213","1.4397","0.8202","1.2008","0.6316","0.4802","2.1205","0.7899","0.6608","0.4633","0.9436","0.961","1.4538","1.188","1.0165","8.1772","11.3778"]}]},"context":{"page_title":null,"page_url":null,"page_entity_id":null,"content_hierarchy":[]},"links":[[[{"start":0,"end":11,"url":null,"entity_id":"Q86359118","candidates":[]}],[],[{"start":0,"end":5,"url":null,"entity_id":"Q10582","candidates":[]}],[],[],[]],[[{"start":0,"end":9,"url":null,"entity_id":"Q84503595","candidates":[]}],[],[{"start":0,"end":4,"url":null,"entity_id":"Q10506","candidates":[]}],[],[],[]],[[{"start":0,"end":9,"url":null,"entity_id":"Q85914756","candidates":[]}],[],[{"start":0,"end":6,"url":null,"entity_id":"Q10503","candidates":[]}],[],[],[]],[[{"start":0,"end":9,"url":null,"entity_id":"Q85110479","candidates":[]}],[],[{"start":0,"end":12,"url":null,"entity_id":"Q10492","candidates":[]}],[],[],[]],[[{"start":0,"end":11,"url":null,"entity_id":"Q86388610","candidates":[]}],[],[{"start":0,"end":4,"url":null,"entity_id":"Q10484","candidates":[]}],[],[],[]],[[{"start":0,"end":9,"url":null,"entity_id":"Q85535641","candidates":[]}],[],[{"start":0,"end":4,"url":null,"entity_id":"Q10484","candidates":[]}],[],[],[]],[[{"start":0,"end":11,"url":null,"entity_id":"Q85053745","candidates":[]}],[],[{"start":0,"end":4,"url":null,"entity_id":"Q10484","candidates":[]}],[],[],[]],[[{"start":0,"end":19,"url":null,"entity_id":"Q85053697","candidates":[]}],[],[{"start":0,"end":4,"url":null,"entity_id":"Q10484","candidates":[]}],[],[],[]],[[{"start":0,"end":9,"url":null,"entity_id":"Q85772679","candidates":[]}],[],[{"start":0,"end":7,"url":null,"entity_id":"Q10468","candidates":[]}],[],[],[]],[[{"start":0,"end":15,"url":null,"entity_id":"Q87011475","candidates":[]}],[],[{"start":0,"end":6,"url":null,"entity_id":"Q8921","candidates":[]}],[],[],[]],[[{"start":0,"end":8,"url":null,"entity_id":"Q86907731","candidates":[]}],[],[{"start":0,"end":6,"url":null,"entity_id":"Q8921","candidates":[]}],[],[],[]],[[{"start":0,"end":15,"url":null,"entity_id":"Q86827459","candidates":[]}],[],[{"start":0,"end":6,"url":null,"entity_id":"Q8921","candidates":[]}],[],[],[]],[[{"start":0,"end":11,"url":null,"entity_id":"Q86388562","candidates":[]}],[],[{"start":0,"end":6,"url":null,"entity_id":"Q8921","candidates":[]}],[],[],[]],[[{"start":0,"end":11,"url":null,"entity_id":"Q86388326","candidates":[]}],[],[{"start":0,"end":6,"url":null,"entity_id":"Q8921","candidates":[]}],[],[],[]],[[{"start":0,"end":14,"url":null,"entity_id":"Q86020678","candidates":[]}],[],[{"start":0,"end":6,"url":null,"entity_id":"Q8921","candidates":[]}],[],[],[]],[[{"start":0,"end":8,"url":null,"entity_id":"Q85015731","candidates":[]}],[],[{"start":0,"end":6,"url":null,"entity_id":"Q8921","candidates":[]}],[],[],[]],[[{"start":0,"end":12,"url":null,"entity_id":"Q85005925","candidates":[]}],[],[{"start":0,"end":6,"url":null,"entity_id":"Q8921","candidates":[]}],[],[],[]],[[{"start":0,"end":12,"url":null,"entity_id":"Q83614654","candidates":[]}],[],[{"start":0,"end":6,"url":null,"entity_id":"Q8921","candidates":[]}],[],[],[]],[[{"start":0,"end":9,"url":null,"entity_id":"Q87061469","candidates":[]}],[],[{"start":0,"end":9,"url":null,"entity_id":"Q8906","candidates":[]}],[],[],[]],[[{"start":0,"end":9,"url":null,"entity_id":"Q85605029","candidates":[]}],[],[{"start":0,"end":9,"url":null,"entity_id":"Q8906","candidates":[]}],[],[],[]]]}