{"version":"1.2","table":{"version":"2","table_id":"2GUFPUZS","columns":[{"index":0,"name":"col0","values":["Krukovskiy Raion","Kholodnohirskyi District","Chervonozavodsky District","Frunze District","Sykhiv Raion","Petrovsky District, Donetsk","Zhovtnevy District","Moscow District","Lychakiv Raion","Kuibyshevskyi District, Donetsk","Slobids'kyi District","Kirovskyi District, Donetsk","Kiev District","Zavodsky raion of Zaporizhzhya","Shevchenkivskyi District","Voroshylovskyi District (Donetsk)","Amur-Nyzhnodniprovskyi District","Sviatoshyn raion","Obolon Raion","Holosiiv Raion"]},{"index":1,"name":"col1","values":["1975-01-01","1919-01-01","1919-01-01","1973-04-12","2000-01-01","1937-01-01","1924-01-01","1937-01-01","1940-01-01","1926-01-01","1938-01-01","1937-01-01","1932-01-01","1969-05-23","1932-01-01","1973-01-01","1918-01-01","2001-04-27","1975-03-03","2001-01-31"]},{"index":2,"name":"col2","values":["46.75","30.4","45.54","22.3","17.567","57","34.7","22.7","47","51","24.3","67.1","46.2","56","62","9.8","71.626","110","110.2","156.35"]},{"index":3,"name":"col3","values":["Ukraine","Ukraine","Ukraine","Ukraine","Ukraine","Ukraine","Ukraine","Ukraine","Ukraine","Ukraine","Ukraine","Ukraine","Ukraine","Ukraine","Ukraine","Ukraine","Ukraine","Ukraine","Ukraine","Ukraine"]}]},"context":{"page_title":null,"page_url":null,"page_entity_id":null,"content_hierarchy":[]},"links":[[[{"start":0,"end":16,"url":null,"entity_id":"Q12115170","candidates":[]}],[],[],[{"start":0,"end":7,"url":null,"entity_id":"Q212","candidates":[]}]],[[{"start":0,"end":24,"url":null,"entity_id":"Q7242862","candidates":[]}],[],[],[{"start":0,"end":7,"url":null,"entity_id":"Q212","candidates":[]}]],[[{"start":0,"end":25,"url":null,"entity_id":"Q4512330","candidates":[]}],[],[],[{"start":0,"end":7,"url":null,"entity_id":"Q212","candidates":[]}]],[[{"start":0,"end":15,"url":null,"entity_id":"Q4493135","candidates":[]}],[],[],[{"start":0,"end":7,"url":null,"entity_id":"Q212","candidates":[]}]],[[{"start":0,"end":12,"url":null,"entity_id":"Q4421225","candidates":[]}],[],[],[{"start":0,"end":7,"url":null,"entity_id":"Q212","candidates":[]}]],[[{"start":0,"end":27,"url":null,"entity_id":"Q4361277","candidates":[]}],[],[],[{"start":0,"end":7,"url":null,"entity_id":"Q212","candidates":[]}]],[[{"start":0,"end":18,"url":null,"entity_id":"Q4333164","candidates":[]}],[],[],[{"start":0,"end":7,"url":null,"entity_id":"Q212","candidates":[]}]],[[{"start":0,"end":15,"url":null,"entity_id":"Q4304270","candidates":[]}],[],[],[{"start":0,"end":7,"url":null,"entity_id":"Q212","candidates":[]}]],[[{"start":0,"end":14,"url":null,"entity_id":"Q4270859","candidates":[]}],[],[],[{"start":0,"end":7,"url":null,"entity_id":"Q212","candidates":[]}]],[[{"start":0,"end":31,"url":null,"entity_id":"Q4245606","candidates":[]}],[],[],[{"start":0,"end":7,"url":null,"entity_id":"Q212","candidates":[]}]],[[{"start":0,"end":20,"url":null,"entity_id":"Q4229581","candidates":[]}],[],[],[{"start":0,"end":7,"url":null,"entity_id":"Q212","candidates":[]}]],[[{"start":0,"end":27,"url":null,"entity_id":"Q4221677","candidates":[]}],[],[],[{"start":0,"end":7,"url":null,"entity_id":"Q212","candidates":[]}]],[[{"start":0,"end":13,"url":null,"entity_id":"Q4220235","candidates":[]}],[],[],[{"start":0,"end":7,"url":null,"entity_id":"Q212","candidates":[]}]],[[{"start":0,"end":30,"url":null,"entity_id":"Q4183187","candidates":[]}],[],[],[{"start":0,"end":7,"url":null,"entity_id":"Q212","candidates":[]}]],[[{"start":0,"end":24,"url":null,"entity_id":"Q4160816","candidates":[]}],[],[],[{"start":0,"end":7,"url":null,"entity_id":"Q212","candidates":[]}]],[[{"start":0,"end":33,"url":null,"entity_id":"Q4126015","candidates":[]}],[],[],[{"start":0,"end":7,"url":null,"entity_id":"Q212","candidates":[]}]],[[{"start":0,"end":31,"url":null,"entity_id":"Q4064555","candidates":[]}],[],[],[{"start":0,"end":7,"url":null,"entity_id":"Q212","candidates":[]}]],[[{"start":0,"end":16,"url":null,"entity_id":"Q2381039","candidates":[]}],[],[],[{"start":0,"end":7,"url":null,"entity_id":"Q212","candidates":[]}]],[[{"start":0,"end":12,"url":null,"entity_id":"Q2367180","candidates":[]}],[],[],[{"start":0,"end":7,"url":null,"entity_id":"Q212","candidates":[]}]],[[{"start":0,"end":14,"url":null,"entity_id":"Q2248375","candidates":[]}],[],[],[{"start":0,"end":7,"url":null,"entity_id":"Q212","candidates":[]}]]]}