{"version":"1.2","table":{"version":"2","table_id":"2KIQX262","columns":[{"index":0,"name":"col0","values":["Tërpan","Xhafzotaj","Libonik","Sinaballaj","Sukth","Xibër","Zharrëz","Fushë-Bulqizë","Gur i Zi","Rrethinat","Gjerbës","Finiq","Gjepalaj","Çorovodë","Selitë","Shënkoll","Kallmet","Fan","Dajç","Balldren"]},{"index":1,"name":"col1","values":["Albania","Albania","Albania","Albania","Albania","Albania","Albania","Albania","Albania","Albania","Albania","Albania","Albania","Albania","Albania","Albania","Albania","Albania","Albania","Albania"]},{"index":2,"name":"col2","values":["UTC+01:00","UTC+01:00","UTC+01:00","UTC+01:00","UTC+01:00","UTC+01:00","UTC+01:00","UTC+01:00","UTC+01:00","UTC+01:00","UTC+01:00","UTC+01:00","UTC+01:00","UTC+01:00","Central European Time","Central European Time","Central European Time","Central European Time","Central European Time","Central European Time"]}]},"context":{"page_title":null,"page_url":null,"page_entity_id":null,"content_hierarchy":[]},"links":[[[{"start":0,"end":9,"url":null,"entity_id":"Q642862","candidates":[]}],[{"start":0,"end":7,"url":null,"entity_id":"Q222","candidates":[]}],[{"start":0,"end":9,"url":null,"entity_id":"Q6655","candidates":[]}]],[[{"start":0,"end":7,"url":null,"entity_id":"Q628181","candidates":[]}],[{"start":0,"end":7,"url":null,"entity_id":"Q222","candidates":[]}],[{"start":0,"end":9,"url":null,"entity_id":"Q6655","candidates":[]}]],[[{"start":0,"end":10,"url":null,"entity_id":"Q602969","candidates":[]}],[{"start":0,"end":7,"url":null,"entity_id":"Q222","candidates":[]}],[{"start":0,"end":9,"url":null,"entity_id":"Q6655","candidates":[]}]],[[{"start":0,"end":5,"url":null,"entity_id":"Q593557","candidates":[]}],[{"start":0,"end":7,"url":null,"entity_id":"Q222","candidates":[]}],[{"start":0,"end":9,"url":null,"entity_id":"Q6655","candidates":[]}]],[[{"start":0,"end":5,"url":null,"entity_id":"Q588809","candidates":[]}],[{"start":0,"end":7,"url":null,"entity_id":"Q222","candidates":[]}],[{"start":0,"end":9,"url":null,"entity_id":"Q6655","candidates":[]}]],[[{"start":0,"end":7,"url":null,"entity_id":"Q549571","candidates":[]}],[{"start":0,"end":7,"url":null,"entity_id":"Q222","candidates":[]}],[{"start":0,"end":9,"url":null,"entity_id":"Q6655","candidates":[]}]],[[{"start":0,"end":13,"url":null,"entity_id":"Q538502","candidates":[]}],[{"start":0,"end":7,"url":null,"entity_id":"Q222","candidates":[]}],[{"start":0,"end":9,"url":null,"entity_id":"Q6655","candidates":[]}]],[[{"start":0,"end":8,"url":null,"entity_id":"Q530436","candidates":[]}],[{"start":0,"end":7,"url":null,"entity_id":"Q222","candidates":[]}],[{"start":0,"end":9,"url":null,"entity_id":"Q6655","candidates":[]}]],[[{"start":0,"end":9,"url":null,"entity_id":"Q304149","candidates":[]}],[{"start":0,"end":7,"url":null,"entity_id":"Q222","candidates":[]}],[{"start":0,"end":9,"url":null,"entity_id":"Q6655","candidates":[]}]],[[{"start":0,"end":7,"url":null,"entity_id":"Q304112","candidates":[]}],[{"start":0,"end":7,"url":null,"entity_id":"Q222","candidates":[]}],[{"start":0,"end":9,"url":null,"entity_id":"Q6655","candidates":[]}]],[[{"start":0,"end":5,"url":null,"entity_id":"Q73664","candidates":[]}],[{"start":0,"end":7,"url":null,"entity_id":"Q222","candidates":[]}],[{"start":0,"end":9,"url":null,"entity_id":"Q6655","candidates":[]}]],[[{"start":0,"end":8,"url":null,"entity_id":"Q37611","candidates":[]}],[{"start":0,"end":7,"url":null,"entity_id":"Q222","candidates":[]}],[{"start":0,"end":9,"url":null,"entity_id":"Q6655","candidates":[]}]],[[{"start":0,"end":8,"url":null,"entity_id":"Q19307","candidates":[]}],[{"start":0,"end":7,"url":null,"entity_id":"Q222","candidates":[]}],[{"start":0,"end":9,"url":null,"entity_id":"Q6655","candidates":[]}]],[[{"start":0,"end":6,"url":null,"entity_id":"Q3954891","candidates":[]}],[{"start":0,"end":7,"url":null,"entity_id":"Q222","candidates":[]}],[{"start":0,"end":21,"url":null,"entity_id":"Q25989","candidates":[]}]],[[{"start":0,"end":8,"url":null,"entity_id":"Q2737814","candidates":[]}],[{"start":0,"end":7,"url":null,"entity_id":"Q222","candidates":[]}],[{"start":0,"end":21,"url":null,"entity_id":"Q25989","candidates":[]}]],[[{"start":0,"end":7,"url":null,"entity_id":"Q2737812","candidates":[]}],[{"start":0,"end":7,"url":null,"entity_id":"Q222","candidates":[]}],[{"start":0,"end":21,"url":null,"entity_id":"Q25989","candidates":[]}]],[[{"start":0,"end":3,"url":null,"entity_id":"Q2737806","candidates":[]}],[{"start":0,"end":7,"url":null,"entity_id":"Q222","candidates":[]}],[{"start":0,"end":21,"url":null,"entity_id":"Q25989","candidates":[]}]],[[{"start":0,"end":4,"url":null,"entity_id":"Q2737800","candidates":[]}],[{"start":0,"end":7,"url":null,"entity_id":"Q222","candidates":[]}],[{"start":0,"end":21,"url":null,"entity_id":"Q25989","candidates":[]}]],[[{"start":0,"end":8,"url":null,"entity_id":"Q2737794","candidates":[]}],[{"start":0,"end":7,"url":null,"entity_id":"Q222","candidates":[]}],[{"start":0,"end":21,"url":null,"entity_id":"Q25989","candidates":[]}]],[[{"start":0,"end":6,"url":null,"entity_id":"Q650258","candidates":[]}],[{"start":0,"end":7,"url":null,"entity_id":"Q222","candidates":[]}],[{"start":0,"end":9,"url":null,"entity_id":"Q6655","candidates":[]}]]]}