{"version":"1.2","table":{"version":"2","table_id":"2KO86P7O","columns":[{"index":0,"name":"col0","values":["rugby union in Montenegro","quidditch in Canada","rugby union in Uganda","rugby union in Hungary","rugby union in the Solomon Islands","rugby union in the Cook Islands","rugby union in the Cayman Islands","rugby union in the Bahamas","rugby union in Zimbabwe","rugby union in Uruguay","rugby union in Vanuatu","rugby union in Ukraine","rugby union in Trinidad and Tobago","rugby union in Thailand","rugby union in Taiwan","rugby union in Switzerland","rugby union in Swaziland","rugby union in Sweden","rugby union in South Korea","rugby union in Slovenia"]},{"index":1,"name":"col1","values":["50","500","14110","2100","3068","2258","2256","977","33128","5829","2143","2820","4457","16121","3040","5000","15016","3467","2520","1065"]},{"index":2,"name":"col2","values":["4","33","17","18","24","21","6","7","17","28","15","42","13","154","13","26","7","36","65","16"]}]},"context":{"page_title":null,"page_url":null,"page_entity_id":null,"content_hierarchy":[]},"links":[[[{"start":0,"end":19,"url":null,"entity_id":"Q19866596","candidates":[]}],[],[]],[[{"start":0,"end":21,"url":null,"entity_id":"Q16823145","candidates":[]}],[],[]],[[{"start":0,"end":22,"url":null,"entity_id":"Q16191929","candidates":[]}],[],[]],[[{"start":0,"end":34,"url":null,"entity_id":"Q7378517","candidates":[]}],[],[]],[[{"start":0,"end":31,"url":null,"entity_id":"Q7378503","candidates":[]}],[],[]],[[{"start":0,"end":33,"url":null,"entity_id":"Q7378501","candidates":[]}],[],[]],[[{"start":0,"end":26,"url":null,"entity_id":"Q7378496","candidates":[]}],[],[]],[[{"start":0,"end":23,"url":null,"entity_id":"Q7378495","candidates":[]}],[],[]],[[{"start":0,"end":22,"url":null,"entity_id":"Q7378490","candidates":[]}],[],[]],[[{"start":0,"end":22,"url":null,"entity_id":"Q7378489","candidates":[]}],[],[]],[[{"start":0,"end":22,"url":null,"entity_id":"Q7378488","candidates":[]}],[],[]],[[{"start":0,"end":34,"url":null,"entity_id":"Q7378483","candidates":[]}],[],[]],[[{"start":0,"end":23,"url":null,"entity_id":"Q7378479","candidates":[]}],[],[]],[[{"start":0,"end":21,"url":null,"entity_id":"Q7378476","candidates":[]}],[],[]],[[{"start":0,"end":26,"url":null,"entity_id":"Q7378474","candidates":[]}],[],[]],[[{"start":0,"end":24,"url":null,"entity_id":"Q7378473","candidates":[]}],[],[]],[[{"start":0,"end":21,"url":null,"entity_id":"Q7378472","candidates":[]}],[],[]],[[{"start":0,"end":26,"url":null,"entity_id":"Q7378469","candidates":[]}],[],[]],[[{"start":0,"end":23,"url":null,"entity_id":"Q7378468","candidates":[]}],[],[]],[[{"start":0,"end":25,"url":null,"entity_id":"Q21020991","candidates":[]}],[],[]]]}