{"version":"1.2","table":{"version":"2","table_id":"2L0Q3JEM","columns":[{"index":0,"name":"col0","values":["Waking Life","Sita Sings the Blues","The Adventures of Ichabod and Mr. Toad","One Hundred and One Dalmatians","Mulan II","The Plot of the Fuma Clan","The Polar Express","Tord and Tord","Big Hero 6","Mickey's Twice Upon a Christmas","Doraemon: Nobita in the Wan-Nyan Spacetime Odyssey","Bartok the Magnificent","Joseph: King of Dreams","Farewell to Nostradamus","Scooby-Doo on Zombie Island","Curious George","Los Cuatro secretos","Ugly Duckling","The hat","The Lego Movie"]},{"index":1,"name":"col1","values":["United States of America","United States of America","United States of America","United States of America","United States of America","Japan","United States of America","Sweden","United States of America","United States of America","Japan","United States of America","United States of America","Japan","United States of America","United States of America","Argentina","Russia","Canada","United States of America"]},{"index":2,"name":"col2","values":["Sandra Adair","Nina Paley","John O. Young","Donald Halliday","Pam Ziegenhagen","Takeshi Seyama","Arthur Schmidt","Niki Lindroth von Bahr","Tim Mertens","Kirk Demorest","Hajime Okayasu","Bob Bender","Michael Andrews","Takeshi Seyama","Paul Douglas","Julie Rogers","Luis César D'Angiolillo","Per Risager","Fernand Bélanger","Chris McKay"]}]},"context":{"page_title":null,"page_url":null,"page_entity_id":null,"content_hierarchy":[]},"links":[[[{"start":0,"end":11,"url":null,"entity_id":"Q300042","candidates":[]}],[{"start":0,"end":24,"url":null,"entity_id":"Q30","candidates":[]}],[{"start":0,"end":12,"url":null,"entity_id":"Q3948147","candidates":[]}]],[[{"start":0,"end":20,"url":null,"entity_id":"Q739285","candidates":[]}],[{"start":0,"end":24,"url":null,"entity_id":"Q30","candidates":[]}],[{"start":0,"end":10,"url":null,"entity_id":"Q3341944","candidates":[]}]],[[{"start":0,"end":38,"url":null,"entity_id":"Q863963","candidates":[]}],[{"start":0,"end":24,"url":null,"entity_id":"Q30","candidates":[]}],[{"start":0,"end":13,"url":null,"entity_id":"Q3182207","candidates":[]}]],[[{"start":0,"end":30,"url":null,"entity_id":"Q165512","candidates":[]}],[{"start":0,"end":24,"url":null,"entity_id":"Q30","candidates":[]}],[{"start":0,"end":15,"url":null,"entity_id":"Q3036025","candidates":[]}]],[[{"start":0,"end":8,"url":null,"entity_id":"Q837847","candidates":[]}],[{"start":0,"end":24,"url":null,"entity_id":"Q30","candidates":[]}],[{"start":0,"end":15,"url":null,"entity_id":"Q2048592","candidates":[]}]],[[{"start":0,"end":25,"url":null,"entity_id":"Q17708","candidates":[]}],[{"start":0,"end":5,"url":null,"entity_id":"Q17","candidates":[]}],[{"start":0,"end":14,"url":null,"entity_id":"Q1379022","candidates":[]}]],[[{"start":0,"end":17,"url":null,"entity_id":"Q862197","candidates":[]}],[{"start":0,"end":24,"url":null,"entity_id":"Q30","candidates":[]}],[{"start":0,"end":14,"url":null,"entity_id":"Q711370","candidates":[]}]],[[{"start":0,"end":13,"url":null,"entity_id":"Q18334001","candidates":[]}],[{"start":0,"end":6,"url":null,"entity_id":"Q34","candidates":[]}],[{"start":0,"end":22,"url":null,"entity_id":"Q16595666","candidates":[]}]],[[{"start":0,"end":10,"url":null,"entity_id":"Q13091172","candidates":[]}],[{"start":0,"end":24,"url":null,"entity_id":"Q30","candidates":[]}],[{"start":0,"end":11,"url":null,"entity_id":"Q28008501","candidates":[]}]],[[{"start":0,"end":31,"url":null,"entity_id":"Q1203831","candidates":[]}],[{"start":0,"end":24,"url":null,"entity_id":"Q30","candidates":[]}],[{"start":0,"end":13,"url":null,"entity_id":"Q6415416","candidates":[]}]],[[{"start":0,"end":50,"url":null,"entity_id":"Q1074386","candidates":[]}],[{"start":0,"end":5,"url":null,"entity_id":"Q17","candidates":[]}],[{"start":0,"end":14,"url":null,"entity_id":"Q5639976","candidates":[]}]],[[{"start":0,"end":22,"url":null,"entity_id":"Q2009789","candidates":[]}],[{"start":0,"end":24,"url":null,"entity_id":"Q30","candidates":[]}],[{"start":0,"end":10,"url":null,"entity_id":"Q4931791","candidates":[]}]],[[{"start":0,"end":22,"url":null,"entity_id":"Q1465155","candidates":[]}],[{"start":0,"end":24,"url":null,"entity_id":"Q30","candidates":[]}],[{"start":0,"end":15,"url":null,"entity_id":"Q1538925","candidates":[]}]],[[{"start":0,"end":23,"url":null,"entity_id":"Q1294193","candidates":[]}],[{"start":0,"end":5,"url":null,"entity_id":"Q17","candidates":[]}],[{"start":0,"end":14,"url":null,"entity_id":"Q1379022","candidates":[]}]],[[{"start":0,"end":27,"url":null,"entity_id":"Q2275539","candidates":[]}],[{"start":0,"end":24,"url":null,"entity_id":"Q30","candidates":[]}],[{"start":0,"end":12,"url":null,"entity_id":"Q1372141","candidates":[]}]],[[{"start":0,"end":14,"url":null,"entity_id":"Q1753443","candidates":[]}],[{"start":0,"end":24,"url":null,"entity_id":"Q30","candidates":[]}],[{"start":0,"end":12,"url":null,"entity_id":"Q536841","candidates":[]}]],[[{"start":0,"end":19,"url":null,"entity_id":"Q12154966","candidates":[]}],[{"start":0,"end":9,"url":null,"entity_id":"Q414","candidates":[]}],[{"start":0,"end":23,"url":null,"entity_id":"Q27643353","candidates":[]}]],[[{"start":0,"end":13,"url":null,"entity_id":"Q3228130","candidates":[]}],[{"start":0,"end":6,"url":null,"entity_id":"Q159","candidates":[]}],[{"start":0,"end":11,"url":null,"entity_id":"Q77944366","candidates":[]}]],[[{"start":0,"end":7,"url":null,"entity_id":"Q3221057","candidates":[]}],[{"start":0,"end":6,"url":null,"entity_id":"Q16","candidates":[]}],[{"start":0,"end":16,"url":null,"entity_id":"Q43201929","candidates":[]}]],[[{"start":0,"end":14,"url":null,"entity_id":"Q2608065","candidates":[]}],[{"start":0,"end":24,"url":null,"entity_id":"Q30","candidates":[]}],[{"start":0,"end":11,"url":null,"entity_id":"Q20676250","candidates":[]}]]]}