{"version":"1.2","table":{"version":"2","table_id":"2L5SKI4F","columns":[{"index":0,"name":"col0","values":["V* LV Cnc","2MASS J04192359+6530042","2MASS J07493723+8844290","RX J2133.7+5107","HBHA 4705-03","V* PY Per","2MASS J22503295+4457081","V* V632 Cyg","V455 Andromedae","2MASS J01101312+6004354","AM Herculis","HU Aquarii","AM Canum Venaticorum","V838 Monocerotis","RX J1831.7+6511","UCAC3 201-165802","1RXS J064725.3+491539","PG 1550+191","RX J2313.7+2117","HS 0229+8016"]},{"index":1,"name":"col1","values":["17.7","13.71","12.797","13.458","15.07","14.194","16","15.746","16.09","12.6","12.3","13.634","14.13","11.1922","14.96","14.33","17.3723","15.46","10.443","13.9"]},{"index":2,"name":"col2","values":["191.1132","1481.4815","1356.3","1376.2731","400.9784","502.6136","1662.7868","512.3476","75.527","141.4027","87.7555","192.197","298.4006","20000","811.2932","285.5348","268.341","131.7558","32.7286","486.3104"]}]},"context":{"page_title":null,"page_url":null,"page_entity_id":null,"content_hierarchy":[]},"links":[[[{"start":0,"end":23,"url":null,"entity_id":"Q75148300","candidates":[]}],[],[]],[[{"start":0,"end":23,"url":null,"entity_id":"Q75041509","candidates":[]}],[],[]],[[{"start":0,"end":15,"url":null,"entity_id":"Q74354859","candidates":[]}],[],[]],[[{"start":0,"end":12,"url":null,"entity_id":"Q74046448","candidates":[]}],[],[]],[[{"start":0,"end":9,"url":null,"entity_id":"Q74026247","candidates":[]}],[],[]],[[{"start":0,"end":23,"url":null,"entity_id":"Q73998243","candidates":[]}],[],[]],[[{"start":0,"end":11,"url":null,"entity_id":"Q73986877","candidates":[]}],[],[]],[[{"start":0,"end":15,"url":null,"entity_id":"Q60754833","candidates":[]}],[],[]],[[{"start":0,"end":23,"url":null,"entity_id":"Q28735927","candidates":[]}],[],[]],[[{"start":0,"end":11,"url":null,"entity_id":"Q14567495","candidates":[]}],[],[]],[[{"start":0,"end":10,"url":null,"entity_id":"Q5173944","candidates":[]}],[],[]],[[{"start":0,"end":20,"url":null,"entity_id":"Q1069015","candidates":[]}],[],[]],[[{"start":0,"end":16,"url":null,"entity_id":"Q855198","candidates":[]}],[],[]],[[{"start":0,"end":15,"url":null,"entity_id":"Q83568306","candidates":[]}],[],[]],[[{"start":0,"end":16,"url":null,"entity_id":"Q83491798","candidates":[]}],[],[]],[[{"start":0,"end":21,"url":null,"entity_id":"Q83212266","candidates":[]}],[],[]],[[{"start":0,"end":11,"url":null,"entity_id":"Q83202256","candidates":[]}],[],[]],[[{"start":0,"end":15,"url":null,"entity_id":"Q83078839","candidates":[]}],[],[]],[[{"start":0,"end":12,"url":null,"entity_id":"Q82142703","candidates":[]}],[],[]],[[{"start":0,"end":9,"url":null,"entity_id":"Q75170958","candidates":[]}],[],[]]]}