{"version":"1.2","table":{"version":"2","table_id":"2M5P02ZJ","columns":[{"index":0,"name":"col0","values":["Hangvar parish","Havdhem parish","Hemsö parish","Vaksala församling","Uppsala Cathedral Assembly","Vasa parish","Heds","Rytterne församling","Ekeby parish","Egby parish","Ekeby parish","Ekeberga parish","Eftra parish","Ekebyborna parish'","Ekeby parish","Eggvena parish","Eggby parish","Eggby-Istrums parish","Eda parish","Ekby parish"]},{"index":1,"name":"col1","values":["Hangvar District","Havdhem District","Hemsö","Vaksala","Uppsala domkyrkodistrikt","Johannebergs församling","Hed","Rytterne","Ekeby","Egby","Ekeby","Ekeberga","Eftra","Ekebyborna","Ekeby","Eggvena","Eggby-Istrums parish","Eggby-Öglunda parish","Bogen","Ekby"]},{"index":2,"name":"col2","values":["Hangvar socken","Eke parish","Högsjö församling","Vaksala socken","Helga Trefaldighet","Domkyrkoförsamlingen in Göteborg","Heds socken","Rytterne socken","Ekeby socken, Scania","Egby socken","Ekeby socken, Östergötland","Ekeberga socken","Eftra socken","Ekebyborna socken","Ekeby socken, Närke","Eggvena socken","Eggby socken","Eggby parish","Eda socken","Ekby socken"]},{"index":3,"name":"col3","values":["Gotland Municipality","Gotland Municipality","Härnösand municipality","Uppsala Municipality","Uppsala Municipality","Gothenburg Municipality","Skinnskatteberg Municipality","Västerås Municipality","Bjuv Municipality","Borgholm Municipality","Boxholm Municipality","Lessebo Municipality","Falkenberg Municipality","Motala Municipality","Kumla Municipality","Herrljunga Municipality","Skara Municipality","Skara Municipality","Eda Municipality","Mariestad Municipality"]}]},"context":{"page_title":null,"page_url":null,"page_entity_id":null,"content_hierarchy":[]},"links":[[[{"start":0,"end":14,"url":null,"entity_id":"Q10517218","candidates":[]}],[{"start":0,"end":16,"url":null,"entity_id":"Q21776782","candidates":[]}],[{"start":0,"end":14,"url":null,"entity_id":"Q10517219","candidates":[]}],[{"start":0,"end":20,"url":null,"entity_id":"Q374794","candidates":[]}]],[[{"start":0,"end":14,"url":null,"entity_id":"Q10518607","candidates":[]}],[{"start":0,"end":16,"url":null,"entity_id":"Q21776783","candidates":[]}],[{"start":0,"end":10,"url":null,"entity_id":"Q10480492","candidates":[]}],[{"start":0,"end":20,"url":null,"entity_id":"Q374794","candidates":[]}]],[[{"start":0,"end":12,"url":null,"entity_id":"Q10521854","candidates":[]}],[{"start":0,"end":5,"url":null,"entity_id":"Q21721346","candidates":[]}],[{"start":0,"end":17,"url":null,"entity_id":"Q10532378","candidates":[]}],[{"start":0,"end":22,"url":null,"entity_id":"Q209634","candidates":[]}]],[[{"start":0,"end":18,"url":null,"entity_id":"Q10712060","candidates":[]}],[{"start":0,"end":7,"url":null,"entity_id":"Q21684675","candidates":[]}],[{"start":0,"end":14,"url":null,"entity_id":"Q10712065","candidates":[]}],[{"start":0,"end":20,"url":null,"entity_id":"Q59091","candidates":[]}]],[[{"start":0,"end":26,"url":null,"entity_id":"Q10710237","candidates":[]}],[{"start":0,"end":24,"url":null,"entity_id":"Q21684671","candidates":[]}],[{"start":0,"end":18,"url":null,"entity_id":"Q10519481","candidates":[]}],[{"start":0,"end":20,"url":null,"entity_id":"Q59091","candidates":[]}]],[[{"start":0,"end":11,"url":null,"entity_id":"Q10713238","candidates":[]}],[{"start":0,"end":23,"url":null,"entity_id":"Q10540465","candidates":[]}],[{"start":0,"end":32,"url":null,"entity_id":"Q10475816","candidates":[]}],[{"start":0,"end":23,"url":null,"entity_id":"Q52502","candidates":[]}]],[[{"start":0,"end":4,"url":null,"entity_id":"Q10519241","candidates":[]}],[{"start":0,"end":3,"url":null,"entity_id":"Q21667488","candidates":[]}],[{"start":0,"end":11,"url":null,"entity_id":"Q10519244","candidates":[]}],[{"start":0,"end":28,"url":null,"entity_id":"Q37462","candidates":[]}]],[[{"start":0,"end":19,"url":null,"entity_id":"Q10658365","candidates":[]}],[{"start":0,"end":8,"url":null,"entity_id":"Q21667542","candidates":[]}],[{"start":0,"end":15,"url":null,"entity_id":"Q10658368","candidates":[]}],[{"start":0,"end":21,"url":null,"entity_id":"Q34550","candidates":[]}]],[[{"start":0,"end":12,"url":null,"entity_id":"Q10480525","candidates":[]}],[{"start":0,"end":5,"url":null,"entity_id":"Q21560033","candidates":[]}],[{"start":0,"end":20,"url":null,"entity_id":"Q10480544","candidates":[]}],[{"start":0,"end":17,"url":null,"entity_id":"Q511310","candidates":[]}]],[[{"start":0,"end":11,"url":null,"entity_id":"Q10480208","candidates":[]}],[{"start":0,"end":4,"url":null,"entity_id":"Q21566433","candidates":[]}],[{"start":0,"end":11,"url":null,"entity_id":"Q10480210","candidates":[]}],[{"start":0,"end":21,"url":null,"entity_id":"Q509546","candidates":[]}]],[[{"start":0,"end":12,"url":null,"entity_id":"Q10480523","candidates":[]}],[{"start":0,"end":5,"url":null,"entity_id":"Q21580174","candidates":[]}],[{"start":0,"end":26,"url":null,"entity_id":"Q10480546","candidates":[]}],[{"start":0,"end":20,"url":null,"entity_id":"Q509514","candidates":[]}]],[[{"start":0,"end":15,"url":null,"entity_id":"Q10480496","candidates":[]}],[{"start":0,"end":8,"url":null,"entity_id":"Q21566517","candidates":[]}],[{"start":0,"end":15,"url":null,"entity_id":"Q10480499","candidates":[]}],[{"start":0,"end":20,"url":null,"entity_id":"Q509488","candidates":[]}]],[[{"start":0,"end":12,"url":null,"entity_id":"Q10480199","candidates":[]}],[{"start":0,"end":5,"url":null,"entity_id":"Q21566324","candidates":[]}],[{"start":0,"end":12,"url":null,"entity_id":"Q10480202","candidates":[]}],[{"start":0,"end":23,"url":null,"entity_id":"Q508168","candidates":[]}]],[[{"start":0,"end":18,"url":null,"entity_id":"Q10480547","candidates":[]}],[{"start":0,"end":10,"url":null,"entity_id":"Q21580177","candidates":[]}],[{"start":0,"end":17,"url":null,"entity_id":"Q10480551","candidates":[]}],[{"start":0,"end":19,"url":null,"entity_id":"Q508108","candidates":[]}]],[[{"start":0,"end":12,"url":null,"entity_id":"Q10480524","candidates":[]}],[{"start":0,"end":5,"url":null,"entity_id":"Q21608309","candidates":[]}],[{"start":0,"end":19,"url":null,"entity_id":"Q10480543","candidates":[]}],[{"start":0,"end":18,"url":null,"entity_id":"Q504988","candidates":[]}]],[[{"start":0,"end":14,"url":null,"entity_id":"Q10480262","candidates":[]}],[{"start":0,"end":7,"url":null,"entity_id":"Q21566677","candidates":[]}],[{"start":0,"end":14,"url":null,"entity_id":"Q10480265","candidates":[]}],[{"start":0,"end":23,"url":null,"entity_id":"Q503111","candidates":[]}]],[[{"start":0,"end":12,"url":null,"entity_id":"Q10480248","candidates":[]}],[{"start":0,"end":20,"url":null,"entity_id":"Q10480245","candidates":[]}],[{"start":0,"end":12,"url":null,"entity_id":"Q10480253","candidates":[]}],[{"start":0,"end":18,"url":null,"entity_id":"Q499421","candidates":[]}]],[[{"start":0,"end":20,"url":null,"entity_id":"Q10480245","candidates":[]}],[{"start":0,"end":20,"url":null,"entity_id":"Q10480250","candidates":[]}],[{"start":0,"end":12,"url":null,"entity_id":"Q10480248","candidates":[]}],[{"start":0,"end":18,"url":null,"entity_id":"Q499421","candidates":[]}]],[[{"start":0,"end":10,"url":null,"entity_id":"Q10479823","candidates":[]}],[{"start":0,"end":5,"url":null,"entity_id":"Q10432068","candidates":[]}],[{"start":0,"end":10,"url":null,"entity_id":"Q10479829","candidates":[]}],[{"start":0,"end":16,"url":null,"entity_id":"Q498447","candidates":[]}]],[[{"start":0,"end":11,"url":null,"entity_id":"Q10480486","candidates":[]}],[{"start":0,"end":4,"url":null,"entity_id":"Q21566678","candidates":[]}],[{"start":0,"end":11,"url":null,"entity_id":"Q10480488","candidates":[]}],[{"start":0,"end":22,"url":null,"entity_id":"Q427422","candidates":[]}]]]}