{"version":"1.2","table":{"version":"2","table_id":"2MHCUP3X","columns":[{"index":0,"name":"col0","values":["Spanish Paralympic Committee","San Telmo Museum","Consejo y Comisaría de Cruzada","Centro de Estudios Históricos","Commonwealth of Catalonia","SGAE","Justicia of Aragon","Junta para Ampliación de Estudios","Generalitat of Catalonia","Magyar Theatre","Statute XIX of 1937","Alliance Française de Chittagong","CM Centre","Academia Argentina de Cirugía","Institution of Noble Ladies of the Prague Castle","Nubar Library","Vestre Hus Børnenaturcenter","Cámara Oficial de Comercio Industria y Navegación de Sevilla","Centro de Estudios Cofrades","Bétera City Council"]},{"index":1,"name":"col1","values":["1995-01-01","1902-01-01","1600-01-01","1910-03-18","1914-01-01","1889-01-01","1115-01-01","1907-01-01","1359-12-27","1837-08-22","1937-01-01","1965-01-01","1990-01-01","1911-01-01","1755-01-01","1928-01-01","1997-01-01","1886-06-13","2014-01-01","1370-01-01"]},{"index":2,"name":"col2","values":["Spain","Spain","Spain","Spain","Spain","Spain","Spain","Spain","Spain","Hungary","Hungary","Bangladesh","India","Argentina","Czech Republic","France","Denmark","Spain","Spain","Spain"]}]},"context":{"page_title":null,"page_url":null,"page_entity_id":null,"content_hierarchy":[]},"links":[[[{"start":0,"end":28,"url":null,"entity_id":"Q3684556","candidates":[]}],[],[{"start":0,"end":5,"url":null,"entity_id":"Q29","candidates":[]}]],[[{"start":0,"end":16,"url":null,"entity_id":"Q3329346","candidates":[]}],[],[{"start":0,"end":5,"url":null,"entity_id":"Q29","candidates":[]}]],[[{"start":0,"end":30,"url":null,"entity_id":"Q2993913","candidates":[]}],[],[{"start":0,"end":5,"url":null,"entity_id":"Q29","candidates":[]}]],[[{"start":0,"end":29,"url":null,"entity_id":"Q2945223","candidates":[]}],[],[{"start":0,"end":5,"url":null,"entity_id":"Q29","candidates":[]}]],[[{"start":0,"end":25,"url":null,"entity_id":"Q2572699","candidates":[]}],[],[{"start":0,"end":5,"url":null,"entity_id":"Q29","candidates":[]}]],[[{"start":0,"end":4,"url":null,"entity_id":"Q2571772","candidates":[]}],[],[{"start":0,"end":5,"url":null,"entity_id":"Q29","candidates":[]}]],[[{"start":0,"end":18,"url":null,"entity_id":"Q2047673","candidates":[]}],[],[{"start":0,"end":5,"url":null,"entity_id":"Q29","candidates":[]}]],[[{"start":0,"end":33,"url":null,"entity_id":"Q1681557","candidates":[]}],[],[{"start":0,"end":5,"url":null,"entity_id":"Q29","candidates":[]}]],[[{"start":0,"end":24,"url":null,"entity_id":"Q8022","candidates":[]}],[],[{"start":0,"end":5,"url":null,"entity_id":"Q29","candidates":[]}]],[[{"start":0,"end":14,"url":null,"entity_id":"Q1233423","candidates":[]}],[],[{"start":0,"end":7,"url":null,"entity_id":"Q28","candidates":[]}]],[[{"start":0,"end":19,"url":null,"entity_id":"Q1226197","candidates":[]}],[],[{"start":0,"end":7,"url":null,"entity_id":"Q28","candidates":[]}]],[[{"start":0,"end":32,"url":null,"entity_id":"Q65947254","candidates":[]}],[],[{"start":0,"end":10,"url":null,"entity_id":"Q902","candidates":[]}]],[[{"start":0,"end":9,"url":null,"entity_id":"Q61885825","candidates":[]}],[],[{"start":0,"end":5,"url":null,"entity_id":"Q668","candidates":[]}]],[[{"start":0,"end":29,"url":null,"entity_id":"Q64491733","candidates":[]}],[],[{"start":0,"end":9,"url":null,"entity_id":"Q414","candidates":[]}]],[[{"start":0,"end":48,"url":null,"entity_id":"Q60176194","candidates":[]}],[],[{"start":0,"end":14,"url":null,"entity_id":"Q213","candidates":[]}]],[[{"start":0,"end":13,"url":null,"entity_id":"Q62808965","candidates":[]}],[],[{"start":0,"end":6,"url":null,"entity_id":"Q142","candidates":[]}]],[[{"start":0,"end":27,"url":null,"entity_id":"Q65009278","candidates":[]}],[],[{"start":0,"end":7,"url":null,"entity_id":"Q35","candidates":[]}]],[[{"start":0,"end":60,"url":null,"entity_id":"Q77796531","candidates":[]}],[],[{"start":0,"end":5,"url":null,"entity_id":"Q29","candidates":[]}]],[[{"start":0,"end":27,"url":null,"entity_id":"Q67754080","candidates":[]}],[],[{"start":0,"end":5,"url":null,"entity_id":"Q29","candidates":[]}]],[[{"start":0,"end":19,"url":null,"entity_id":"Q64579301","candidates":[]}],[],[{"start":0,"end":5,"url":null,"entity_id":"Q29","candidates":[]}]]]}