{"version":"1.2","table":{"version":"2","table_id":"2MNHTY8P","columns":[{"index":0,"name":"col0","values":["Chinatown","Chinatown","Chinatown","Yokohama Chinatown","Chinatown","Chinatown","Chinese enclaves in the San Gabriel Valley","Walnut Grove Chinese-American Historic District","Chinatown","Chinatown","Chinatown","Ikebukuro","Chinatown","Chinatown","La Chinesca","Glodok","Chinatown","Chinatown","Chinatown","Chinese Americans in Dallas-Fort Worth"]},{"index":1,"name":"col1","values":["United Kingdom","United Kingdom","Singapore","Japan","Netherlands","Romania","United States of America","United States of America","United States of America","Canada","Canada","Japan","Malaysia","United States of America","Mexico","Indonesia","United States of America","Canada","United Kingdom","United States of America"]},{"index":2,"name":"col2","values":["Manchester","City of Newcastle upon Tyne","Outram, Singapore","Yamashitachō","Rotterdam","Afumați","San Gabriel Valley","Walnut Grove","Flushing","Lethbridge","Ville-Marie","Toshima-ku","Kuching","Tacoma","Mexicali","Taman Sari","Spokane","Windsor","City of Westminster","Dallas–Fort Worth metroplex"]}]},"context":{"page_title":null,"page_url":null,"page_entity_id":null,"content_hierarchy":[]},"links":[[[{"start":0,"end":9,"url":null,"entity_id":"Q5100147","candidates":[]}],[{"start":0,"end":14,"url":null,"entity_id":"Q145","candidates":[]}],[{"start":0,"end":10,"url":null,"entity_id":"Q21525592","candidates":[]}]],[[{"start":0,"end":9,"url":null,"entity_id":"Q5100153","candidates":[]}],[{"start":0,"end":14,"url":null,"entity_id":"Q145","candidates":[]}],[{"start":0,"end":27,"url":null,"entity_id":"Q21012735","candidates":[]}]],[[{"start":0,"end":9,"url":null,"entity_id":"Q1318670","candidates":[]}],[{"start":0,"end":9,"url":null,"entity_id":"Q334","candidates":[]}],[{"start":0,"end":17,"url":null,"entity_id":"Q15077913","candidates":[]}]],[[{"start":0,"end":18,"url":null,"entity_id":"Q1141498","candidates":[]}],[{"start":0,"end":5,"url":null,"entity_id":"Q17","candidates":[]}],[{"start":0,"end":12,"url":null,"entity_id":"Q11466015","candidates":[]}]],[[{"start":0,"end":9,"url":null,"entity_id":"Q2431824","candidates":[]}],[{"start":0,"end":11,"url":null,"entity_id":"Q55","candidates":[]}],[{"start":0,"end":9,"url":null,"entity_id":"Q2680952","candidates":[]}]],[[{"start":0,"end":9,"url":null,"entity_id":"Q12724000","candidates":[]}],[{"start":0,"end":7,"url":null,"entity_id":"Q218","candidates":[]}],[{"start":0,"end":7,"url":null,"entity_id":"Q2486305","candidates":[]}]],[[{"start":0,"end":42,"url":null,"entity_id":"Q5100767","candidates":[]}],[{"start":0,"end":24,"url":null,"entity_id":"Q30","candidates":[]}],[{"start":0,"end":18,"url":null,"entity_id":"Q2363753","candidates":[]}]],[[{"start":0,"end":47,"url":null,"entity_id":"Q49576489","candidates":[]}],[{"start":0,"end":24,"url":null,"entity_id":"Q30","candidates":[]}],[{"start":0,"end":12,"url":null,"entity_id":"Q1819794","candidates":[]}]],[[{"start":0,"end":9,"url":null,"entity_id":"Q5100136","candidates":[]}],[{"start":0,"end":24,"url":null,"entity_id":"Q30","candidates":[]}],[{"start":0,"end":8,"url":null,"entity_id":"Q1058775","candidates":[]}]],[[{"start":0,"end":9,"url":null,"entity_id":"Q5100142","candidates":[]}],[{"start":0,"end":6,"url":null,"entity_id":"Q16","candidates":[]}],[{"start":0,"end":10,"url":null,"entity_id":"Q270887","candidates":[]}]],[[{"start":0,"end":9,"url":null,"entity_id":"Q175067","candidates":[]}],[{"start":0,"end":6,"url":null,"entity_id":"Q16","candidates":[]}],[{"start":0,"end":11,"url":null,"entity_id":"Q247123","candidates":[]}]],[[{"start":0,"end":9,"url":null,"entity_id":"Q542366","candidates":[]}],[{"start":0,"end":5,"url":null,"entity_id":"Q17","candidates":[]}],[{"start":0,"end":10,"url":null,"entity_id":"Q236680","candidates":[]}]],[[{"start":0,"end":9,"url":null,"entity_id":"Q21601011","candidates":[]}],[{"start":0,"end":8,"url":null,"entity_id":"Q833","candidates":[]}],[{"start":0,"end":7,"url":null,"entity_id":"Q220445","candidates":[]}]],[[{"start":0,"end":9,"url":null,"entity_id":"Q14713608","candidates":[]}],[{"start":0,"end":24,"url":null,"entity_id":"Q30","candidates":[]}],[{"start":0,"end":6,"url":null,"entity_id":"Q199797","candidates":[]}]],[[{"start":0,"end":11,"url":null,"entity_id":"Q5100148","candidates":[]}],[{"start":0,"end":6,"url":null,"entity_id":"Q96","candidates":[]}],[{"start":0,"end":8,"url":null,"entity_id":"Q199440","candidates":[]}]],[[{"start":0,"end":6,"url":null,"entity_id":"Q430707","candidates":[]}],[{"start":0,"end":9,"url":null,"entity_id":"Q252","candidates":[]}],[{"start":0,"end":10,"url":null,"entity_id":"Q192748","candidates":[]}]],[[{"start":0,"end":9,"url":null,"entity_id":"Q14713607","candidates":[]}],[{"start":0,"end":24,"url":null,"entity_id":"Q30","candidates":[]}],[{"start":0,"end":7,"url":null,"entity_id":"Q187805","candidates":[]}]],[[{"start":0,"end":9,"url":null,"entity_id":"Q16957783","candidates":[]}],[{"start":0,"end":6,"url":null,"entity_id":"Q16","candidates":[]}],[{"start":0,"end":7,"url":null,"entity_id":"Q182625","candidates":[]}]],[[{"start":0,"end":9,"url":null,"entity_id":"Q1988417","candidates":[]}],[{"start":0,"end":14,"url":null,"entity_id":"Q145","candidates":[]}],[{"start":0,"end":19,"url":null,"entity_id":"Q179351","candidates":[]}]],[[{"start":0,"end":38,"url":null,"entity_id":"Q18124477","candidates":[]}],[{"start":0,"end":24,"url":null,"entity_id":"Q30","candidates":[]}],[{"start":0,"end":27,"url":null,"entity_id":"Q179295","candidates":[]}]]]}