{"version":"1.2","table":{"version":"2","table_id":"2OE9GOFA","columns":[{"index":0,"name":"col0","values":["500 Boyston Street","Itämereqtorni","CCID Building","Manhattan Ceter","Nihonbashi Mitsui Twer","Ontario Twer","Tour Pleel","Ban of Mauritius Tower","Arts Tor","Wesuin Peachtree Plaza Hotel","864 Fifth Avenue","Penobscot Buildng","330 Wevt 42nd Street","23 Wall Svreet","35#East Wacker","Olf Techniccl Town Hall","Teleunken-Hochhaus","One Post Office Uquare","Chicago oard of Trade Buildin","NTT Docomo Yoyogi Buileing"]},{"index":1,"name":"col1","values":["Massachusetts","Ruoholahti","Plateau, Ivory Coast","Saint-Josse-ten-Noode","Chūō-ku","London Borough of Tower Hamlets","Saint-Denis","Port Louis","Panama City","Georgia","Manhattan","Michigan","Manhattan","Manhattan","Illinois","Altstadt-Lehel","Charlottenburg-Wilmersdorf","Massachusetts","Chicago","Shibuya"]},{"index":2,"name":"col2","values":["Postmodern architecture","Modern Movement","Modern Movement","Modern Movement","Modern Movement","Modern Movement","Modern Movement","Modern Movement","Modern Movement","Modern Movement","Art Deco","Art Deco","International Style","Neoclassical architecture","Neoclassical architecture","Movement moderne","Movement moderne","Movement moderne","Art Deco architecture","Art Nouveau architecture"]}]},"context":{"page_title":null,"page_url":null,"page_entity_id":null,"content_hierarchy":[]},"links":[[[{"start":0,"end":18,"url":null,"entity_id":"Q2817125","candidates":[]}],[{"start":0,"end":13,"url":null,"entity_id":"Q771","candidates":[]}],[{"start":0,"end":23,"url":null,"entity_id":"Q595448","candidates":[]}]],[[{"start":0,"end":13,"url":null,"entity_id":"Q3156019","candidates":[]}],[{"start":0,"end":10,"url":null,"entity_id":"Q2370085","candidates":[]}],[{"start":0,"end":15,"url":null,"entity_id":"Q245188","candidates":[]}]],[[{"start":0,"end":13,"url":null,"entity_id":"Q3149042","candidates":[]}],[{"start":0,"end":20,"url":null,"entity_id":"Q960327","candidates":[]}],[{"start":0,"end":15,"url":null,"entity_id":"Q245188","candidates":[]}]],[[{"start":0,"end":15,"url":null,"entity_id":"Q3285820","candidates":[]}],[{"start":0,"end":21,"url":null,"entity_id":"Q272243","candidates":[]}],[{"start":0,"end":15,"url":null,"entity_id":"Q245188","candidates":[]}]],[[{"start":0,"end":22,"url":null,"entity_id":"Q3125027","candidates":[]}],[{"start":0,"end":7,"url":null,"entity_id":"Q212704","candidates":[]}],[{"start":0,"end":15,"url":null,"entity_id":"Q245188","candidates":[]}]],[[{"start":0,"end":12,"url":null,"entity_id":"Q3069905","candidates":[]}],[{"start":0,"end":31,"url":null,"entity_id":"Q208152","candidates":[]}],[{"start":0,"end":15,"url":null,"entity_id":"Q245188","candidates":[]}]],[[{"start":0,"end":10,"url":null,"entity_id":"Q3090112","candidates":[]}],[{"start":0,"end":11,"url":null,"entity_id":"Q160506","candidates":[]}],[{"start":0,"end":15,"url":null,"entity_id":"Q245188","candidates":[]}]],[[{"start":0,"end":22,"url":null,"entity_id":"Q2882647","candidates":[]}],[{"start":0,"end":10,"url":null,"entity_id":"Q3929","candidates":[]}],[{"start":0,"end":15,"url":null,"entity_id":"Q245188","candidates":[]}]],[[{"start":0,"end":8,"url":null,"entity_id":"Q2865861","candidates":[]}],[{"start":0,"end":11,"url":null,"entity_id":"Q3306","candidates":[]}],[{"start":0,"end":15,"url":null,"entity_id":"Q245188","candidates":[]}]],[[{"start":0,"end":28,"url":null,"entity_id":"Q3177225","candidates":[]}],[{"start":0,"end":7,"url":null,"entity_id":"Q1428","candidates":[]}],[{"start":0,"end":15,"url":null,"entity_id":"Q245188","candidates":[]}]],[[{"start":0,"end":16,"url":null,"entity_id":"Q2818491","candidates":[]}],[{"start":0,"end":9,"url":null,"entity_id":"Q11299","candidates":[]}],[{"start":0,"end":8,"url":null,"entity_id":"Q173782","candidates":[]}]],[[{"start":0,"end":17,"url":null,"entity_id":"Q3355290","candidates":[]}],[{"start":0,"end":8,"url":null,"entity_id":"Q1166","candidates":[]}],[{"start":0,"end":8,"url":null,"entity_id":"Q173782","candidates":[]}]],[[{"start":0,"end":20,"url":null,"entity_id":"Q3303658","candidates":[]}],[{"start":0,"end":9,"url":null,"entity_id":"Q11299","candidates":[]}],[{"start":0,"end":19,"url":null,"entity_id":"Q162324","candidates":[]}]],[[{"start":0,"end":14,"url":null,"entity_id":"Q2815111","candidates":[]}],[{"start":0,"end":9,"url":null,"entity_id":"Q11299","candidates":[]}],[{"start":0,"end":25,"url":null,"entity_id":"Q54111","candidates":[]}]],[[{"start":0,"end":14,"url":null,"entity_id":"Q2816312","candidates":[]}],[{"start":0,"end":8,"url":null,"entity_id":"Q1204","candidates":[]}],[{"start":0,"end":25,"url":null,"entity_id":"Q54111","candidates":[]}]],[[{"start":0,"end":23,"url":null,"entity_id":"Q2360053","candidates":[]}],[{"start":0,"end":14,"url":null,"entity_id":"Q971198","candidates":[]}],[{"start":0,"end":16,"url":null,"entity_id":"Q13526807","candidates":[]}]],[[{"start":0,"end":18,"url":null,"entity_id":"Q2401524","candidates":[]}],[{"start":0,"end":26,"url":null,"entity_id":"Q158095","candidates":[]}],[{"start":0,"end":16,"url":null,"entity_id":"Q13526807","candidates":[]}]],[[{"start":0,"end":22,"url":null,"entity_id":"Q2024085","candidates":[]}],[{"start":0,"end":13,"url":null,"entity_id":"Q771","candidates":[]}],[{"start":0,"end":16,"url":null,"entity_id":"Q13526807","candidates":[]}]],[[{"start":0,"end":29,"url":null,"entity_id":"Q2224700","candidates":[]}],[{"start":0,"end":7,"url":null,"entity_id":"Q1297","candidates":[]}],[{"start":0,"end":21,"url":null,"entity_id":"Q12720942","candidates":[]}]],[[{"start":0,"end":26,"url":null,"entity_id":"Q2090752","candidates":[]}],[{"start":0,"end":7,"url":null,"entity_id":"Q193638","candidates":[]}],[{"start":0,"end":24,"url":null,"entity_id":"Q1295040","candidates":[]}]]]}