{"version":"1.2","table":{"version":"2","table_id":"2Q1TMOS7","columns":[{"index":0,"name":"col0","values":["Hagia Sophia","Sagrada Família","Sacré-Cœur","Basilica of Santa Croce","Basilica of Saint-Denis","Notre-Dame de l’Immaculee-Conception","Basilica of San Clemente","St Mark's Basilica","Basilica of Candelaria","Moulins Cathedral","Notre-Dame de Paris","Florence Cathedral","Basilica of the Transfiguration of Our Lord, Prüm","Slipper Chapel","Iglesia de San Juan el Real","Shrine of the Virgin of the Rosary of Pompei","Basilica of Our Lady of Peace of Yamoussoukro","Basilica of Our Lady of the Pillar","Cathedral of Saint Bavo","St. Patrick's Old Cathedral"]},{"index":1,"name":"col1","values":["Trdat the Architect","Antoni Gaudí","Paul Abadie","Arnolfo di Cambio","Abbot Suger","Hippolyte Durand","Carlo Fontana","Domenico I Contarini","José Enrique Marrero Regalado","Jean-Baptiste-Antoine Lassus","Jean de Chelles","Filippo Brunelleschi","Johann Balthasar Neumann","Thomas Garner","Luis Bellido y González","Antonio Cua","Pierre Fakhoury","Francisco Herrera the Younger","Joseph Cuypers","Joseph-François Mangin"]},{"index":2,"name":"col2","values":["Holy Wisdom","Holy Family","Sacred Heart","Christian cross","Saint Denis","Immaculate Conception of Mary","Clement I","Mark the Evangelist","Virgin Mary","Virgin Mary","Virgin Mary","Virgin Mary","Jesus Christ","Catherine of Alexandria","John the Baptist","Our Lady of Pompeii","Our Lady of Peace","Our Lady of the Pillar","Saint Bavo","Saint Patrick"]}]},"context":{"page_title":null,"page_url":null,"page_entity_id":null,"content_hierarchy":[]},"links":[[[{"start":0,"end":12,"url":null,"entity_id":"Q12506","candidates":[]}],[{"start":0,"end":19,"url":null,"entity_id":"Q29761","candidates":[]}],[{"start":0,"end":11,"url":null,"entity_id":"Q7501062","candidates":[]}]],[[{"start":0,"end":15,"url":null,"entity_id":"Q48435","candidates":[]}],[{"start":0,"end":12,"url":null,"entity_id":"Q25328","candidates":[]}],[{"start":0,"end":11,"url":null,"entity_id":"Q618057","candidates":[]}]],[[{"start":0,"end":10,"url":null,"entity_id":"Q28785","candidates":[]}],[{"start":0,"end":11,"url":null,"entity_id":"Q367627","candidates":[]}],[{"start":0,"end":12,"url":null,"entity_id":"Q408284","candidates":[]}]],[[{"start":0,"end":23,"url":null,"entity_id":"Q51177","candidates":[]}],[{"start":0,"end":17,"url":null,"entity_id":"Q315249","candidates":[]}],[{"start":0,"end":15,"url":null,"entity_id":"Q392371","candidates":[]}]],[[{"start":0,"end":23,"url":null,"entity_id":"Q184407","candidates":[]}],[{"start":0,"end":11,"url":null,"entity_id":"Q137934","candidates":[]}],[{"start":0,"end":11,"url":null,"entity_id":"Q244380","candidates":[]}]],[[{"start":0,"end":36,"url":null,"entity_id":"Q3320","candidates":[]}],[{"start":0,"end":16,"url":null,"entity_id":"Q3136054","candidates":[]}],[{"start":0,"end":29,"url":null,"entity_id":"Q185606","candidates":[]}]],[[{"start":0,"end":24,"url":null,"entity_id":"Q385910","candidates":[]}],[{"start":0,"end":13,"url":null,"entity_id":"Q704356","candidates":[]}],[{"start":0,"end":9,"url":null,"entity_id":"Q42887","candidates":[]}]],[[{"start":0,"end":18,"url":null,"entity_id":"Q172988","candidates":[]}],[{"start":0,"end":20,"url":null,"entity_id":"Q522675","candidates":[]}],[{"start":0,"end":19,"url":null,"entity_id":"Q31966","candidates":[]}]],[[{"start":0,"end":22,"url":null,"entity_id":"Q34485","candidates":[]}],[{"start":0,"end":29,"url":null,"entity_id":"Q5939427","candidates":[]}],[{"start":0,"end":11,"url":null,"entity_id":"Q345","candidates":[]}]],[[{"start":0,"end":17,"url":null,"entity_id":"Q63504","candidates":[]}],[{"start":0,"end":28,"url":null,"entity_id":"Q3163757","candidates":[]}],[{"start":0,"end":11,"url":null,"entity_id":"Q345","candidates":[]}]],[[{"start":0,"end":19,"url":null,"entity_id":"Q2981","candidates":[]}],[{"start":0,"end":15,"url":null,"entity_id":"Q374131","candidates":[]}],[{"start":0,"end":11,"url":null,"entity_id":"Q345","candidates":[]}]],[[{"start":0,"end":18,"url":null,"entity_id":"Q191739","candidates":[]}],[{"start":0,"end":20,"url":null,"entity_id":"Q174330","candidates":[]}],[{"start":0,"end":11,"url":null,"entity_id":"Q345","candidates":[]}]],[[{"start":0,"end":49,"url":null,"entity_id":"Q316790","candidates":[]}],[{"start":0,"end":24,"url":null,"entity_id":"Q61349","candidates":[]}],[{"start":0,"end":12,"url":null,"entity_id":"Q302","candidates":[]}]],[[{"start":0,"end":14,"url":null,"entity_id":"Q7540890","candidates":[]}],[{"start":0,"end":13,"url":null,"entity_id":"Q7789928","candidates":[]}],[{"start":0,"end":23,"url":null,"entity_id":"Q179718","candidates":[]}]],[[{"start":0,"end":27,"url":null,"entity_id":"Q5197007","candidates":[]}],[{"start":0,"end":23,"url":null,"entity_id":"Q5982882","candidates":[]}],[{"start":0,"end":16,"url":null,"entity_id":"Q40662","candidates":[]}]],[[{"start":0,"end":44,"url":null,"entity_id":"Q980745","candidates":[]}],[{"start":0,"end":11,"url":null,"entity_id":"Q3619478","candidates":[]}],[{"start":0,"end":19,"url":null,"entity_id":"Q56424389","candidates":[]}]],[[{"start":0,"end":45,"url":null,"entity_id":"Q815584","candidates":[]}],[{"start":0,"end":15,"url":null,"entity_id":"Q3384954","candidates":[]}],[{"start":0,"end":17,"url":null,"entity_id":"Q19001811","candidates":[]}]],[[{"start":0,"end":34,"url":null,"entity_id":"Q810684","candidates":[]}],[{"start":0,"end":29,"url":null,"entity_id":"Q732537","candidates":[]}],[{"start":0,"end":22,"url":null,"entity_id":"Q1479965","candidates":[]}]],[[{"start":0,"end":23,"url":null,"entity_id":"Q962195","candidates":[]}],[{"start":0,"end":14,"url":null,"entity_id":"Q560719","candidates":[]}],[{"start":0,"end":10,"url":null,"entity_id":"Q457903","candidates":[]}]],[[{"start":0,"end":27,"url":null,"entity_id":"Q941763","candidates":[]}],[{"start":0,"end":22,"url":null,"entity_id":"Q6280621","candidates":[]}],[{"start":0,"end":13,"url":null,"entity_id":"Q165479","candidates":[]}]]]}