{"version":"1.2","table":{"version":"2","table_id":"2QKZIOTE","columns":[{"index":0,"name":"col0","values":["Ozrevac","Bugarski Pod","Velika Vala","Ljeljen Korito","Crni Vali","Drenove Doline","Vrliut Gomila","Mujbinica","Galin Do","Al Jawbah","Antina Jama","Babina Dolina","Jazov Do","Kajtezov Pod","Privil","Svilaje","Mala Korita","Kupalica","Koritine","Margulov Do"]},{"index":1,"name":"col1","values":["Bosnia and Herzegovina","Bosnia and Herzegovina","Bosnia and Herzegovina","Bosnia and Herzegovina","Bosnia and Herzegovina","Bosnia and Herzegovina","Bosnia and Herzegovina","Bosnia and Herzegovina","Bosnia and Herzegovina","Syria","Bosnia and Herzegovina","Bosnia and Herzegovina","Bosnia and Herzegovina","Bosnia and Herzegovina","Bosnia and Herzegovina","Bosnia and Herzegovina","Bosnia and Herzegovina","Bosnia and Herzegovina","Bosnia and Herzegovina","Bosnia and Herzegovina"]},{"index":2,"name":"col2","values":["Republika Srpska","Republika Srpska","Republika Srpska","Republika Srpska","Republika Srpska","Republika Srpska","Republika Srpska","Republika Srpska","Bosnia and Herzegovina","Quneitra Governorate","Federation of Bosnia and Herzegovina","Federation of Bosnia and Herzegovina","Federation of Bosnia and Herzegovina","Federation of Bosnia and Herzegovina","Federation of Bosnia and Herzegovina","Federation of Bosnia and Herzegovina","Federation of Bosnia and Herzegovina","Federation of Bosnia and Herzegovina","Republika Srpska","Republika Srpska"]}]},"context":{"page_title":null,"page_url":null,"page_entity_id":null,"content_hierarchy":[]},"links":[[[{"start":0,"end":7,"url":null,"entity_id":"Q21728335","candidates":[]}],[{"start":0,"end":22,"url":null,"entity_id":"Q225","candidates":[]}],[{"start":0,"end":16,"url":null,"entity_id":"Q11196","candidates":[]}]],[[{"start":0,"end":12,"url":null,"entity_id":"Q21728273","candidates":[]}],[{"start":0,"end":22,"url":null,"entity_id":"Q225","candidates":[]}],[{"start":0,"end":16,"url":null,"entity_id":"Q11196","candidates":[]}]],[[{"start":0,"end":11,"url":null,"entity_id":"Q21728272","candidates":[]}],[{"start":0,"end":22,"url":null,"entity_id":"Q225","candidates":[]}],[{"start":0,"end":16,"url":null,"entity_id":"Q11196","candidates":[]}]],[[{"start":0,"end":14,"url":null,"entity_id":"Q21728201","candidates":[]}],[{"start":0,"end":22,"url":null,"entity_id":"Q225","candidates":[]}],[{"start":0,"end":16,"url":null,"entity_id":"Q11196","candidates":[]}]],[[{"start":0,"end":9,"url":null,"entity_id":"Q21728083","candidates":[]}],[{"start":0,"end":22,"url":null,"entity_id":"Q225","candidates":[]}],[{"start":0,"end":16,"url":null,"entity_id":"Q11196","candidates":[]}]],[[{"start":0,"end":14,"url":null,"entity_id":"Q21728077","candidates":[]}],[{"start":0,"end":22,"url":null,"entity_id":"Q225","candidates":[]}],[{"start":0,"end":16,"url":null,"entity_id":"Q11196","candidates":[]}]],[[{"start":0,"end":13,"url":null,"entity_id":"Q21728027","candidates":[]}],[{"start":0,"end":22,"url":null,"entity_id":"Q225","candidates":[]}],[{"start":0,"end":16,"url":null,"entity_id":"Q11196","candidates":[]}]],[[{"start":0,"end":9,"url":null,"entity_id":"Q21726247","candidates":[]}],[{"start":0,"end":22,"url":null,"entity_id":"Q225","candidates":[]}],[{"start":0,"end":16,"url":null,"entity_id":"Q11196","candidates":[]}]],[[{"start":0,"end":8,"url":null,"entity_id":"Q21730320","candidates":[]}],[{"start":0,"end":22,"url":null,"entity_id":"Q225","candidates":[]}],[{"start":0,"end":22,"url":null,"entity_id":"Q225","candidates":[]}]],[[{"start":0,"end":9,"url":null,"entity_id":"Q21595952","candidates":[]}],[{"start":0,"end":5,"url":null,"entity_id":"Q858","candidates":[]}],[{"start":0,"end":20,"url":null,"entity_id":"Q219690","candidates":[]}]],[[{"start":0,"end":11,"url":null,"entity_id":"Q21724662","candidates":[]}],[{"start":0,"end":22,"url":null,"entity_id":"Q225","candidates":[]}],[{"start":0,"end":36,"url":null,"entity_id":"Q11198","candidates":[]}]],[[{"start":0,"end":13,"url":null,"entity_id":"Q21722012","candidates":[]}],[{"start":0,"end":22,"url":null,"entity_id":"Q225","candidates":[]}],[{"start":0,"end":36,"url":null,"entity_id":"Q11198","candidates":[]}]],[[{"start":0,"end":8,"url":null,"entity_id":"Q21720953","candidates":[]}],[{"start":0,"end":22,"url":null,"entity_id":"Q225","candidates":[]}],[{"start":0,"end":36,"url":null,"entity_id":"Q11198","candidates":[]}]],[[{"start":0,"end":12,"url":null,"entity_id":"Q21720337","candidates":[]}],[{"start":0,"end":22,"url":null,"entity_id":"Q225","candidates":[]}],[{"start":0,"end":36,"url":null,"entity_id":"Q11198","candidates":[]}]],[[{"start":0,"end":6,"url":null,"entity_id":"Q21719960","candidates":[]}],[{"start":0,"end":22,"url":null,"entity_id":"Q225","candidates":[]}],[{"start":0,"end":36,"url":null,"entity_id":"Q11198","candidates":[]}]],[[{"start":0,"end":7,"url":null,"entity_id":"Q21719914","candidates":[]}],[{"start":0,"end":22,"url":null,"entity_id":"Q225","candidates":[]}],[{"start":0,"end":36,"url":null,"entity_id":"Q11198","candidates":[]}]],[[{"start":0,"end":11,"url":null,"entity_id":"Q21719911","candidates":[]}],[{"start":0,"end":22,"url":null,"entity_id":"Q225","candidates":[]}],[{"start":0,"end":36,"url":null,"entity_id":"Q11198","candidates":[]}]],[[{"start":0,"end":8,"url":null,"entity_id":"Q21719573","candidates":[]}],[{"start":0,"end":22,"url":null,"entity_id":"Q225","candidates":[]}],[{"start":0,"end":36,"url":null,"entity_id":"Q11198","candidates":[]}]],[[{"start":0,"end":8,"url":null,"entity_id":"Q21719825","candidates":[]}],[{"start":0,"end":22,"url":null,"entity_id":"Q225","candidates":[]}],[{"start":0,"end":16,"url":null,"entity_id":"Q11196","candidates":[]}]],[[{"start":0,"end":11,"url":null,"entity_id":"Q21718544","candidates":[]}],[{"start":0,"end":22,"url":null,"entity_id":"Q225","candidates":[]}],[{"start":0,"end":16,"url":null,"entity_id":"Q11196","candidates":[]}]]]}