{"version":"1.2","table":{"version":"2","table_id":"2R7BRUR0","columns":[{"index":0,"name":"col0","values":["Roan-Paw Paw Township Public\"Library","orth Manchester Public Library","Dowlais ibrar|","Llanfair Faereinion Library","Purley Libray","Durning Libray","odmin Library","Martnez Library","Ruthin Librar","Browns!Valley Carnegie Librar{","Waterlqo Public Library-East Side Branch","Waterloo Public Lierbry","Hawthorne Branch Library Np. 2","Aldrich PublicLibrary","Mcon Library","Georgetown Neighborhoo Library","Sant Celoni Munlcipal Library","Bairnsdale Mechnics Institute","Jefferson Public Lbrary","Lincoln Public Librasy","Tosre Llobeta","John C. remont Branch","Washington Irvig Branch","North Hllywood Regional\"Branch","Balsall Heath Librdry","Exfter Library","Wilhire Branch","Wilmigton Branch","Van Nuy Branch","Robert Louis Stexenson Branch","Maabar Branch","Rutland Jewis Center","Southod Free Library","North Portland Mibrary","Woodland!Public Library","Cblioteca Púelica","Biblioteca Francfsc Ferrer i Guàrdia","Daniel Gay Houe","Union City Public Libary","Knox Cunty Courthouse and Hall of Records","Monroe Carnegie Nibrary","Racie Heritage Museum","Mirror Lake Lierary","Middleport Public Libray"]},{"index":1,"name":"col1","values":["United States of America","United States of America","United Kingdom","United Kingdom","United Kingdom","United Kingdom","United Kingdom","United States of America","United Kingdom","United States of America","United States of America","United States of America","United States of America","United States of America","United States of America","United States of America","Spain","Australia","United States of America","United States of America","Spain","United States of America","United States of America","United States of America","United Kingdom","United States of America","United States of America","United States of America","United States of America","United States of America","United States of America","United States of America","United States of America","United States of America","United States of America","Brazil","Spain","United States of America","United States of America","United States of America","United States of America","United States of America","United States of America","United States of America"]},{"index":2,"name":"col2","values":["American Craftsman","American Craftsman","Arts and Crafts movement","Arts and Crafts movement","Modern Movement","Gothic Revival architecture","Gothic Revival architecture","Art Deco","Neoclassical architecture","Neoclassical architecture","Neoclassical architecture","Neoclassical architecture","Neoclassical architecture","Neoclassical architecture","Neoclassical architecture","Colonial Revival architecture","Noucentisme","Renaissance Revival architecture","Prairie School architecture","Neoclassical architecture","late Gothic","Mediterranean Revival architecture","Mediterranean Revival architecture","Mediterranean Revival architecture","Edwardian architecture","Spanish Colonial Revival architecture","Spanish Colonial Revival architecture","Spanish Colonial Revival architecture","Spanish Colonial Revival architecture","Spanish Colonial Revival architecture","Spanish Colonial Revival architecture","Richardsonian Romanesque","Richardsonian Romanesque","Jacobean architecture","Mission Revival architecture","eclectic architecture","Noucentisme","Greek Revival (architecture)","Greek Revival (architecture)","Greek Revival (architecture)","Beaux-Arts","Beaux-Arts","Beaux-Arts","Georgian architecture"]}]},"context":{"page_title":null,"page_url":null,"page_entity_id":null,"content_hierarchy":[]},"links":[[[{"start":0,"end":36,"url":null,"entity_id":"Q28124436","candidates":[]}],[{"start":0,"end":24,"url":null,"entity_id":"Q30","candidates":[]}],[{"start":0,"end":18,"url":null,"entity_id":"Q463382","candidates":[]}]],[[{"start":0,"end":30,"url":null,"entity_id":"Q28124435","candidates":[]}],[{"start":0,"end":24,"url":null,"entity_id":"Q30","candidates":[]}],[{"start":0,"end":18,"url":null,"entity_id":"Q463382","candidates":[]}]],[[{"start":0,"end":14,"url":null,"entity_id":"Q29503942","candidates":[]}],[{"start":0,"end":14,"url":null,"entity_id":"Q145","candidates":[]}],[{"start":0,"end":24,"url":null,"entity_id":"Q330369","candidates":[]}]],[[{"start":0,"end":27,"url":null,"entity_id":"Q29494966","candidates":[]}],[{"start":0,"end":14,"url":null,"entity_id":"Q145","candidates":[]}],[{"start":0,"end":24,"url":null,"entity_id":"Q330369","candidates":[]}]],[[{"start":0,"end":13,"url":null,"entity_id":"Q27086972","candidates":[]}],[{"start":0,"end":14,"url":null,"entity_id":"Q145","candidates":[]}],[{"start":0,"end":15,"url":null,"entity_id":"Q245188","candidates":[]}]],[[{"start":0,"end":14,"url":null,"entity_id":"Q27085482","candidates":[]}],[{"start":0,"end":14,"url":null,"entity_id":"Q145","candidates":[]}],[{"start":0,"end":27,"url":null,"entity_id":"Q186363","candidates":[]}]],[[{"start":0,"end":13,"url":null,"entity_id":"Q26585733","candidates":[]}],[{"start":0,"end":14,"url":null,"entity_id":"Q145","candidates":[]}],[{"start":0,"end":27,"url":null,"entity_id":"Q186363","candidates":[]}]],[[{"start":0,"end":15,"url":null,"entity_id":"Q27982947","candidates":[]}],[{"start":0,"end":24,"url":null,"entity_id":"Q30","candidates":[]}],[{"start":0,"end":8,"url":null,"entity_id":"Q173782","candidates":[]}]],[[{"start":0,"end":13,"url":null,"entity_id":"Q29481364","candidates":[]}],[{"start":0,"end":14,"url":null,"entity_id":"Q145","candidates":[]}],[{"start":0,"end":25,"url":null,"entity_id":"Q54111","candidates":[]}]],[[{"start":0,"end":30,"url":null,"entity_id":"Q28126008","candidates":[]}],[{"start":0,"end":24,"url":null,"entity_id":"Q30","candidates":[]}],[{"start":0,"end":25,"url":null,"entity_id":"Q54111","candidates":[]}]],[[{"start":0,"end":40,"url":null,"entity_id":"Q28125794","candidates":[]}],[{"start":0,"end":24,"url":null,"entity_id":"Q30","candidates":[]}],[{"start":0,"end":25,"url":null,"entity_id":"Q54111","candidates":[]}]],[[{"start":0,"end":23,"url":null,"entity_id":"Q28125793","candidates":[]}],[{"start":0,"end":24,"url":null,"entity_id":"Q30","candidates":[]}],[{"start":0,"end":25,"url":null,"entity_id":"Q54111","candidates":[]}]],[[{"start":0,"end":30,"url":null,"entity_id":"Q28124469","candidates":[]}],[{"start":0,"end":24,"url":null,"entity_id":"Q30","candidates":[]}],[{"start":0,"end":25,"url":null,"entity_id":"Q54111","candidates":[]}]],[[{"start":0,"end":21,"url":null,"entity_id":"Q28123563","candidates":[]}],[{"start":0,"end":24,"url":null,"entity_id":"Q30","candidates":[]}],[{"start":0,"end":25,"url":null,"entity_id":"Q54111","candidates":[]}]],[[{"start":0,"end":12,"url":null,"entity_id":"Q27988211","candidates":[]}],[{"start":0,"end":24,"url":null,"entity_id":"Q30","candidates":[]}],[{"start":0,"end":25,"url":null,"entity_id":"Q54111","candidates":[]}]],[[{"start":0,"end":30,"url":null,"entity_id":"Q63437240","candidates":[]}],[{"start":0,"end":24,"url":null,"entity_id":"Q30","candidates":[]}],[{"start":0,"end":29,"url":null,"entity_id":"Q5148367","candidates":[]}]],[[{"start":0,"end":29,"url":null,"entity_id":"Q56402434","candidates":[]}],[{"start":0,"end":5,"url":null,"entity_id":"Q29","candidates":[]}],[{"start":0,"end":11,"url":null,"entity_id":"Q1580216","candidates":[]}]],[[{"start":0,"end":29,"url":null,"entity_id":"Q56610110","candidates":[]}],[{"start":0,"end":9,"url":null,"entity_id":"Q408","candidates":[]}],[{"start":0,"end":32,"url":null,"entity_id":"Q502163","candidates":[]}]],[[{"start":0,"end":23,"url":null,"entity_id":"Q60747867","candidates":[]}],[{"start":0,"end":24,"url":null,"entity_id":"Q30","candidates":[]}],[{"start":0,"end":27,"url":null,"entity_id":"Q616358","candidates":[]}]],[[{"start":0,"end":22,"url":null,"entity_id":"Q58055491","candidates":[]}],[{"start":0,"end":24,"url":null,"entity_id":"Q30","candidates":[]}],[{"start":0,"end":25,"url":null,"entity_id":"Q54111","candidates":[]}]],[[{"start":0,"end":13,"url":null,"entity_id":"Q18008511","candidates":[]}],[{"start":0,"end":5,"url":null,"entity_id":"Q29","candidates":[]}],[{"start":0,"end":11,"url":null,"entity_id":"Q10924220","candidates":[]}]],[[{"start":0,"end":21,"url":null,"entity_id":"Q14682518","candidates":[]}],[{"start":0,"end":24,"url":null,"entity_id":"Q30","candidates":[]}],[{"start":0,"end":34,"url":null,"entity_id":"Q7937337","candidates":[]}]],[[{"start":0,"end":23,"url":null,"entity_id":"Q7971991","candidates":[]}],[{"start":0,"end":24,"url":null,"entity_id":"Q30","candidates":[]}],[{"start":0,"end":34,"url":null,"entity_id":"Q7937337","candidates":[]}]],[[{"start":0,"end":30,"url":null,"entity_id":"Q7055653","candidates":[]}],[{"start":0,"end":24,"url":null,"entity_id":"Q30","candidates":[]}],[{"start":0,"end":34,"url":null,"entity_id":"Q7937337","candidates":[]}]],[[{"start":0,"end":21,"url":null,"entity_id":"Q7257458","candidates":[]}],[{"start":0,"end":14,"url":null,"entity_id":"Q145","candidates":[]}],[{"start":0,"end":22,"url":null,"entity_id":"Q5346070","candidates":[]}]],[[{"start":0,"end":14,"url":null,"entity_id":"Q14681962","candidates":[]}],[{"start":0,"end":24,"url":null,"entity_id":"Q30","candidates":[]}],[{"start":0,"end":37,"url":null,"entity_id":"Q3645460","candidates":[]}]],[[{"start":0,"end":14,"url":null,"entity_id":"Q8022893","candidates":[]}],[{"start":0,"end":24,"url":null,"entity_id":"Q30","candidates":[]}],[{"start":0,"end":37,"url":null,"entity_id":"Q3645460","candidates":[]}]],[[{"start":0,"end":16,"url":null,"entity_id":"Q8022745","candidates":[]}],[{"start":0,"end":24,"url":null,"entity_id":"Q30","candidates":[]}],[{"start":0,"end":37,"url":null,"entity_id":"Q3645460","candidates":[]}]],[[{"start":0,"end":14,"url":null,"entity_id":"Q7913562","candidates":[]}],[{"start":0,"end":24,"url":null,"entity_id":"Q30","candidates":[]}],[{"start":0,"end":37,"url":null,"entity_id":"Q3645460","candidates":[]}]],[[{"start":0,"end":29,"url":null,"entity_id":"Q7347002","candidates":[]}],[{"start":0,"end":24,"url":null,"entity_id":"Q30","candidates":[]}],[{"start":0,"end":37,"url":null,"entity_id":"Q3645460","candidates":[]}]],[[{"start":0,"end":13,"url":null,"entity_id":"Q6740734","candidates":[]}],[{"start":0,"end":24,"url":null,"entity_id":"Q30","candidates":[]}],[{"start":0,"end":37,"url":null,"entity_id":"Q3645460","candidates":[]}]],[[{"start":0,"end":20,"url":null,"entity_id":"Q24964561","candidates":[]}],[{"start":0,"end":24,"url":null,"entity_id":"Q30","candidates":[]}],[{"start":0,"end":24,"url":null,"entity_id":"Q3501297","candidates":[]}]],[[{"start":0,"end":20,"url":null,"entity_id":"Q21187841","candidates":[]}],[{"start":0,"end":24,"url":null,"entity_id":"Q30","candidates":[]}],[{"start":0,"end":24,"url":null,"entity_id":"Q3501297","candidates":[]}]],[[{"start":0,"end":22,"url":null,"entity_id":"Q7056407","candidates":[]}],[{"start":0,"end":24,"url":null,"entity_id":"Q30","candidates":[]}],[{"start":0,"end":21,"url":null,"entity_id":"Q2860343","candidates":[]}]],[[{"start":0,"end":23,"url":null,"entity_id":"Q8032877","candidates":[]}],[{"start":0,"end":24,"url":null,"entity_id":"Q30","candidates":[]}],[{"start":0,"end":28,"url":null,"entity_id":"Q2700522","candidates":[]}]],[[{"start":0,"end":17,"url":null,"entity_id":"Q9656764","candidates":[]}],[{"start":0,"end":6,"url":null,"entity_id":"Q155","candidates":[]}],[{"start":0,"end":21,"url":null,"entity_id":"Q2479493","candidates":[]}]],[[{"start":0,"end":36,"url":null,"entity_id":"Q18695769","candidates":[]}],[{"start":0,"end":5,"url":null,"entity_id":"Q29","candidates":[]}],[{"start":0,"end":11,"url":null,"entity_id":"Q1580216","candidates":[]}]],[[{"start":0,"end":15,"url":null,"entity_id":"Q25346106","candidates":[]}],[{"start":0,"end":24,"url":null,"entity_id":"Q30","candidates":[]}],[{"start":0,"end":28,"url":null,"entity_id":"Q1513688","candidates":[]}]],[[{"start":0,"end":24,"url":null,"entity_id":"Q24895291","candidates":[]}],[{"start":0,"end":24,"url":null,"entity_id":"Q30","candidates":[]}],[{"start":0,"end":28,"url":null,"entity_id":"Q1513688","candidates":[]}]],[[{"start":0,"end":41,"url":null,"entity_id":"Q23302757","candidates":[]}],[{"start":0,"end":24,"url":null,"entity_id":"Q30","candidates":[]}],[{"start":0,"end":28,"url":null,"entity_id":"Q1513688","candidates":[]}]],[[{"start":0,"end":23,"url":null,"entity_id":"Q24534806","candidates":[]}],[{"start":0,"end":24,"url":null,"entity_id":"Q30","candidates":[]}],[{"start":0,"end":10,"url":null,"entity_id":"Q1268134","candidates":[]}]],[[{"start":0,"end":21,"url":null,"entity_id":"Q16899059","candidates":[]}],[{"start":0,"end":24,"url":null,"entity_id":"Q30","candidates":[]}],[{"start":0,"end":10,"url":null,"entity_id":"Q1268134","candidates":[]}]],[[{"start":0,"end":19,"url":null,"entity_id":"Q12061875","candidates":[]}],[{"start":0,"end":24,"url":null,"entity_id":"Q30","candidates":[]}],[{"start":0,"end":10,"url":null,"entity_id":"Q1268134","candidates":[]}]],[[{"start":0,"end":24,"url":null,"entity_id":"Q6841833","candidates":[]}],[{"start":0,"end":24,"url":null,"entity_id":"Q30","candidates":[]}],[{"start":0,"end":21,"url":null,"entity_id":"Q1125300","candidates":[]}]]]}