{"version":"1.2","table":{"version":"2","table_id":"2RM9FIEG","columns":[{"index":0,"name":"col0","values":["São Paulo. Jardim da Luz I","São Paulo, Estação da Luz","São Paulo - Jardim da Luz III","São Paulo - Estação da Luz S.P.R. II","S.Paulo - Rio Tietê. Club de Regatas","Rua 15 de Novembro II","Rua 15 de Novembro I","Rua 15 de Novembro I","Panorama de São Paulo","Cantareira I","São Paulo - Rua João Alfredo","São Paulo. Cantareira I","Rua 15 de Novembro II","Nr. 14. S. Paulo. Rio Tietê, Clubs de Regatas","Praça João Mendes - S. Paulo Fotolabor 93","Praça da República - S. Paulo Fotolabor 91","Woman carrying a waterpot","Trees","Sunset over a Bengal landscape","Vista Geral de Santos"]},{"index":1,"name":"col1","values":["1910-01-01","1900-01-01","1900-01-01","1900-01-01","1900-01-01","1900-01-01","1900-01-01","1900-01-01","1900-01-01","1900-01-01","1900-01-01","1910-01-01","1900-01-01","1900-01-01","1940-01-01","1948-01-01","1921-01-01","1921-01-01","1919-01-01","1940-01-01"]},{"index":2,"name":"col2","values":["Guilherme Gaensly","Guilherme Gaensly","Guilherme Gaensly","Guilherme Gaensly","Guilherme Gaensly","Guilherme Gaensly","Guilherme Gaensly","Guilherme Gaensly","Guilherme Gaensly","Guilherme Gaensly","Guilherme Gaensly","Guilherme Gaensly","Guilherme Gaensly","Guilherme Gaensly","Werner Haberkorn","Werner Haberkorn","Nandalal Bose","Nandalal Bose","Nandalal Bose","Guilherme Gaensly"]}]},"context":{"page_title":null,"page_url":null,"page_entity_id":null,"content_hierarchy":[]},"links":[[[{"start":0,"end":26,"url":null,"entity_id":"Q49900447","candidates":[]}],[],[{"start":0,"end":17,"url":null,"entity_id":"Q3119562","candidates":[]}]],[[{"start":0,"end":25,"url":null,"entity_id":"Q49900405","candidates":[]}],[],[{"start":0,"end":17,"url":null,"entity_id":"Q3119562","candidates":[]}]],[[{"start":0,"end":29,"url":null,"entity_id":"Q49900364","candidates":[]}],[],[{"start":0,"end":17,"url":null,"entity_id":"Q3119562","candidates":[]}]],[[{"start":0,"end":36,"url":null,"entity_id":"Q49900319","candidates":[]}],[],[{"start":0,"end":17,"url":null,"entity_id":"Q3119562","candidates":[]}]],[[{"start":0,"end":36,"url":null,"entity_id":"Q49900237","candidates":[]}],[],[{"start":0,"end":17,"url":null,"entity_id":"Q3119562","candidates":[]}]],[[{"start":0,"end":21,"url":null,"entity_id":"Q49900145","candidates":[]}],[],[{"start":0,"end":17,"url":null,"entity_id":"Q3119562","candidates":[]}]],[[{"start":0,"end":20,"url":null,"entity_id":"Q49900091","candidates":[]}],[],[{"start":0,"end":17,"url":null,"entity_id":"Q3119562","candidates":[]}]],[[{"start":0,"end":20,"url":null,"entity_id":"Q49900006","candidates":[]}],[],[{"start":0,"end":17,"url":null,"entity_id":"Q3119562","candidates":[]}]],[[{"start":0,"end":21,"url":null,"entity_id":"Q49899972","candidates":[]}],[],[{"start":0,"end":17,"url":null,"entity_id":"Q3119562","candidates":[]}]],[[{"start":0,"end":12,"url":null,"entity_id":"Q49857831","candidates":[]}],[],[{"start":0,"end":17,"url":null,"entity_id":"Q3119562","candidates":[]}]],[[{"start":0,"end":28,"url":null,"entity_id":"Q49857712","candidates":[]}],[],[{"start":0,"end":17,"url":null,"entity_id":"Q3119562","candidates":[]}]],[[{"start":0,"end":23,"url":null,"entity_id":"Q49857605","candidates":[]}],[],[{"start":0,"end":17,"url":null,"entity_id":"Q3119562","candidates":[]}]],[[{"start":0,"end":21,"url":null,"entity_id":"Q49857560","candidates":[]}],[],[{"start":0,"end":17,"url":null,"entity_id":"Q3119562","candidates":[]}]],[[{"start":0,"end":45,"url":null,"entity_id":"Q49857443","candidates":[]}],[],[{"start":0,"end":17,"url":null,"entity_id":"Q3119562","candidates":[]}]],[[{"start":0,"end":41,"url":null,"entity_id":"Q51099234","candidates":[]}],[],[{"start":0,"end":16,"url":null,"entity_id":"Q16941108","candidates":[]}]],[[{"start":0,"end":42,"url":null,"entity_id":"Q51099223","candidates":[]}],[],[{"start":0,"end":16,"url":null,"entity_id":"Q16941108","candidates":[]}]],[[{"start":0,"end":25,"url":null,"entity_id":"Q50818156","candidates":[]}],[],[{"start":0,"end":13,"url":null,"entity_id":"Q3348980","candidates":[]}]],[[{"start":0,"end":5,"url":null,"entity_id":"Q50818155","candidates":[]}],[],[{"start":0,"end":13,"url":null,"entity_id":"Q3348980","candidates":[]}]],[[{"start":0,"end":30,"url":null,"entity_id":"Q50818145","candidates":[]}],[],[{"start":0,"end":13,"url":null,"entity_id":"Q3348980","candidates":[]}]],[[{"start":0,"end":21,"url":null,"entity_id":"Q49904959","candidates":[]}],[],[{"start":0,"end":17,"url":null,"entity_id":"Q3119562","candidates":[]}]]]}