{"version":"1.2","table":{"version":"2","table_id":"2RNMZ9G6","columns":[{"index":0,"name":"col0","values":["[CHM2007] LDC 89","[CHM2007] LDC 87","[CHM2007] LDC 85","[DZ2015b] 535","[FWB89] GrG 203","[FWB89] GrG 25","[FWB89] GrG 271","[CHM2007] LDC 55","[CHM2007] LDC 603","[CHM2007] LDC 97","[CHM2007] LDC 4","[CHM2007] LDC 43","[CHM2007] LDC 37","[CHM2007] LDC 39","[CHM2007] LDC 113","[CHM2007] LDC 107","[CHM2007] LDC 106","[CHM2007] LDC 100","[CHM2007] HDC 94","[CHM2007] HDC 99"]},{"index":1,"name":"col1","values":["-1.45333","1.77278","7.55944","-1.591","27.867","-1.267","30.433","-8.91417","59.93","-39.12611","32.89111","32.34861","25.59417","30.01944","20.03194","11.71556","28.08056","6.28056","21.79917","36.29972"]},{"index":2,"name":"col2","values":["NGC 585","NGC 521","NGC 524","NGC 541","NGC 661","NGC 533","NGC 183","NGC 341","NGC 2768","NGC 630","NGC 7819","NGC 262","NGC 214","NGC 233","NGC 719","NGC 665","NGC 661","NGC 632","NGC 678","NGC 679"]}]},"context":{"page_title":null,"page_url":null,"page_entity_id":null,"content_hierarchy":[]},"links":[[[{"start":0,"end":16,"url":null,"entity_id":"Q67625618","candidates":[]}],[],[{"start":0,"end":7,"url":null,"entity_id":"Q613827","candidates":[]}]],[[{"start":0,"end":16,"url":null,"entity_id":"Q67625593","candidates":[]}],[],[{"start":0,"end":7,"url":null,"entity_id":"Q578914","candidates":[]}]],[[{"start":0,"end":16,"url":null,"entity_id":"Q67625567","candidates":[]}],[],[{"start":0,"end":7,"url":null,"entity_id":"Q178583","candidates":[]}]],[[{"start":0,"end":13,"url":null,"entity_id":"Q67626779","candidates":[]}],[],[{"start":0,"end":7,"url":null,"entity_id":"Q1037236","candidates":[]}]],[[{"start":0,"end":15,"url":null,"entity_id":"Q67627097","candidates":[]}],[],[{"start":0,"end":7,"url":null,"entity_id":"Q1038038","candidates":[]}]],[[{"start":0,"end":14,"url":null,"entity_id":"Q67627128","candidates":[]}],[],[{"start":0,"end":7,"url":null,"entity_id":"Q961409","candidates":[]}]],[[{"start":0,"end":15,"url":null,"entity_id":"Q67627136","candidates":[]}],[],[{"start":0,"end":7,"url":null,"entity_id":"Q942981","candidates":[]}]],[[{"start":0,"end":16,"url":null,"entity_id":"Q67625110","candidates":[]}],[],[{"start":0,"end":7,"url":null,"entity_id":"Q1258350","candidates":[]}]],[[{"start":0,"end":17,"url":null,"entity_id":"Q67625182","candidates":[]}],[],[{"start":0,"end":8,"url":null,"entity_id":"Q1050785","candidates":[]}]],[[{"start":0,"end":16,"url":null,"entity_id":"Q67625721","candidates":[]}],[],[{"start":0,"end":7,"url":null,"entity_id":"Q1037776","candidates":[]}]],[[{"start":0,"end":15,"url":null,"entity_id":"Q67624903","candidates":[]}],[],[{"start":0,"end":8,"url":null,"entity_id":"Q1169504","candidates":[]}]],[[{"start":0,"end":16,"url":null,"entity_id":"Q67624942","candidates":[]}],[],[{"start":0,"end":7,"url":null,"entity_id":"Q1035924","candidates":[]}]],[[{"start":0,"end":16,"url":null,"entity_id":"Q67624862","candidates":[]}],[],[{"start":0,"end":7,"url":null,"entity_id":"Q1035755","candidates":[]}]],[[{"start":0,"end":16,"url":null,"entity_id":"Q67624890","candidates":[]}],[],[{"start":0,"end":7,"url":null,"entity_id":"Q568599","candidates":[]}]],[[{"start":0,"end":17,"url":null,"entity_id":"Q67624008","candidates":[]}],[],[{"start":0,"end":7,"url":null,"entity_id":"Q1038541","candidates":[]}]],[[{"start":0,"end":17,"url":null,"entity_id":"Q67623930","candidates":[]}],[],[{"start":0,"end":7,"url":null,"entity_id":"Q1038076","candidates":[]}]],[[{"start":0,"end":17,"url":null,"entity_id":"Q67623918","candidates":[]}],[],[{"start":0,"end":7,"url":null,"entity_id":"Q1038038","candidates":[]}]],[[{"start":0,"end":17,"url":null,"entity_id":"Q67623840","candidates":[]}],[],[{"start":0,"end":7,"url":null,"entity_id":"Q967819","candidates":[]}]],[[{"start":0,"end":16,"url":null,"entity_id":"Q67623766","candidates":[]}],[],[{"start":0,"end":7,"url":null,"entity_id":"Q947898","candidates":[]}]],[[{"start":0,"end":16,"url":null,"entity_id":"Q67623825","candidates":[]}],[],[{"start":0,"end":7,"url":null,"entity_id":"Q602508","candidates":[]}]]]}