{"version":"1.2","table":{"version":"2","table_id":"2SO6QPGL","columns":[{"index":0,"name":"col0","values":["Superga air disaster","Malév Flight 203","Sterling Airways Flight 296","Japan Airlines Flight 446","El Al Flight 1862","1977 Dan-Air Boeing 707 crash","Vladivostok Air Flight 352","Ukraine Air Alliance Flight 4050","American Airlines Flight 29","World Airways Flight 830","Aeroflot Flight 15","Aeroflot Flight 2808","Aeroflot Flight 6274","Atlantic Airways Flight 670","Aeroflot Flight 1969","Air Ontario Flight 1363","Aeroflot Flight 2723","Aeroflot Flight 75","Aeroflot Flight 20","Aeroflot Flight 3739 (1988)"]},{"index":1,"name":"col1","values":["Josep Tarradellas Airport Barcelona-El Prat","Henri Coandă International Airport","Dubai","Sheremetyevo International Airport","Amsterdam Airport Schiphol","Athens","Irkutsk","Lviv Danylo Halytskyi International Airport","Hartford","Naval Air Station Agana","Krasnoyarsk International Airport","Donetsk International Airport","Sukhumi Babushara Airport","Stord Airport","Luhansk International Airport","Dryden Regional Airport","Uytash Airport","Ivano-Frankivsk International Airport","Omsk Tsentralny Airport","Kurgan Airport"]},{"index":2,"name":"col2","values":["Turin Airport","Budapest Ferenc Liszt International Airport","Copenhagen Airport","Tokyo International Airport","Ben Gurion Airport","Lusaka","Vladivostok","Istanbul","New York City","Travis Air Force Base","Petropavlovsk-Kamchatsky Airport","Ivanovo Yuzhny Airport","Krasnodar International Airport","Molde Airport","Odessa International Airport","Winnipeg James Armstrong Richardson International Airport","Saratov Tsentralny Airport","Uzhhorod International Airport","Almaty International Airport","Pulkovo Airport"]}]},"context":{"page_title":null,"page_url":null,"page_entity_id":null,"content_hierarchy":[]},"links":[[[{"start":0,"end":20,"url":null,"entity_id":"Q858734","candidates":[]}],[{"start":0,"end":43,"url":null,"entity_id":"Q56973","candidates":[]}],[{"start":0,"end":13,"url":null,"entity_id":"Q528184","candidates":[]}]],[[{"start":0,"end":16,"url":null,"entity_id":"Q18398630","candidates":[]}],[{"start":0,"end":34,"url":null,"entity_id":"Q257631","candidates":[]}],[{"start":0,"end":43,"url":null,"entity_id":"Q500945","candidates":[]}]],[[{"start":0,"end":27,"url":null,"entity_id":"Q4992083","candidates":[]}],[{"start":0,"end":5,"url":null,"entity_id":"Q613","candidates":[]}],[{"start":0,"end":18,"url":null,"entity_id":"Q206277","candidates":[]}]],[[{"start":0,"end":25,"url":null,"entity_id":"Q6156486","candidates":[]}],[{"start":0,"end":34,"url":null,"entity_id":"Q192733","candidates":[]}],[{"start":0,"end":27,"url":null,"entity_id":"Q204853","candidates":[]}]],[[{"start":0,"end":17,"url":null,"entity_id":"Q1323799","candidates":[]}],[{"start":0,"end":26,"url":null,"entity_id":"Q9694","candidates":[]}],[{"start":0,"end":18,"url":null,"entity_id":"Q181479","candidates":[]}]],[[{"start":0,"end":29,"url":null,"entity_id":"Q4577626","candidates":[]}],[{"start":0,"end":6,"url":null,"entity_id":"Q1524","candidates":[]}],[{"start":0,"end":6,"url":null,"entity_id":"Q3881","candidates":[]}]],[[{"start":0,"end":26,"url":null,"entity_id":"Q2372347","candidates":[]}],[{"start":0,"end":7,"url":null,"entity_id":"Q6576","candidates":[]}],[{"start":0,"end":11,"url":null,"entity_id":"Q959","candidates":[]}]],[[{"start":0,"end":32,"url":null,"entity_id":"Q70141439","candidates":[]}],[{"start":0,"end":43,"url":null,"entity_id":"Q282909","candidates":[]}],[{"start":0,"end":8,"url":null,"entity_id":"Q406","candidates":[]}]],[[{"start":0,"end":27,"url":null,"entity_id":"Q47008998","candidates":[]}],[{"start":0,"end":8,"url":null,"entity_id":"Q33486","candidates":[]}],[{"start":0,"end":13,"url":null,"entity_id":"Q60","candidates":[]}]],[[{"start":0,"end":24,"url":null,"entity_id":"Q20986944","candidates":[]}],[{"start":0,"end":23,"url":null,"entity_id":"Q3015976","candidates":[]}],[{"start":0,"end":21,"url":null,"entity_id":"Q3497425","candidates":[]}]],[[{"start":0,"end":18,"url":null,"entity_id":"Q16662465","candidates":[]}],[{"start":0,"end":33,"url":null,"entity_id":"Q1431601","candidates":[]}],[{"start":0,"end":32,"url":null,"entity_id":"Q2074948","candidates":[]}]],[[{"start":0,"end":20,"url":null,"entity_id":"Q4217224","candidates":[]}],[{"start":0,"end":29,"url":null,"entity_id":"Q1431229","candidates":[]}],[{"start":0,"end":22,"url":null,"entity_id":"Q1995004","candidates":[]}]],[[{"start":0,"end":20,"url":null,"entity_id":"Q16662374","candidates":[]}],[{"start":0,"end":25,"url":null,"entity_id":"Q2347363","candidates":[]}],[{"start":0,"end":31,"url":null,"entity_id":"Q1629051","candidates":[]}]],[[{"start":0,"end":27,"url":null,"entity_id":"Q2822713","candidates":[]}],[{"start":0,"end":13,"url":null,"entity_id":"Q1704176","candidates":[]}],[{"start":0,"end":13,"url":null,"entity_id":"Q1618505","candidates":[]}]],[[{"start":0,"end":20,"url":null,"entity_id":"Q16662327","candidates":[]}],[{"start":0,"end":29,"url":null,"entity_id":"Q2233195","candidates":[]}],[{"start":0,"end":28,"url":null,"entity_id":"Q1432234","candidates":[]}]],[[{"start":0,"end":23,"url":null,"entity_id":"Q2632428","candidates":[]}],[{"start":0,"end":23,"url":null,"entity_id":"Q1655363","candidates":[]}],[{"start":0,"end":57,"url":null,"entity_id":"Q1323755","candidates":[]}]],[[{"start":0,"end":20,"url":null,"entity_id":"Q18398586","candidates":[]}],[{"start":0,"end":14,"url":null,"entity_id":"Q2452159","candidates":[]}],[{"start":0,"end":26,"url":null,"entity_id":"Q1279158","candidates":[]}]],[[{"start":0,"end":18,"url":null,"entity_id":"Q16495728","candidates":[]}],[{"start":0,"end":37,"url":null,"entity_id":"Q1431569","candidates":[]}],[{"start":0,"end":30,"url":null,"entity_id":"Q1077892","candidates":[]}]],[[{"start":0,"end":18,"url":null,"entity_id":"Q16488142","candidates":[]}],[{"start":0,"end":23,"url":null,"entity_id":"Q1432246","candidates":[]}],[{"start":0,"end":28,"url":null,"entity_id":"Q858844","candidates":[]}]],[[{"start":0,"end":27,"url":null,"entity_id":"Q4372935","candidates":[]}],[{"start":0,"end":14,"url":null,"entity_id":"Q2545156","candidates":[]}],[{"start":0,"end":15,"url":null,"entity_id":"Q690122","candidates":[]}]]]}