{"version":"1.2","table":{"version":"2","table_id":"2SOZWNQ8","columns":[{"index":0,"name":"col0","values":["Vilamartín de Valdeorras","Maceda","Nigrán","Moaña","O Bolo","O Páramo","Cervo","O Porriño","Frades","Vimianzo","Miño, A Coruña","Trazo","Vedra","Sada","Brión","Pazos de Borbén","Dozón","Mondariz – Balneario","Sarreaus","Cenlle"]},{"index":1,"name":"col1","values":["88.26","102","34.9","31.5","91","75","78","62","81.61","188.13","35.9","101.82","94.4","27.68","75","50","74","2.4","77.29","29"]},{"index":2,"name":"col2","values":["1790","2872","17675","19399","884","1366","4227","19848","2339","7057","6200","3113","5036","15841","7837","2999","1082","644","1162","1120"]}]},"context":{"page_title":null,"page_url":null,"page_entity_id":null,"content_hierarchy":[]},"links":[[[{"start":0,"end":6,"url":null,"entity_id":"Q1617896","candidates":[]}],[],[]],[[{"start":0,"end":6,"url":null,"entity_id":"Q1617562","candidates":[]}],[],[]],[[{"start":0,"end":5,"url":null,"entity_id":"Q1617430","candidates":[]}],[],[]],[[{"start":0,"end":6,"url":null,"entity_id":"Q1617349","candidates":[]}],[],[]],[[{"start":0,"end":8,"url":null,"entity_id":"Q1617334","candidates":[]}],[],[]],[[{"start":0,"end":5,"url":null,"entity_id":"Q1616622","candidates":[]}],[],[]],[[{"start":0,"end":9,"url":null,"entity_id":"Q1616392","candidates":[]}],[],[]],[[{"start":0,"end":6,"url":null,"entity_id":"Q1616172","candidates":[]}],[],[]],[[{"start":0,"end":8,"url":null,"entity_id":"Q1616162","candidates":[]}],[],[]],[[{"start":0,"end":14,"url":null,"entity_id":"Q1616112","candidates":[]}],[],[]],[[{"start":0,"end":5,"url":null,"entity_id":"Q1616102","candidates":[]}],[],[]],[[{"start":0,"end":5,"url":null,"entity_id":"Q1616092","candidates":[]}],[],[]],[[{"start":0,"end":4,"url":null,"entity_id":"Q1616081","candidates":[]}],[],[]],[[{"start":0,"end":5,"url":null,"entity_id":"Q1615466","candidates":[]}],[],[]],[[{"start":0,"end":15,"url":null,"entity_id":"Q1614595","candidates":[]}],[],[]],[[{"start":0,"end":5,"url":null,"entity_id":"Q1614585","candidates":[]}],[],[]],[[{"start":0,"end":20,"url":null,"entity_id":"Q1614339","candidates":[]}],[],[]],[[{"start":0,"end":8,"url":null,"entity_id":"Q1607778","candidates":[]}],[],[]],[[{"start":0,"end":6,"url":null,"entity_id":"Q1607762","candidates":[]}],[],[]],[[{"start":0,"end":24,"url":null,"entity_id":"Q1618272","candidates":[]}],[],[]]]}