{"version":"1.2","table":{"version":"2","table_id":"2SYQN26P","columns":[{"index":0,"name":"col0","values":["Le Carnet","La Barèche","Bissin","Moulin Givry","Trocadéro","La Lieutenance","Les Fonds-Verts","La Brèche-aux-Loups","Picpus","Montempoivre","vallée de Fécamp","Kermaria","La Cabanassa","Beisten","Simmerschmelz","Sandweiler-Gare","Kaesfurt","Asselborn-Kehmen","Roudenhaff","Lauterborn"]},{"index":1,"name":"col1","values":["Frossay","Durnes","Guérande","Dagneux","16th arrondissement of Paris","12th arrondissement of Paris","12th arrondissement of Paris","12th arrondissement of Paris","12th arrondissement of Paris","12th arrondissement of Paris","12th arrondissement of Paris","Plumelin","Reynès","Nommern","Habscht","Hesperange","Clervaux","Bourscheid","Pétange","Echternach"]},{"index":2,"name":"col2","values":["France","France","France","France","France","France","France","France","France","France","France","France","France","Luxembourg","Luxembourg","Luxembourg","Luxembourg","Luxembourg","Luxembourg","Luxembourg"]}]},"context":{"page_title":null,"page_url":null,"page_entity_id":null,"content_hierarchy":[]},"links":[[[{"start":0,"end":10,"url":null,"entity_id":"Q21008005","candidates":[]}],[{"start":0,"end":6,"url":null,"entity_id":"Q544097","candidates":[]}],[{"start":0,"end":6,"url":null,"entity_id":"Q142","candidates":[]}]],[[{"start":0,"end":6,"url":null,"entity_id":"Q21334497","candidates":[]}],[{"start":0,"end":8,"url":null,"entity_id":"Q501971","candidates":[]}],[{"start":0,"end":6,"url":null,"entity_id":"Q142","candidates":[]}]],[[{"start":0,"end":12,"url":null,"entity_id":"Q27468741","candidates":[]}],[{"start":0,"end":7,"url":null,"entity_id":"Q241543","candidates":[]}],[{"start":0,"end":6,"url":null,"entity_id":"Q142","candidates":[]}]],[[{"start":0,"end":9,"url":null,"entity_id":"Q28052877","candidates":[]}],[{"start":0,"end":28,"url":null,"entity_id":"Q194420","candidates":[]}],[{"start":0,"end":6,"url":null,"entity_id":"Q142","candidates":[]}]],[[{"start":0,"end":14,"url":null,"entity_id":"Q23824570","candidates":[]}],[{"start":0,"end":28,"url":null,"entity_id":"Q171689","candidates":[]}],[{"start":0,"end":6,"url":null,"entity_id":"Q142","candidates":[]}]],[[{"start":0,"end":15,"url":null,"entity_id":"Q23824555","candidates":[]}],[{"start":0,"end":28,"url":null,"entity_id":"Q171689","candidates":[]}],[{"start":0,"end":6,"url":null,"entity_id":"Q142","candidates":[]}]],[[{"start":0,"end":19,"url":null,"entity_id":"Q23824553","candidates":[]}],[{"start":0,"end":28,"url":null,"entity_id":"Q171689","candidates":[]}],[{"start":0,"end":6,"url":null,"entity_id":"Q142","candidates":[]}]],[[{"start":0,"end":6,"url":null,"entity_id":"Q23824537","candidates":[]}],[{"start":0,"end":28,"url":null,"entity_id":"Q171689","candidates":[]}],[{"start":0,"end":6,"url":null,"entity_id":"Q142","candidates":[]}]],[[{"start":0,"end":12,"url":null,"entity_id":"Q23824504","candidates":[]}],[{"start":0,"end":28,"url":null,"entity_id":"Q171689","candidates":[]}],[{"start":0,"end":6,"url":null,"entity_id":"Q142","candidates":[]}]],[[{"start":0,"end":16,"url":null,"entity_id":"Q23824393","candidates":[]}],[{"start":0,"end":28,"url":null,"entity_id":"Q171689","candidates":[]}],[{"start":0,"end":6,"url":null,"entity_id":"Q142","candidates":[]}]],[[{"start":0,"end":8,"url":null,"entity_id":"Q28002570","candidates":[]}],[{"start":0,"end":8,"url":null,"entity_id":"Q128385","candidates":[]}],[{"start":0,"end":6,"url":null,"entity_id":"Q142","candidates":[]}]],[[{"start":0,"end":12,"url":null,"entity_id":"Q25434114","candidates":[]}],[{"start":0,"end":6,"url":null,"entity_id":"Q6627","candidates":[]}],[{"start":0,"end":6,"url":null,"entity_id":"Q142","candidates":[]}]],[[{"start":0,"end":7,"url":null,"entity_id":"Q16762561","candidates":[]}],[{"start":0,"end":7,"url":null,"entity_id":"Q985393","candidates":[]}],[{"start":0,"end":10,"url":null,"entity_id":"Q32","candidates":[]}]],[[{"start":0,"end":13,"url":null,"entity_id":"Q16764791","candidates":[]}],[{"start":0,"end":7,"url":null,"entity_id":"Q958682","candidates":[]}],[{"start":0,"end":10,"url":null,"entity_id":"Q32","candidates":[]}]],[[{"start":0,"end":15,"url":null,"entity_id":"Q16764572","candidates":[]}],[{"start":0,"end":10,"url":null,"entity_id":"Q921321","candidates":[]}],[{"start":0,"end":10,"url":null,"entity_id":"Q32","candidates":[]}]],[[{"start":0,"end":8,"url":null,"entity_id":"Q16763858","candidates":[]}],[{"start":0,"end":8,"url":null,"entity_id":"Q836075","candidates":[]}],[{"start":0,"end":10,"url":null,"entity_id":"Q32","candidates":[]}]],[[{"start":0,"end":16,"url":null,"entity_id":"Q20572396","candidates":[]}],[{"start":0,"end":10,"url":null,"entity_id":"Q641381","candidates":[]}],[{"start":0,"end":10,"url":null,"entity_id":"Q32","candidates":[]}]],[[{"start":0,"end":10,"url":null,"entity_id":"Q16764539","candidates":[]}],[{"start":0,"end":7,"url":null,"entity_id":"Q602441","candidates":[]}],[{"start":0,"end":10,"url":null,"entity_id":"Q32","candidates":[]}]],[[{"start":0,"end":10,"url":null,"entity_id":"Q16763978","candidates":[]}],[{"start":0,"end":10,"url":null,"entity_id":"Q204317","candidates":[]}],[{"start":0,"end":10,"url":null,"entity_id":"Q32","candidates":[]}]],[[{"start":0,"end":9,"url":null,"entity_id":"Q18668390","candidates":[]}],[{"start":0,"end":7,"url":null,"entity_id":"Q730397","candidates":[]}],[{"start":0,"end":6,"url":null,"entity_id":"Q142","candidates":[]}]]]}