{"version":"1.2","table":{"version":"2","table_id":"2TJNLS3G","columns":[{"index":0,"name":"col0","values":["Kepler-126b","Kepler-126c","Kepler-125b","Kepler-125c","Kepler-124d","Beta Pictoris b","23 Librae c","23 Librae b","HD 11964 c","HD 11964 b","BD-10°3166 b","HD 128311 b","HD 187085 b","Gliese 436 b","HD 183263 b","HD 101930 b","Gliese 581 b","Babylonia","HD 141937 b","Kepler-6b"]},{"index":1,"name":"col1","values":["289.347294449665","289.347294449665","298.2581058942354","298.2581058942354","286.7527895134192","86.82121658260999","228.369446083","228.369446083","29.290031792","29.290031792","164.6199344172517","219.002334542","297.39152699275496","175.54622167","292.10238146764874","175.8754721","229.86177875","293.0173375531905","238.07311723561","296.8372413228896"]},{"index":2,"name":"col2","values":["-19.986","-19.986","0.659","0.659","-8.724","2.493","-399.92","-399.92","-366.23","-366.23","-184.836","-249.98","-103.249","-813.717","-32.162","16.679","-1221.289","15.65","19.113","0.961"]},{"index":3,"name":"col3","values":["Kepler","Kepler","Kepler","Kepler","Kepler","Anne-Marie Lagrange","Steven S. Vogt","Steven S. Vogt","R. Paul Butler","R. Paul Butler","R. Paul Butler","R. Paul Butler","Geoffrey Marcy","Geoffrey Marcy","Geoffrey Marcy","High Accuracy Radial Velocity Planet Searcher","High Accuracy Radial Velocity Planet Searcher","Debra Fischer","Stéphane Udry","Kepler"]}]},"context":{"page_title":null,"page_url":null,"page_entity_id":null,"content_hierarchy":[]},"links":[[[{"start":0,"end":11,"url":null,"entity_id":"Q28502755","candidates":[]}],[],[],[{"start":0,"end":6,"url":null,"entity_id":"Q47272","candidates":[]}]],[[{"start":0,"end":11,"url":null,"entity_id":"Q28502754","candidates":[]}],[],[],[{"start":0,"end":6,"url":null,"entity_id":"Q47272","candidates":[]}]],[[{"start":0,"end":11,"url":null,"entity_id":"Q28502752","candidates":[]}],[],[],[{"start":0,"end":6,"url":null,"entity_id":"Q47272","candidates":[]}]],[[{"start":0,"end":11,"url":null,"entity_id":"Q28502749","candidates":[]}],[],[],[{"start":0,"end":6,"url":null,"entity_id":"Q47272","candidates":[]}]],[[{"start":0,"end":15,"url":null,"entity_id":"Q854599","candidates":[]}],[],[],[{"start":0,"end":19,"url":null,"entity_id":"Q2850870","candidates":[]}]],[[{"start":0,"end":11,"url":null,"entity_id":"Q1042415","candidates":[]}],[],[],[{"start":0,"end":14,"url":null,"entity_id":"Q2347721","candidates":[]}]],[[{"start":0,"end":11,"url":null,"entity_id":"Q945666","candidates":[]}],[],[],[{"start":0,"end":14,"url":null,"entity_id":"Q2347721","candidates":[]}]],[[{"start":0,"end":10,"url":null,"entity_id":"Q845350","candidates":[]}],[],[],[{"start":0,"end":14,"url":null,"entity_id":"Q1387698","candidates":[]}]],[[{"start":0,"end":10,"url":null,"entity_id":"Q845343","candidates":[]}],[],[],[{"start":0,"end":14,"url":null,"entity_id":"Q1387698","candidates":[]}]],[[{"start":0,"end":12,"url":null,"entity_id":"Q795791","candidates":[]}],[],[],[{"start":0,"end":14,"url":null,"entity_id":"Q1387698","candidates":[]}]],[[{"start":0,"end":11,"url":null,"entity_id":"Q788852","candidates":[]}],[],[],[{"start":0,"end":14,"url":null,"entity_id":"Q1387698","candidates":[]}]],[[{"start":0,"end":11,"url":null,"entity_id":"Q1041091","candidates":[]}],[],[],[{"start":0,"end":14,"url":null,"entity_id":"Q736811","candidates":[]}]],[[{"start":0,"end":12,"url":null,"entity_id":"Q842110","candidates":[]}],[],[],[{"start":0,"end":14,"url":null,"entity_id":"Q736811","candidates":[]}]],[[{"start":0,"end":11,"url":null,"entity_id":"Q841677","candidates":[]}],[],[],[{"start":0,"end":14,"url":null,"entity_id":"Q736811","candidates":[]}]],[[{"start":0,"end":11,"url":null,"entity_id":"Q1039883","candidates":[]}],[],[],[{"start":0,"end":45,"url":null,"entity_id":"Q568117","candidates":[]}]],[[{"start":0,"end":12,"url":null,"entity_id":"Q817196","candidates":[]}],[],[],[{"start":0,"end":45,"url":null,"entity_id":"Q568117","candidates":[]}]],[[{"start":0,"end":9,"url":null,"entity_id":"Q1039987","candidates":[]}],[],[],[{"start":0,"end":13,"url":null,"entity_id":"Q456119","candidates":[]}]],[[{"start":0,"end":11,"url":null,"entity_id":"Q1039701","candidates":[]}],[],[],[{"start":0,"end":13,"url":null,"entity_id":"Q120389","candidates":[]}]],[[{"start":0,"end":9,"url":null,"entity_id":"Q1035780","candidates":[]}],[],[],[{"start":0,"end":6,"url":null,"entity_id":"Q47272","candidates":[]}]],[[{"start":0,"end":11,"url":null,"entity_id":"Q28502756","candidates":[]}],[],[],[{"start":0,"end":6,"url":null,"entity_id":"Q47272","candidates":[]}]]]}