{"version":"1.2","table":{"version":"2","table_id":"2TUG0XHN","columns":[{"index":0,"name":"col0","values":["V* V581 CrA","V Coronae Australis","OGLE J054647.84-703813.9","SV* HV 2671","IRAS F05254-7149","EROS2-star lm086-4M-16909","OGLE LMC-LPV-72055","OGLE LMC-RCB-19","C* 2377","V482 Cyg","V1405 Cyg","GM Ser","C* 2413","IRAS 17353-2034","TYC 6245-382-1","Terz V 21","Terz V 2960","V* GV Oph","EROS2-star cg1235m14181","V* V2552 Oph"]},{"index":1,"name":"col1","values":["Corona Australis","Corona Australis","Mensa","Mensa","Mensa","Mensa","Mensa","Mensa","Ara","Cygnus","Cygnus","Serpens","Ophiuchus","Ophiuchus","Ophiuchus","Ophiuchus","Ophiuchus","Ophiuchus","Ophiuchus","Ophiuchus"]},{"index":2,"name":"col2","values":["-45.4121530890823","-38.15897915611","-70.6370627940061","-70.223175","-71.7906852796029","-74.0860931613346","-69.9621350054376","-71.9296645284129","-49.4320643652499","33.9910933984484","53.8959175452557","-15.0671904597497","-21.4371618861494","-20.6089317301228","-20.7210528783123","-29.6333890237419","-27.95630085317361","-26.834266389302","-30.0726415112409","-22.8684217058825"]}]},"context":{"page_title":null,"page_url":null,"page_entity_id":null,"content_hierarchy":[]},"links":[[[{"start":0,"end":19,"url":null,"entity_id":"Q18210648","candidates":[]}],[{"start":0,"end":16,"url":null,"entity_id":"Q10413","candidates":[]}],[]],[[{"start":0,"end":24,"url":null,"entity_id":"Q86213705","candidates":[]}],[{"start":0,"end":5,"url":null,"entity_id":"Q9289","candidates":[]}],[]],[[{"start":0,"end":11,"url":null,"entity_id":"Q86159282","candidates":[]}],[{"start":0,"end":5,"url":null,"entity_id":"Q9289","candidates":[]}],[]],[[{"start":0,"end":16,"url":null,"entity_id":"Q85899429","candidates":[]}],[{"start":0,"end":5,"url":null,"entity_id":"Q9289","candidates":[]}],[]],[[{"start":0,"end":25,"url":null,"entity_id":"Q85283001","candidates":[]}],[{"start":0,"end":5,"url":null,"entity_id":"Q9289","candidates":[]}],[]],[[{"start":0,"end":18,"url":null,"entity_id":"Q85282956","candidates":[]}],[{"start":0,"end":5,"url":null,"entity_id":"Q9289","candidates":[]}],[]],[[{"start":0,"end":15,"url":null,"entity_id":"Q85282939","candidates":[]}],[{"start":0,"end":5,"url":null,"entity_id":"Q9289","candidates":[]}],[]],[[{"start":0,"end":7,"url":null,"entity_id":"Q84373559","candidates":[]}],[{"start":0,"end":3,"url":null,"entity_id":"Q9253","candidates":[]}],[]],[[{"start":0,"end":8,"url":null,"entity_id":"Q18449764","candidates":[]}],[{"start":0,"end":6,"url":null,"entity_id":"Q8921","candidates":[]}],[]],[[{"start":0,"end":9,"url":null,"entity_id":"Q18449733","candidates":[]}],[{"start":0,"end":6,"url":null,"entity_id":"Q8921","candidates":[]}],[]],[[{"start":0,"end":6,"url":null,"entity_id":"Q18450609","candidates":[]}],[{"start":0,"end":7,"url":null,"entity_id":"Q8910","candidates":[]}],[]],[[{"start":0,"end":7,"url":null,"entity_id":"Q83948643","candidates":[]}],[{"start":0,"end":9,"url":null,"entity_id":"Q8906","candidates":[]}],[]],[[{"start":0,"end":15,"url":null,"entity_id":"Q83948266","candidates":[]}],[{"start":0,"end":9,"url":null,"entity_id":"Q8906","candidates":[]}],[]],[[{"start":0,"end":14,"url":null,"entity_id":"Q82983266","candidates":[]}],[{"start":0,"end":9,"url":null,"entity_id":"Q8906","candidates":[]}],[]],[[{"start":0,"end":9,"url":null,"entity_id":"Q80476073","candidates":[]}],[{"start":0,"end":9,"url":null,"entity_id":"Q8906","candidates":[]}],[]],[[{"start":0,"end":11,"url":null,"entity_id":"Q79149171","candidates":[]}],[{"start":0,"end":9,"url":null,"entity_id":"Q8906","candidates":[]}],[]],[[{"start":0,"end":9,"url":null,"entity_id":"Q79148555","candidates":[]}],[{"start":0,"end":9,"url":null,"entity_id":"Q8906","candidates":[]}],[]],[[{"start":0,"end":23,"url":null,"entity_id":"Q78531481","candidates":[]}],[{"start":0,"end":9,"url":null,"entity_id":"Q8906","candidates":[]}],[]],[[{"start":0,"end":12,"url":null,"entity_id":"Q76791481","candidates":[]}],[{"start":0,"end":9,"url":null,"entity_id":"Q8906","candidates":[]}],[]],[[{"start":0,"end":11,"url":null,"entity_id":"Q83410883","candidates":[]}],[{"start":0,"end":16,"url":null,"entity_id":"Q10413","candidates":[]}],[]]]}