{"version":"1.2","table":{"version":"2","table_id":"2ULYM254","columns":[{"index":0,"name":"col0","values":["Messier 58","Messier 49","NGC 2325","NGC 1511","NGC 1341","NGC 1310","NGC 899","NGC 639","NGC 633","NGC 424","NGC 7213","NGC 1345","NGC 2217","NGC 7755","NGC 3514","NGC 5307","NGC 7135","NGC 3281","NGC 5161","NGC 4559A"]},{"index":1,"name":"col1","values":["16.67","16.07","25.82","15.28","24.91","22","20.83","133.66","74.2","51.05","25.8","21.7","25.47","25","54.75","3235","36.86","45.4","21.38","110"]},{"index":2,"name":"col2","values":["Charles Messier","Charles Messier","John Frederick William Herschel","John Frederick William Herschel","John Frederick William Herschel","John Frederick William Herschel","John Frederick William Herschel","John Frederick William Herschel","John Frederick William Herschel","John Frederick William Herschel","John Frederick William Herschel","John Frederick William Herschel","John Frederick William Herschel","John Frederick William Herschel","John Frederick William Herschel","John Frederick William Herschel","John Frederick William Herschel","John Frederick William Herschel","John Frederick William Herschel","William Herschel"]}]},"context":{"page_title":null,"page_url":null,"page_entity_id":null,"content_hierarchy":[]},"links":[[[{"start":0,"end":10,"url":null,"entity_id":"Q13952","candidates":[]}],[],[{"start":0,"end":15,"url":null,"entity_id":"Q14524","candidates":[]}]],[[{"start":0,"end":8,"url":null,"entity_id":"Q1048215","candidates":[]}],[],[{"start":0,"end":31,"url":null,"entity_id":"Q14278","candidates":[]}]],[[{"start":0,"end":8,"url":null,"entity_id":"Q1043804","candidates":[]}],[],[{"start":0,"end":31,"url":null,"entity_id":"Q14278","candidates":[]}]],[[{"start":0,"end":8,"url":null,"entity_id":"Q1042921","candidates":[]}],[],[{"start":0,"end":31,"url":null,"entity_id":"Q14278","candidates":[]}]],[[{"start":0,"end":8,"url":null,"entity_id":"Q1042718","candidates":[]}],[],[{"start":0,"end":31,"url":null,"entity_id":"Q14278","candidates":[]}]],[[{"start":0,"end":7,"url":null,"entity_id":"Q1040061","candidates":[]}],[],[{"start":0,"end":31,"url":null,"entity_id":"Q14278","candidates":[]}]],[[{"start":0,"end":7,"url":null,"entity_id":"Q1037828","candidates":[]}],[],[{"start":0,"end":31,"url":null,"entity_id":"Q14278","candidates":[]}]],[[{"start":0,"end":7,"url":null,"entity_id":"Q1037791","candidates":[]}],[],[{"start":0,"end":31,"url":null,"entity_id":"Q14278","candidates":[]}]],[[{"start":0,"end":7,"url":null,"entity_id":"Q957278","candidates":[]}],[],[{"start":0,"end":31,"url":null,"entity_id":"Q14278","candidates":[]}]],[[{"start":0,"end":8,"url":null,"entity_id":"Q952360","candidates":[]}],[],[{"start":0,"end":31,"url":null,"entity_id":"Q14278","candidates":[]}]],[[{"start":0,"end":8,"url":null,"entity_id":"Q947488","candidates":[]}],[],[{"start":0,"end":31,"url":null,"entity_id":"Q14278","candidates":[]}]],[[{"start":0,"end":8,"url":null,"entity_id":"Q921308","candidates":[]}],[],[{"start":0,"end":31,"url":null,"entity_id":"Q14278","candidates":[]}]],[[{"start":0,"end":8,"url":null,"entity_id":"Q686669","candidates":[]}],[],[{"start":0,"end":31,"url":null,"entity_id":"Q14278","candidates":[]}]],[[{"start":0,"end":8,"url":null,"entity_id":"Q587147","candidates":[]}],[],[{"start":0,"end":31,"url":null,"entity_id":"Q14278","candidates":[]}]],[[{"start":0,"end":8,"url":null,"entity_id":"Q515198","candidates":[]}],[],[{"start":0,"end":31,"url":null,"entity_id":"Q14278","candidates":[]}]],[[{"start":0,"end":8,"url":null,"entity_id":"Q512722","candidates":[]}],[],[{"start":0,"end":31,"url":null,"entity_id":"Q14278","candidates":[]}]],[[{"start":0,"end":8,"url":null,"entity_id":"Q373879","candidates":[]}],[],[{"start":0,"end":31,"url":null,"entity_id":"Q14278","candidates":[]}]],[[{"start":0,"end":8,"url":null,"entity_id":"Q143189","candidates":[]}],[],[{"start":0,"end":31,"url":null,"entity_id":"Q14278","candidates":[]}]],[[{"start":0,"end":9,"url":null,"entity_id":"Q3408024","candidates":[]}],[],[{"start":0,"end":16,"url":null,"entity_id":"Q14277","candidates":[]}]],[[{"start":0,"end":10,"url":null,"entity_id":"Q13970","candidates":[]}],[],[{"start":0,"end":15,"url":null,"entity_id":"Q14524","candidates":[]}]]]}