{"version":"1.2","table":{"version":"2","table_id":"2VI3DHRH","columns":[{"index":0,"name":"col0","values":["Teterboro","Newfield","Bound Brook","Bernardsville","Oakland","Manville","Jamesburg","South Plainfield","Roselle Park","East Rutherford","Freehold Borough","Point Pleasant Beach","Pine Beach","Beach Haven","Fair Lawn","Rutherford","North Haledon","Elmwood Park","Highland Park","Fieldsboro"]},{"index":1,"name":"col1","values":["Eastern Time Zone","Eastern Time Zone","Eastern Time Zone","Eastern Time Zone","Eastern Time Zone","Eastern Time Zone","Eastern Time Zone","Eastern Time Zone","Eastern Time Zone","Eastern Time Zone","Eastern Time Zone","Eastern Time Zone","Eastern Time Zone","Eastern Time Zone","Eastern Time Zone","Eastern Time Zone","Eastern Time Zone","Eastern Time Zone","Eastern Time Zone","Eastern Time Zone"]},{"index":2,"name":"col2","values":["67","1553","10155","7707","12754","10344","5915","23385","13297","8798","12052","4665","2127","1170","32457","17620","8417","19403","13982","540"]}]},"context":{"page_title":null,"page_url":null,"page_entity_id":null,"content_hierarchy":[]},"links":[[[{"start":0,"end":9,"url":null,"entity_id":"Q936782","candidates":[]}],[{"start":0,"end":17,"url":null,"entity_id":"Q941023","candidates":[]}],[]],[[{"start":0,"end":8,"url":null,"entity_id":"Q931145","candidates":[]}],[{"start":0,"end":17,"url":null,"entity_id":"Q941023","candidates":[]}],[]],[[{"start":0,"end":11,"url":null,"entity_id":"Q895149","candidates":[]}],[{"start":0,"end":17,"url":null,"entity_id":"Q941023","candidates":[]}],[]],[[{"start":0,"end":13,"url":null,"entity_id":"Q823107","candidates":[]}],[{"start":0,"end":17,"url":null,"entity_id":"Q941023","candidates":[]}],[]],[[{"start":0,"end":7,"url":null,"entity_id":"Q795396","candidates":[]}],[{"start":0,"end":17,"url":null,"entity_id":"Q941023","candidates":[]}],[]],[[{"start":0,"end":8,"url":null,"entity_id":"Q781572","candidates":[]}],[{"start":0,"end":17,"url":null,"entity_id":"Q941023","candidates":[]}],[]],[[{"start":0,"end":9,"url":null,"entity_id":"Q773400","candidates":[]}],[{"start":0,"end":17,"url":null,"entity_id":"Q941023","candidates":[]}],[]],[[{"start":0,"end":16,"url":null,"entity_id":"Q770262","candidates":[]}],[{"start":0,"end":17,"url":null,"entity_id":"Q941023","candidates":[]}],[]],[[{"start":0,"end":12,"url":null,"entity_id":"Q770167","candidates":[]}],[{"start":0,"end":17,"url":null,"entity_id":"Q941023","candidates":[]}],[]],[[{"start":0,"end":15,"url":null,"entity_id":"Q746830","candidates":[]}],[{"start":0,"end":17,"url":null,"entity_id":"Q941023","candidates":[]}],[]],[[{"start":0,"end":16,"url":null,"entity_id":"Q691237","candidates":[]}],[{"start":0,"end":17,"url":null,"entity_id":"Q941023","candidates":[]}],[]],[[{"start":0,"end":20,"url":null,"entity_id":"Q674008","candidates":[]}],[{"start":0,"end":17,"url":null,"entity_id":"Q941023","candidates":[]}],[]],[[{"start":0,"end":10,"url":null,"entity_id":"Q653651","candidates":[]}],[{"start":0,"end":17,"url":null,"entity_id":"Q941023","candidates":[]}],[]],[[{"start":0,"end":11,"url":null,"entity_id":"Q629353","candidates":[]}],[{"start":0,"end":17,"url":null,"entity_id":"Q941023","candidates":[]}],[]],[[{"start":0,"end":9,"url":null,"entity_id":"Q607666","candidates":[]}],[{"start":0,"end":17,"url":null,"entity_id":"Q941023","candidates":[]}],[]],[[{"start":0,"end":10,"url":null,"entity_id":"Q589182","candidates":[]}],[{"start":0,"end":17,"url":null,"entity_id":"Q941023","candidates":[]}],[]],[[{"start":0,"end":13,"url":null,"entity_id":"Q585232","candidates":[]}],[{"start":0,"end":17,"url":null,"entity_id":"Q941023","candidates":[]}],[]],[[{"start":0,"end":12,"url":null,"entity_id":"Q576499","candidates":[]}],[{"start":0,"end":17,"url":null,"entity_id":"Q941023","candidates":[]}],[]],[[{"start":0,"end":13,"url":null,"entity_id":"Q570889","candidates":[]}],[{"start":0,"end":17,"url":null,"entity_id":"Q941023","candidates":[]}],[]],[[{"start":0,"end":10,"url":null,"entity_id":"Q528662","candidates":[]}],[{"start":0,"end":17,"url":null,"entity_id":"Q941023","candidates":[]}],[]]]}