{"version":"1.2","table":{"version":"2","table_id":"2ZUF7UOU","columns":[{"index":0,"name":"col0","values":["USS Abraham Lincoln","USS Rhode Island","USS Lewis and Clark","USS Kamehameha","USS Mariano G. Vallejo","USS Francis Scott Key","USS Ethan Allen","USS John Marshall","USS Sam Houston","USS Stonewall Jackson","USS Von Steuben","USS John C. Calhoun","USS Robert E. Lee","USS Daniel Webster","USS Andrew Jackson","USS James Monroe","USS Thomas Jefferson","USS Thomas A. Edison","USS George Washington","USS Henry M. Jackson"]},{"index":1,"name":"col1","values":["George Washington class submarine","Ohio-class submarine","Benjamin Franklin-class submarine","Benjamin Franklin-class submarine","Benjamin Franklin-class submarine","Benjamin Franklin-class submarine","Ethan Allen-class submarine","Ethan Allen-class submarine","Ethan Allen-class submarine","James Madison-class submarine","James Madison-class submarine","James Madison-class submarine","George Washington class submarine","Lafayette-class submarine","Lafayette-class submarine","Lafayette-class submarine","Ethan Allen-class submarine","Ethan Allen-class submarine","George Washington class submarine","Ohio-class submarine"]},{"index":2,"name":"col2","values":["Abraham Lincoln","Rhode Island","Meriwether Lewis","Kamehameha I","Mariano Guadalupe Vallejo","Francis Scott Key","Ethan Allen","John Marshall","Sam Houston","Stonewall Jackson","Friedrich Wilhelm von Steuben","John C. Calhoun","Robert E. Lee","Daniel Webster","Andrew Jackson","James Monroe","Thomas Jefferson","Thomas Alva Edison","George Washington","Henry Martin Jackson"]},{"index":3,"name":"col3","values":["UGM-27 Polaris","UGM-133 Trident II","Mark 48 torpedo","Mark 48 torpedo","Trident","Trident","UGM-27 Polaris","UGM-27 Polaris","UGM-27 Polaris","UGM-27 Polaris","UGM-27 Polaris","UGM-27 Polaris","UGM-27 Polaris","UGM-27 Polaris","UGM-27 Polaris","UGM-27 Polaris","UGM-27 Polaris","UGM-27 Polaris","UGM-27 Polaris","UGM-133 Trident II"]},{"index":4,"name":"col4","values":["S5W reactor","S8G reactor","nuclear marine propulsion","nuclear marine propulsion","nuclear marine propulsion","nuclear marine propulsion","nuclear marine propulsion","nuclear marine propulsion","nuclear marine propulsion","nuclear marine propulsion","nuclear marine propulsion","nuclear marine propulsion","nuclear marine propulsion","nuclear marine propulsion","nuclear marine propulsion","nuclear marine propulsion","nuclear marine propulsion","nuclear marine propulsion","nuclear marine propulsion","nuclear marine propulsion"]}]},"context":{"page_title":null,"page_url":null,"page_entity_id":null,"content_hierarchy":[]},"links":[[[{"start":0,"end":19,"url":null,"entity_id":"Q639502","candidates":[]}],[{"start":0,"end":33,"url":null,"entity_id":"Q1506792","candidates":[]}],[{"start":0,"end":15,"url":null,"entity_id":"Q91","candidates":[]}],[{"start":0,"end":14,"url":null,"entity_id":"Q859041","candidates":[]}],[{"start":0,"end":11,"url":null,"entity_id":"Q7388338","candidates":[]}]],[[{"start":0,"end":16,"url":null,"entity_id":"Q1566425","candidates":[]}],[{"start":0,"end":20,"url":null,"entity_id":"Q389149","candidates":[]}],[{"start":0,"end":12,"url":null,"entity_id":"Q1387","candidates":[]}],[{"start":0,"end":18,"url":null,"entity_id":"Q484374","candidates":[]}],[{"start":0,"end":11,"url":null,"entity_id":"Q3437471","candidates":[]}]],[[{"start":0,"end":19,"url":null,"entity_id":"Q1711338","candidates":[]}],[{"start":0,"end":33,"url":null,"entity_id":"Q736723","candidates":[]}],[{"start":0,"end":16,"url":null,"entity_id":"Q313492","candidates":[]}],[{"start":0,"end":15,"url":null,"entity_id":"Q1194008","candidates":[]}],[{"start":0,"end":25,"url":null,"entity_id":"Q1142489","candidates":[]}]],[[{"start":0,"end":14,"url":null,"entity_id":"Q503453","candidates":[]}],[{"start":0,"end":33,"url":null,"entity_id":"Q736723","candidates":[]}],[{"start":0,"end":12,"url":null,"entity_id":"Q214910","candidates":[]}],[{"start":0,"end":15,"url":null,"entity_id":"Q1194008","candidates":[]}],[{"start":0,"end":25,"url":null,"entity_id":"Q1142489","candidates":[]}]],[[{"start":0,"end":22,"url":null,"entity_id":"Q2470102","candidates":[]}],[{"start":0,"end":33,"url":null,"entity_id":"Q736723","candidates":[]}],[{"start":0,"end":25,"url":null,"entity_id":"Q3291384","candidates":[]}],[{"start":0,"end":7,"url":null,"entity_id":"Q1073517","candidates":[]}],[{"start":0,"end":25,"url":null,"entity_id":"Q1142489","candidates":[]}]],[[{"start":0,"end":21,"url":null,"entity_id":"Q821843","candidates":[]}],[{"start":0,"end":33,"url":null,"entity_id":"Q736723","candidates":[]}],[{"start":0,"end":17,"url":null,"entity_id":"Q320633","candidates":[]}],[{"start":0,"end":7,"url":null,"entity_id":"Q1073517","candidates":[]}],[{"start":0,"end":25,"url":null,"entity_id":"Q1142489","candidates":[]}]],[[{"start":0,"end":15,"url":null,"entity_id":"Q1474340","candidates":[]}],[{"start":0,"end":27,"url":null,"entity_id":"Q596164","candidates":[]}],[{"start":0,"end":11,"url":null,"entity_id":"Q552007","candidates":[]}],[{"start":0,"end":14,"url":null,"entity_id":"Q859041","candidates":[]}],[{"start":0,"end":25,"url":null,"entity_id":"Q1142489","candidates":[]}]],[[{"start":0,"end":17,"url":null,"entity_id":"Q632503","candidates":[]}],[{"start":0,"end":27,"url":null,"entity_id":"Q596164","candidates":[]}],[{"start":0,"end":13,"url":null,"entity_id":"Q310829","candidates":[]}],[{"start":0,"end":14,"url":null,"entity_id":"Q859041","candidates":[]}],[{"start":0,"end":25,"url":null,"entity_id":"Q1142489","candidates":[]}]],[[{"start":0,"end":15,"url":null,"entity_id":"Q632460","candidates":[]}],[{"start":0,"end":27,"url":null,"entity_id":"Q596164","candidates":[]}],[{"start":0,"end":11,"url":null,"entity_id":"Q216547","candidates":[]}],[{"start":0,"end":14,"url":null,"entity_id":"Q859041","candidates":[]}],[{"start":0,"end":25,"url":null,"entity_id":"Q1142489","candidates":[]}]],[[{"start":0,"end":21,"url":null,"entity_id":"Q2471257","candidates":[]}],[{"start":0,"end":29,"url":null,"entity_id":"Q719824","candidates":[]}],[{"start":0,"end":17,"url":null,"entity_id":"Q216124","candidates":[]}],[{"start":0,"end":14,"url":null,"entity_id":"Q859041","candidates":[]}],[{"start":0,"end":25,"url":null,"entity_id":"Q1142489","candidates":[]}]],[[{"start":0,"end":15,"url":null,"entity_id":"Q2471518","candidates":[]}],[{"start":0,"end":29,"url":null,"entity_id":"Q719824","candidates":[]}],[{"start":0,"end":29,"url":null,"entity_id":"Q213525","candidates":[]}],[{"start":0,"end":14,"url":null,"entity_id":"Q859041","candidates":[]}],[{"start":0,"end":25,"url":null,"entity_id":"Q1142489","candidates":[]}]],[[{"start":0,"end":19,"url":null,"entity_id":"Q2469792","candidates":[]}],[{"start":0,"end":29,"url":null,"entity_id":"Q719824","candidates":[]}],[{"start":0,"end":15,"url":null,"entity_id":"Q207191","candidates":[]}],[{"start":0,"end":14,"url":null,"entity_id":"Q859041","candidates":[]}],[{"start":0,"end":25,"url":null,"entity_id":"Q1142489","candidates":[]}]],[[{"start":0,"end":17,"url":null,"entity_id":"Q844743","candidates":[]}],[{"start":0,"end":33,"url":null,"entity_id":"Q1506792","candidates":[]}],[{"start":0,"end":13,"url":null,"entity_id":"Q165557","candidates":[]}],[{"start":0,"end":14,"url":null,"entity_id":"Q859041","candidates":[]}],[{"start":0,"end":25,"url":null,"entity_id":"Q1142489","candidates":[]}]],[[{"start":0,"end":18,"url":null,"entity_id":"Q667833","candidates":[]}],[{"start":0,"end":25,"url":null,"entity_id":"Q1800152","candidates":[]}],[{"start":0,"end":14,"url":null,"entity_id":"Q106231","candidates":[]}],[{"start":0,"end":14,"url":null,"entity_id":"Q859041","candidates":[]}],[{"start":0,"end":25,"url":null,"entity_id":"Q1142489","candidates":[]}]],[[{"start":0,"end":18,"url":null,"entity_id":"Q820203","candidates":[]}],[{"start":0,"end":25,"url":null,"entity_id":"Q1800152","candidates":[]}],[{"start":0,"end":14,"url":null,"entity_id":"Q11817","candidates":[]}],[{"start":0,"end":14,"url":null,"entity_id":"Q859041","candidates":[]}],[{"start":0,"end":25,"url":null,"entity_id":"Q1142489","candidates":[]}]],[[{"start":0,"end":16,"url":null,"entity_id":"Q570993","candidates":[]}],[{"start":0,"end":25,"url":null,"entity_id":"Q1800152","candidates":[]}],[{"start":0,"end":12,"url":null,"entity_id":"Q11815","candidates":[]}],[{"start":0,"end":14,"url":null,"entity_id":"Q859041","candidates":[]}],[{"start":0,"end":25,"url":null,"entity_id":"Q1142489","candidates":[]}]],[[{"start":0,"end":20,"url":null,"entity_id":"Q631540","candidates":[]}],[{"start":0,"end":27,"url":null,"entity_id":"Q596164","candidates":[]}],[{"start":0,"end":16,"url":null,"entity_id":"Q11812","candidates":[]}],[{"start":0,"end":14,"url":null,"entity_id":"Q859041","candidates":[]}],[{"start":0,"end":25,"url":null,"entity_id":"Q1142489","candidates":[]}]],[[{"start":0,"end":20,"url":null,"entity_id":"Q632457","candidates":[]}],[{"start":0,"end":27,"url":null,"entity_id":"Q596164","candidates":[]}],[{"start":0,"end":18,"url":null,"entity_id":"Q8743","candidates":[]}],[{"start":0,"end":14,"url":null,"entity_id":"Q859041","candidates":[]}],[{"start":0,"end":25,"url":null,"entity_id":"Q1142489","candidates":[]}]],[[{"start":0,"end":21,"url":null,"entity_id":"Q2301794","candidates":[]}],[{"start":0,"end":33,"url":null,"entity_id":"Q1506792","candidates":[]}],[{"start":0,"end":17,"url":null,"entity_id":"Q23","candidates":[]}],[{"start":0,"end":14,"url":null,"entity_id":"Q859041","candidates":[]}],[{"start":0,"end":25,"url":null,"entity_id":"Q1142489","candidates":[]}]],[[{"start":0,"end":20,"url":null,"entity_id":"Q1973096","candidates":[]}],[{"start":0,"end":20,"url":null,"entity_id":"Q389149","candidates":[]}],[{"start":0,"end":20,"url":null,"entity_id":"Q1345201","candidates":[]}],[{"start":0,"end":18,"url":null,"entity_id":"Q484374","candidates":[]}],[{"start":0,"end":25,"url":null,"entity_id":"Q1142489","candidates":[]}]]]}