{"version":"1.2","table":{"version":"2","table_id":"30C9ISHF","columns":[{"index":0,"name":"col0","values":["2019 Tour of Catalunya","Paris-Nice 2019","2019 Tirreno-Adriatico","2019 Tour Down Under","2019 Giro d'Italia","2017 Presidential Tour of Turkey","2017 Tour de Romandie","2017 Tour of the Basque Country","2017 Volta a Catalunya","2017 Tirreno–Adriatico","2017 Paris–Nice","2017 Tour de France","2015 Tour of the Basque Country","2016 Tour Down Under","2016 Paris–Nice","2018 Tour de Suisse","2018 Critérium du Dauphiné","2018 Tour of California","2018 Tour de Romandie","2018 Tour of the Basque Country"]},{"index":1,"name":"col1","values":["175","118","161","129","176","93","131","129","107","155","128","167","152","134","131","137","112","112","103","99"]},{"index":2,"name":"col2","values":["Adam Yates","Miguel Ángel López","Julian Alaphilippe","Jason Lea","Giulio Ciccone","Diego Ulissi","Sander Armée","Igor Antón","Alberto Contador","Peter Sagan","Alberto Contador","Alberto Contador","Tony Martin","Lars Boom","Alberto Contador","Rein Taaramäe","Geraint Thomas","Tejay van Garderen","Rui Costa","Thomas De Gendt"]},{"index":3,"name":"col3","values":["Volta a Catalunya 2020","2020 Paris-Nice","2020 Tirreno-Adriatico","2020 Tour Down Under","2020 Giro d'Italia","2018 Presidential Tour of Turkey","2018 Tour de Romandie","2018 Tour of the Basque Country","2018 Volta a Catalunya","2018 Tirreno–Adriatico","2018 Paris-Nice","2018 Tour de France","2016 Tour of the Basque Country","2017 Tour Down Under","2017 Paris–Nice","2019 Tour de Suisse","2019 Critérium du Dauphiné","2019 Tour of California","2019 Tour de Romandie","2019 Tour of the Basque Country"]}]},"context":{"page_title":null,"page_url":null,"page_entity_id":null,"content_hierarchy":[]},"links":[[[{"start":0,"end":22,"url":null,"entity_id":"Q57083551","candidates":[]}],[],[{"start":0,"end":10,"url":null,"entity_id":"Q15041743","candidates":[]}],[{"start":0,"end":22,"url":null,"entity_id":"Q81656215","candidates":[]}]],[[{"start":0,"end":15,"url":null,"entity_id":"Q57082867","candidates":[]}],[],[{"start":0,"end":18,"url":null,"entity_id":"Q17711593","candidates":[]}],[{"start":0,"end":15,"url":null,"entity_id":"Q81353078","candidates":[]}]],[[{"start":0,"end":22,"url":null,"entity_id":"Q57082897","candidates":[]}],[],[{"start":0,"end":18,"url":null,"entity_id":"Q3189071","candidates":[]}],[{"start":0,"end":22,"url":null,"entity_id":"Q81347968","candidates":[]}]],[[{"start":0,"end":20,"url":null,"entity_id":"Q57082387","candidates":[]}],[],[{"start":0,"end":9,"url":null,"entity_id":"Q29866618","candidates":[]}],[{"start":0,"end":20,"url":null,"entity_id":"Q74121711","candidates":[]}]],[[{"start":0,"end":18,"url":null,"entity_id":"Q56709795","candidates":[]}],[],[{"start":0,"end":14,"url":null,"entity_id":"Q20830929","candidates":[]}],[{"start":0,"end":18,"url":null,"entity_id":"Q63174796","candidates":[]}]],[[{"start":0,"end":32,"url":null,"entity_id":"Q27865868","candidates":[]}],[],[{"start":0,"end":12,"url":null,"entity_id":"Q440041","candidates":[]}],[{"start":0,"end":32,"url":null,"entity_id":"Q52386184","candidates":[]}]],[[{"start":0,"end":21,"url":null,"entity_id":"Q27827582","candidates":[]}],[],[{"start":0,"end":12,"url":null,"entity_id":"Q439052","candidates":[]}],[{"start":0,"end":21,"url":null,"entity_id":"Q51954807","candidates":[]}]],[[{"start":0,"end":31,"url":null,"entity_id":"Q27827518","candidates":[]}],[],[{"start":0,"end":10,"url":null,"entity_id":"Q363840","candidates":[]}],[{"start":0,"end":31,"url":null,"entity_id":"Q50839240","candidates":[]}]],[[{"start":0,"end":22,"url":null,"entity_id":"Q27827435","candidates":[]}],[],[{"start":0,"end":16,"url":null,"entity_id":"Q132738","candidates":[]}],[{"start":0,"end":22,"url":null,"entity_id":"Q47008039","candidates":[]}]],[[{"start":0,"end":22,"url":null,"entity_id":"Q27826969","candidates":[]}],[],[{"start":0,"end":11,"url":null,"entity_id":"Q309911","candidates":[]}],[{"start":0,"end":22,"url":null,"entity_id":"Q47008011","candidates":[]}]],[[{"start":0,"end":15,"url":null,"entity_id":"Q21768436","candidates":[]}],[],[{"start":0,"end":16,"url":null,"entity_id":"Q132738","candidates":[]}],[{"start":0,"end":15,"url":null,"entity_id":"Q47007944","candidates":[]}]],[[{"start":0,"end":19,"url":null,"entity_id":"Q21821246","candidates":[]}],[],[{"start":0,"end":16,"url":null,"entity_id":"Q132738","candidates":[]}],[{"start":0,"end":19,"url":null,"entity_id":"Q28859163","candidates":[]}]],[[{"start":0,"end":31,"url":null,"entity_id":"Q19576835","candidates":[]}],[],[{"start":0,"end":11,"url":null,"entity_id":"Q61049","candidates":[]}],[{"start":0,"end":31,"url":null,"entity_id":"Q23292729","candidates":[]}]],[[{"start":0,"end":20,"url":null,"entity_id":"Q21093836","candidates":[]}],[],[{"start":0,"end":9,"url":null,"entity_id":"Q447796","candidates":[]}],[{"start":0,"end":20,"url":null,"entity_id":"Q22338002","candidates":[]}]],[[{"start":0,"end":15,"url":null,"entity_id":"Q21768432","candidates":[]}],[],[{"start":0,"end":16,"url":null,"entity_id":"Q132738","candidates":[]}],[{"start":0,"end":15,"url":null,"entity_id":"Q21768436","candidates":[]}]],[[{"start":0,"end":19,"url":null,"entity_id":"Q51775828","candidates":[]}],[],[{"start":0,"end":13,"url":null,"entity_id":"Q352105","candidates":[]}],[{"start":0,"end":19,"url":null,"entity_id":"Q57165364","candidates":[]}]],[[{"start":0,"end":26,"url":null,"entity_id":"Q47669370","candidates":[]}],[],[{"start":0,"end":14,"url":null,"entity_id":"Q356327","candidates":[]}],[{"start":0,"end":26,"url":null,"entity_id":"Q57165030","candidates":[]}]],[[{"start":0,"end":23,"url":null,"entity_id":"Q51854001","candidates":[]}],[],[{"start":0,"end":18,"url":null,"entity_id":"Q356322","candidates":[]}],[{"start":0,"end":23,"url":null,"entity_id":"Q57164517","candidates":[]}]],[[{"start":0,"end":21,"url":null,"entity_id":"Q51954807","candidates":[]}],[],[{"start":0,"end":9,"url":null,"entity_id":"Q363962","candidates":[]}],[{"start":0,"end":21,"url":null,"entity_id":"Q57164199","candidates":[]}]],[[{"start":0,"end":31,"url":null,"entity_id":"Q50839240","candidates":[]}],[],[{"start":0,"end":15,"url":null,"entity_id":"Q462788","candidates":[]}],[{"start":0,"end":31,"url":null,"entity_id":"Q57084402","candidates":[]}]]]}