{"version":"1.2","table":{"version":"2","table_id":"30PKFSNX","columns":[{"index":0,"name":"col0","values":["Ozero Sugoyak","Smolino Lake","Ozero Zyuratkul'","Argazi Reservoir","Barguzin Nature Reserve","Todzha Lake","Karymsky Lake","Lake Kucherla","Bashkir Nature Reserve","Lake Turgoyak","Lake Mstino","Lake Manych-Gudilo","Lake Chukhloma","Ushkan Islands","Lake Chany","Yurshinsky Island","Karaginsky Island","Bolshoy Lyakhovsky Island","Elgygytgyn Lake","Lake Seliger"]},{"index":1,"name":"col1","values":["13.4","27","13.2","102","3668.68","51.6","10.3","3","496.09","26.4","13.7","344","48.7","9.8","2000","8","2404","5157","119","212"]},{"index":2,"name":"col2","values":["202","217","725","269","1215","944","613","1790","685","320","154","8","148","671","106","106","912","311","492","205"]}]},"context":{"page_title":null,"page_url":null,"page_entity_id":null,"content_hierarchy":[]},"links":[[[{"start":0,"end":13,"url":null,"entity_id":"Q4445277","candidates":[]}],[],[]],[[{"start":0,"end":12,"url":null,"entity_id":"Q4425037","candidates":[]}],[],[]],[[{"start":0,"end":16,"url":null,"entity_id":"Q4194971","candidates":[]}],[],[]],[[{"start":0,"end":16,"url":null,"entity_id":"Q2655022","candidates":[]}],[],[]],[[{"start":0,"end":23,"url":null,"entity_id":"Q2620967","candidates":[]}],[],[]],[[{"start":0,"end":11,"url":null,"entity_id":"Q2591938","candidates":[]}],[],[]],[[{"start":0,"end":13,"url":null,"entity_id":"Q2580116","candidates":[]}],[],[]],[[{"start":0,"end":13,"url":null,"entity_id":"Q2495600","candidates":[]}],[],[]],[[{"start":0,"end":22,"url":null,"entity_id":"Q2429170","candidates":[]}],[],[]],[[{"start":0,"end":13,"url":null,"entity_id":"Q2385400","candidates":[]}],[],[]],[[{"start":0,"end":11,"url":null,"entity_id":"Q2383503","candidates":[]}],[],[]],[[{"start":0,"end":18,"url":null,"entity_id":"Q2349076","candidates":[]}],[],[]],[[{"start":0,"end":14,"url":null,"entity_id":"Q1818688","candidates":[]}],[],[]],[[{"start":0,"end":14,"url":null,"entity_id":"Q1606204","candidates":[]}],[],[]],[[{"start":0,"end":10,"url":null,"entity_id":"Q1520895","candidates":[]}],[],[]],[[{"start":0,"end":17,"url":null,"entity_id":"Q4535221","candidates":[]}],[],[]],[[{"start":0,"end":17,"url":null,"entity_id":"Q1146381","candidates":[]}],[],[]],[[{"start":0,"end":25,"url":null,"entity_id":"Q971556","candidates":[]}],[],[]],[[{"start":0,"end":15,"url":null,"entity_id":"Q934857","candidates":[]}],[],[]],[[{"start":0,"end":12,"url":null,"entity_id":"Q746304","candidates":[]}],[],[]]]}