{"version":"1.2","table":{"version":"2","table_id":"30SNGXSU","columns":[{"index":0,"name":"col0","values":["NGC 4041","NGC 4004","NGC 4002","NGC 3983","NGC 3972","NGC 3955","NGC 4433","NGC 6812","NGC 6753","NGC 5772","NGC 5188","NGC 5140","NGC 5090","NGC 5021","NGC 4903","NGC 4304","NGC 3935","NGC 3783","NGC 3749","NGC 3717"]},{"index":1,"name":"col1","values":["22.6","57.9","96.17","64.37","20.23","20.55","44.06","57.02","23.99","73.44","25.7","37.67","37.67","119.04","71.86","34.68","48.69","41.6","36.25","19.23"]},{"index":2,"name":"col2","values":["William Herschel","William Herschel","William Herschel","William Herschel","William Herschel","William Herschel","John Frederick William Herschel","John Frederick William Herschel","John Frederick William Herschel","John Frederick William Herschel","John Frederick William Herschel","John Frederick William Herschel","John Frederick William Herschel","John Frederick William Herschel","John Frederick William Herschel","John Frederick William Herschel","John Frederick William Herschel","John Frederick William Herschel","John Frederick William Herschel","John Frederick William Herschel"]}]},"context":{"page_title":null,"page_url":null,"page_entity_id":null,"content_hierarchy":[]},"links":[[[{"start":0,"end":8,"url":null,"entity_id":"Q1108468","candidates":[]}],[],[{"start":0,"end":16,"url":null,"entity_id":"Q14277","candidates":[]}]],[[{"start":0,"end":8,"url":null,"entity_id":"Q1108460","candidates":[]}],[],[{"start":0,"end":16,"url":null,"entity_id":"Q14277","candidates":[]}]],[[{"start":0,"end":8,"url":null,"entity_id":"Q1108405","candidates":[]}],[],[{"start":0,"end":16,"url":null,"entity_id":"Q14277","candidates":[]}]],[[{"start":0,"end":8,"url":null,"entity_id":"Q1108350","candidates":[]}],[],[{"start":0,"end":16,"url":null,"entity_id":"Q14277","candidates":[]}]],[[{"start":0,"end":8,"url":null,"entity_id":"Q1107306","candidates":[]}],[],[{"start":0,"end":16,"url":null,"entity_id":"Q14277","candidates":[]}]],[[{"start":0,"end":8,"url":null,"entity_id":"Q1995628","candidates":[]}],[],[{"start":0,"end":31,"url":null,"entity_id":"Q14278","candidates":[]}]],[[{"start":0,"end":8,"url":null,"entity_id":"Q1147838","candidates":[]}],[],[{"start":0,"end":31,"url":null,"entity_id":"Q14278","candidates":[]}]],[[{"start":0,"end":8,"url":null,"entity_id":"Q1147431","candidates":[]}],[],[{"start":0,"end":31,"url":null,"entity_id":"Q14278","candidates":[]}]],[[{"start":0,"end":8,"url":null,"entity_id":"Q1122782","candidates":[]}],[],[{"start":0,"end":31,"url":null,"entity_id":"Q14278","candidates":[]}]],[[{"start":0,"end":8,"url":null,"entity_id":"Q1117585","candidates":[]}],[],[{"start":0,"end":31,"url":null,"entity_id":"Q14278","candidates":[]}]],[[{"start":0,"end":8,"url":null,"entity_id":"Q1117237","candidates":[]}],[],[{"start":0,"end":31,"url":null,"entity_id":"Q14278","candidates":[]}]],[[{"start":0,"end":8,"url":null,"entity_id":"Q1116896","candidates":[]}],[],[{"start":0,"end":31,"url":null,"entity_id":"Q14278","candidates":[]}]],[[{"start":0,"end":8,"url":null,"entity_id":"Q1116436","candidates":[]}],[],[{"start":0,"end":31,"url":null,"entity_id":"Q14278","candidates":[]}]],[[{"start":0,"end":8,"url":null,"entity_id":"Q1115419","candidates":[]}],[],[{"start":0,"end":31,"url":null,"entity_id":"Q14278","candidates":[]}]],[[{"start":0,"end":8,"url":null,"entity_id":"Q1110563","candidates":[]}],[],[{"start":0,"end":31,"url":null,"entity_id":"Q14278","candidates":[]}]],[[{"start":0,"end":8,"url":null,"entity_id":"Q1107201","candidates":[]}],[],[{"start":0,"end":31,"url":null,"entity_id":"Q14278","candidates":[]}]],[[{"start":0,"end":8,"url":null,"entity_id":"Q1106429","candidates":[]}],[],[{"start":0,"end":31,"url":null,"entity_id":"Q14278","candidates":[]}]],[[{"start":0,"end":8,"url":null,"entity_id":"Q1106264","candidates":[]}],[],[{"start":0,"end":31,"url":null,"entity_id":"Q14278","candidates":[]}]],[[{"start":0,"end":8,"url":null,"entity_id":"Q1106082","candidates":[]}],[],[{"start":0,"end":31,"url":null,"entity_id":"Q14278","candidates":[]}]],[[{"start":0,"end":8,"url":null,"entity_id":"Q1108639","candidates":[]}],[],[{"start":0,"end":16,"url":null,"entity_id":"Q14277","candidates":[]}]]]}