{"version":"1.2","table":{"version":"2","table_id":"31OPVRGI","columns":[{"index":0,"name":"col0","values":["Father Serra Catholic School","St. Pius X Catholic School","St. Dominic Savio Catholic School","Our Lady of Grace Catholic School","St. Elizabeth Seton Catholic School","Our Lady of Fatima Catholic School","Our Lady of the Assumption Catholic School","Blessed Trinity Catholic School","Blessed Margherita of Cittá di Castello","St. Aidan Catholic School","St. Nicholas Catholic School","St. Rose of Lima Catholic School","St. René Goupil Catholic School","Holy Name Catholic School","St. Andrew Catholic School","St. Joachim Catholic School","Stella Maris Catholic School","Transfiguration of Our Lord Catholic School","Venerable John Merlini Catholic School","St. Maria Goretti Catholic School"]},{"index":1,"name":"col1","values":["1978-09-01","1922-01-01","1999-01-01","1974-09-01","1985-01-01","1950-01-01","1956-09-04","1963-01-01","1983-09-01","1973-01-01","1966-03-13","1957-01-01","1983-09-01","1913-01-01","1964-01-01","1965-09-01","1973-09-01","1960-01-01","1981-09-01","1955-01-01"]},{"index":2,"name":"col2","values":["Toronto Catholic District School Board","Toronto Catholic District School Board","Toronto Catholic District School Board","Toronto Catholic District School Board","Toronto Catholic District School Board","Toronto Catholic District School Board","Toronto Catholic District School Board","Toronto Catholic District School Board","Toronto Catholic District School Board","Toronto Catholic District School Board","Toronto Catholic District School Board","Toronto Catholic District School Board","Toronto Catholic District School Board","Toronto Catholic District School Board","Toronto Catholic District School Board","Toronto Catholic District School Board","Toronto Catholic District School Board","Toronto Catholic District School Board","Toronto Catholic District School Board","Toronto Catholic District School Board"]}]},"context":{"page_title":null,"page_url":null,"page_entity_id":null,"content_hierarchy":[]},"links":[[[{"start":0,"end":28,"url":null,"entity_id":"Q56697563","candidates":[]}],[],[{"start":0,"end":38,"url":null,"entity_id":"Q405337","candidates":[]}]],[[{"start":0,"end":26,"url":null,"entity_id":"Q56531041","candidates":[]}],[],[{"start":0,"end":38,"url":null,"entity_id":"Q405337","candidates":[]}]],[[{"start":0,"end":33,"url":null,"entity_id":"Q55714073","candidates":[]}],[],[{"start":0,"end":38,"url":null,"entity_id":"Q405337","candidates":[]}]],[[{"start":0,"end":33,"url":null,"entity_id":"Q54875416","candidates":[]}],[],[{"start":0,"end":38,"url":null,"entity_id":"Q405337","candidates":[]}]],[[{"start":0,"end":35,"url":null,"entity_id":"Q54875411","candidates":[]}],[],[{"start":0,"end":38,"url":null,"entity_id":"Q405337","candidates":[]}]],[[{"start":0,"end":34,"url":null,"entity_id":"Q54862896","candidates":[]}],[],[{"start":0,"end":38,"url":null,"entity_id":"Q405337","candidates":[]}]],[[{"start":0,"end":42,"url":null,"entity_id":"Q54862878","candidates":[]}],[],[{"start":0,"end":38,"url":null,"entity_id":"Q405337","candidates":[]}]],[[{"start":0,"end":31,"url":null,"entity_id":"Q54862860","candidates":[]}],[],[{"start":0,"end":38,"url":null,"entity_id":"Q405337","candidates":[]}]],[[{"start":0,"end":39,"url":null,"entity_id":"Q54862849","candidates":[]}],[],[{"start":0,"end":38,"url":null,"entity_id":"Q405337","candidates":[]}]],[[{"start":0,"end":25,"url":null,"entity_id":"Q54178334","candidates":[]}],[],[{"start":0,"end":38,"url":null,"entity_id":"Q405337","candidates":[]}]],[[{"start":0,"end":28,"url":null,"entity_id":"Q53277883","candidates":[]}],[],[{"start":0,"end":38,"url":null,"entity_id":"Q405337","candidates":[]}]],[[{"start":0,"end":32,"url":null,"entity_id":"Q52864110","candidates":[]}],[],[{"start":0,"end":38,"url":null,"entity_id":"Q405337","candidates":[]}]],[[{"start":0,"end":31,"url":null,"entity_id":"Q52742609","candidates":[]}],[],[{"start":0,"end":38,"url":null,"entity_id":"Q405337","candidates":[]}]],[[{"start":0,"end":25,"url":null,"entity_id":"Q52736362","candidates":[]}],[],[{"start":0,"end":38,"url":null,"entity_id":"Q405337","candidates":[]}]],[[{"start":0,"end":26,"url":null,"entity_id":"Q52734322","candidates":[]}],[],[{"start":0,"end":38,"url":null,"entity_id":"Q405337","candidates":[]}]],[[{"start":0,"end":27,"url":null,"entity_id":"Q52733902","candidates":[]}],[],[{"start":0,"end":38,"url":null,"entity_id":"Q405337","candidates":[]}]],[[{"start":0,"end":28,"url":null,"entity_id":"Q52704893","candidates":[]}],[],[{"start":0,"end":38,"url":null,"entity_id":"Q405337","candidates":[]}]],[[{"start":0,"end":43,"url":null,"entity_id":"Q52704664","candidates":[]}],[],[{"start":0,"end":38,"url":null,"entity_id":"Q405337","candidates":[]}]],[[{"start":0,"end":38,"url":null,"entity_id":"Q52704547","candidates":[]}],[],[{"start":0,"end":38,"url":null,"entity_id":"Q405337","candidates":[]}]],[[{"start":0,"end":33,"url":null,"entity_id":"Q52698310","candidates":[]}],[],[{"start":0,"end":38,"url":null,"entity_id":"Q405337","candidates":[]}]]]}