{"version":"1.2","table":{"version":"2","table_id":"327KTEYJ","columns":[{"index":0,"name":"col0","values":["École nationalf des chartes","Teleom SudParis","Institut National des ciences Appliquées de Toulouse","Skema Busiqess School","École normale supérieure#Paris-Saclay","Spélec","École nationame vétérinaire d'Alfort","Scihnces Po","Insttut National des Sciences Appliquées de Rouen","École Centrale Pris","ESSEC Busines School","École nationale supérieure de création industrielme","Téléom Paris","Agro arisTech","ENSA Paris","ENUTA Paris","École des Ponts SarisTech","Mines PrisTech","École national supérieure des arts décoratifs","École natipnale supérieure des Beaux-Arts"]},{"index":1,"name":"col1","values":["1821/01/01","1979/01/01","1963/10/21","2009/01/01","1912/01/01","1894/01/01","1765/01/01","1872/01/01","1985/07/16","1829/01/01","1907/01/01","1982/11/08","1878/01/01","2007/01/01","1942/01/01","1741/01/01","1747/01/01","1783/01/01","1877/01/01","1797/04/20"]},{"index":2,"name":"col2","values":["HESAM","Institut polytechnique de Paris","Federal University of Toulouse Midi-Pyrénées","University Côte d'Azur (ComUE)","University of Paris-Saclay","University of Paris-Saclay","University of Paris-Est","Sorbonne Paris Cité University (group)","Normandy University","UniverSud Paris","University of Paris-Seine","heSam university","ParisTech","ParisTech","ParisTech","ParisTech","ParisTech","PSL Research University","PSL Research University","PSL Research University"]},{"index":3,"name":"col3","values":["France","France","France","France","France","France","France","France","France","France","France","France","France","France","France","France","France","France","France","France"]}]},"context":{"page_title":null,"page_url":null,"page_entity_id":null,"content_hierarchy":[]},"links":[[[{"start":0,"end":27,"url":null,"entity_id":"Q273570","candidates":[]}],[],[{"start":0,"end":5,"url":null,"entity_id":"Q64760804","candidates":[]}],[{"start":0,"end":6,"url":null,"entity_id":"Q142","candidates":[]}]],[[{"start":0,"end":15,"url":null,"entity_id":"Q43305","candidates":[]}],[],[{"start":0,"end":31,"url":null,"entity_id":"Q48759778","candidates":[]}],[{"start":0,"end":6,"url":null,"entity_id":"Q142","candidates":[]}]],[[{"start":0,"end":52,"url":null,"entity_id":"Q858979","candidates":[]}],[],[{"start":0,"end":44,"url":null,"entity_id":"Q20669873","candidates":[]}],[{"start":0,"end":6,"url":null,"entity_id":"Q142","candidates":[]}]],[[{"start":0,"end":21,"url":null,"entity_id":"Q3486229","candidates":[]}],[],[{"start":0,"end":30,"url":null,"entity_id":"Q19370961","candidates":[]}],[{"start":0,"end":6,"url":null,"entity_id":"Q142","candidates":[]}]],[[{"start":0,"end":37,"url":null,"entity_id":"Q273604","candidates":[]}],[],[{"start":0,"end":26,"url":null,"entity_id":"Q13531686","candidates":[]}],[{"start":0,"end":6,"url":null,"entity_id":"Q142","candidates":[]}]],[[{"start":0,"end":6,"url":null,"entity_id":"Q273493","candidates":[]}],[],[{"start":0,"end":26,"url":null,"entity_id":"Q13531686","candidates":[]}],[{"start":0,"end":6,"url":null,"entity_id":"Q142","candidates":[]}]],[[{"start":0,"end":36,"url":null,"entity_id":"Q273600","candidates":[]}],[],[{"start":0,"end":23,"url":null,"entity_id":"Q3551472","candidates":[]}],[{"start":0,"end":6,"url":null,"entity_id":"Q142","candidates":[]}]],[[{"start":0,"end":11,"url":null,"entity_id":"Q859363","candidates":[]}],[],[{"start":0,"end":38,"url":null,"entity_id":"Q3491149","candidates":[]}],[{"start":0,"end":6,"url":null,"entity_id":"Q142","candidates":[]}]],[[{"start":0,"end":49,"url":null,"entity_id":"Q1665112","candidates":[]}],[],[{"start":0,"end":19,"url":null,"entity_id":"Q3343880","candidates":[]}],[{"start":0,"end":6,"url":null,"entity_id":"Q142","candidates":[]}]],[[{"start":0,"end":19,"url":null,"entity_id":"Q273447","candidates":[]}],[],[{"start":0,"end":15,"url":null,"entity_id":"Q3248808","candidates":[]}],[{"start":0,"end":6,"url":null,"entity_id":"Q142","candidates":[]}]],[[{"start":0,"end":20,"url":null,"entity_id":"Q273642","candidates":[]}],[],[{"start":0,"end":25,"url":null,"entity_id":"Q3247880","candidates":[]}],[{"start":0,"end":6,"url":null,"entity_id":"Q142","candidates":[]}]],[[{"start":0,"end":51,"url":null,"entity_id":"Q870925","candidates":[]}],[],[{"start":0,"end":16,"url":null,"entity_id":"Q3128622","candidates":[]}],[{"start":0,"end":6,"url":null,"entity_id":"Q142","candidates":[]}]],[[{"start":0,"end":12,"url":null,"entity_id":"Q2311820","candidates":[]}],[],[{"start":0,"end":9,"url":null,"entity_id":"Q1344278","candidates":[]}],[{"start":0,"end":6,"url":null,"entity_id":"Q142","candidates":[]}]],[[{"start":0,"end":13,"url":null,"entity_id":"Q1637105","candidates":[]}],[],[{"start":0,"end":9,"url":null,"entity_id":"Q1344278","candidates":[]}],[{"start":0,"end":6,"url":null,"entity_id":"Q142","candidates":[]}]],[[{"start":0,"end":10,"url":null,"entity_id":"Q1275372","candidates":[]}],[],[{"start":0,"end":9,"url":null,"entity_id":"Q1344278","candidates":[]}],[{"start":0,"end":6,"url":null,"entity_id":"Q142","candidates":[]}]],[[{"start":0,"end":11,"url":null,"entity_id":"Q838454","candidates":[]}],[],[{"start":0,"end":9,"url":null,"entity_id":"Q1344278","candidates":[]}],[{"start":0,"end":6,"url":null,"entity_id":"Q142","candidates":[]}]],[[{"start":0,"end":25,"url":null,"entity_id":"Q273523","candidates":[]}],[],[{"start":0,"end":9,"url":null,"entity_id":"Q1344278","candidates":[]}],[{"start":0,"end":6,"url":null,"entity_id":"Q142","candidates":[]}]],[[{"start":0,"end":14,"url":null,"entity_id":"Q1189954","candidates":[]}],[],[{"start":0,"end":23,"url":null,"entity_id":"Q1163431","candidates":[]}],[{"start":0,"end":6,"url":null,"entity_id":"Q142","candidates":[]}]],[[{"start":0,"end":45,"url":null,"entity_id":"Q1135990","candidates":[]}],[],[{"start":0,"end":23,"url":null,"entity_id":"Q1163431","candidates":[]}],[{"start":0,"end":6,"url":null,"entity_id":"Q142","candidates":[]}]],[[{"start":0,"end":41,"url":null,"entity_id":"Q273593","candidates":[]}],[],[{"start":0,"end":23,"url":null,"entity_id":"Q1163431","candidates":[]}],[{"start":0,"end":6,"url":null,"entity_id":"Q142","candidates":[]}]]]}