{"version":"1.2","table":{"version":"2","table_id":"32M57BCL","columns":[{"index":0,"name":"col0","values":["OmegaWiki","Wikidata","Lurkmore.to","WeRelate.org","Proteopedia","Uncyclopedia","Citizendium","EcuRed","wikiHow","Familypedia","Rodovid","Vikidia","RationalWiki","translatewiki.net","Lokalhistoriewiki.no","WikiSkripta","Speiderhistorisk leksikon","PCGamingWiki","Moegirlpedia","ProofWiki"]},{"index":1,"name":"col1","values":["CC0","CC0","Creative Commons Attribution","Creative Commons Attribution-ShareAlike 3.0 Unported","Creative Commons Attribution-ShareAlike 3.0 Unported","Creative Commons Attribution–NonCommercial-ShareAlike","GNU Free Documentation License","Creative Commons Attribution-NonCommercial-ShareAlike 3.0 Unported","Creative Commons Attribution-NonCommercial-ShareAlike 3.0 Unported","Creative Commons Attribution-ShareAlike","Creative Commons Attribution","GNU Free Documentation License","Creative Commons Attribution-ShareAlike 3.0 Unported","GNU General Public License","Creative Commons Attribution-ShareAlike 4.0 International","Creative Commons Attribution","Creative Commons Attribution-NonCommercial-ShareAlike 3.0 Unported","Creative Commons Attribution-NonCommercial-ShareAlike 3.0 Unported","Creative Commons Attribution-NonCommercial-ShareAlike 3.0 Unported","Creative Commons Attribution-ShareAlike 3.0 Unported"]},{"index":2,"name":"col2","values":["2005-12-27","2012-10-29","2007-07-30","2005-01-01","2007-01-01","2005-01-01","2006-10-01","2010-12-13","2005-01-01","2004-01-01","2005-09-01","2006-11-17","2007-05-22","2006-07-01","2008-01-01","2008-01-01","2011-01-01","2012-02-09","2010-10-11","2008-04-01"]},{"index":3,"name":"col3","values":["multiple languages","multiple languages","Russian","English","English","English","English","Spanish","French","French","French","French","Esperanto","multiple languages","Nynorsk","Czech","Norwegian","English","English","English"]}]},"context":{"page_title":null,"page_url":null,"page_entity_id":null,"content_hierarchy":[]},"links":[[[{"start":0,"end":9,"url":null,"entity_id":"Q154436","candidates":[]}],[{"start":0,"end":3,"url":null,"entity_id":"Q6938433","candidates":[]}],[],[{"start":0,"end":18,"url":null,"entity_id":"Q20923490","candidates":[]}]],[[{"start":0,"end":8,"url":null,"entity_id":"Q2013","candidates":[]}],[{"start":0,"end":3,"url":null,"entity_id":"Q6938433","candidates":[]}],[],[{"start":0,"end":18,"url":null,"entity_id":"Q20923490","candidates":[]}]],[[{"start":0,"end":11,"url":null,"entity_id":"Q2498781","candidates":[]}],[{"start":0,"end":28,"url":null,"entity_id":"Q6905323","candidates":[]}],[],[{"start":0,"end":7,"url":null,"entity_id":"Q7737","candidates":[]}]],[[{"start":0,"end":12,"url":null,"entity_id":"Q7983244","candidates":[]}],[{"start":0,"end":52,"url":null,"entity_id":"Q14946043","candidates":[]}],[],[{"start":0,"end":7,"url":null,"entity_id":"Q1860","candidates":[]}]],[[{"start":0,"end":11,"url":null,"entity_id":"Q3407965","candidates":[]}],[{"start":0,"end":52,"url":null,"entity_id":"Q14946043","candidates":[]}],[],[{"start":0,"end":7,"url":null,"entity_id":"Q1860","candidates":[]}]],[[{"start":0,"end":12,"url":null,"entity_id":"Q17460","candidates":[]}],[{"start":0,"end":53,"url":null,"entity_id":"Q6998997","candidates":[]}],[],[{"start":0,"end":7,"url":null,"entity_id":"Q1860","candidates":[]}]],[[{"start":0,"end":11,"url":null,"entity_id":"Q187801","candidates":[]}],[{"start":0,"end":30,"url":null,"entity_id":"Q22169","candidates":[]}],[],[{"start":0,"end":7,"url":null,"entity_id":"Q1860","candidates":[]}]],[[{"start":0,"end":6,"url":null,"entity_id":"Q1282218","candidates":[]}],[{"start":0,"end":66,"url":null,"entity_id":"Q15643954","candidates":[]}],[],[{"start":0,"end":7,"url":null,"entity_id":"Q1321","candidates":[]}]],[[{"start":0,"end":7,"url":null,"entity_id":"Q306527","candidates":[]}],[{"start":0,"end":66,"url":null,"entity_id":"Q15643954","candidates":[]}],[],[{"start":0,"end":6,"url":null,"entity_id":"Q150","candidates":[]}]],[[{"start":0,"end":11,"url":null,"entity_id":"Q5433416","candidates":[]}],[{"start":0,"end":39,"url":null,"entity_id":"Q6905942","candidates":[]}],[],[{"start":0,"end":6,"url":null,"entity_id":"Q150","candidates":[]}]],[[{"start":0,"end":7,"url":null,"entity_id":"Q649227","candidates":[]}],[{"start":0,"end":28,"url":null,"entity_id":"Q6905323","candidates":[]}],[],[{"start":0,"end":6,"url":null,"entity_id":"Q150","candidates":[]}]],[[{"start":0,"end":7,"url":null,"entity_id":"Q3051048","candidates":[]}],[{"start":0,"end":30,"url":null,"entity_id":"Q22169","candidates":[]}],[],[{"start":0,"end":6,"url":null,"entity_id":"Q150","candidates":[]}]],[[{"start":0,"end":12,"url":null,"entity_id":"Q6961180","candidates":[]}],[{"start":0,"end":52,"url":null,"entity_id":"Q14946043","candidates":[]}],[],[{"start":0,"end":9,"url":null,"entity_id":"Q143","candidates":[]}]],[[{"start":0,"end":17,"url":null,"entity_id":"Q9376349","candidates":[]}],[{"start":0,"end":26,"url":null,"entity_id":"Q7603","candidates":[]}],[],[{"start":0,"end":18,"url":null,"entity_id":"Q20923490","candidates":[]}]],[[{"start":0,"end":20,"url":null,"entity_id":"Q11986705","candidates":[]}],[{"start":0,"end":57,"url":null,"entity_id":"Q18199165","candidates":[]}],[],[{"start":0,"end":7,"url":null,"entity_id":"Q25164","candidates":[]}]],[[{"start":0,"end":11,"url":null,"entity_id":"Q9049250","candidates":[]}],[{"start":0,"end":28,"url":null,"entity_id":"Q6905323","candidates":[]}],[],[{"start":0,"end":5,"url":null,"entity_id":"Q9056","candidates":[]}]],[[{"start":0,"end":25,"url":null,"entity_id":"Q76301335","candidates":[]}],[{"start":0,"end":66,"url":null,"entity_id":"Q15643954","candidates":[]}],[],[{"start":0,"end":9,"url":null,"entity_id":"Q9043","candidates":[]}]],[[{"start":0,"end":12,"url":null,"entity_id":"Q17013880","candidates":[]}],[{"start":0,"end":66,"url":null,"entity_id":"Q15643954","candidates":[]}],[],[{"start":0,"end":7,"url":null,"entity_id":"Q1860","candidates":[]}]],[[{"start":0,"end":12,"url":null,"entity_id":"Q15904527","candidates":[]}],[{"start":0,"end":66,"url":null,"entity_id":"Q15643954","candidates":[]}],[],[{"start":0,"end":7,"url":null,"entity_id":"Q1860","candidates":[]}]],[[{"start":0,"end":9,"url":null,"entity_id":"Q60760899","candidates":[]}],[{"start":0,"end":52,"url":null,"entity_id":"Q14946043","candidates":[]}],[],[{"start":0,"end":7,"url":null,"entity_id":"Q1860","candidates":[]}]]]}