{"version":"1.2","table":{"version":"2","table_id":"32P42BLU","columns":[{"index":0,"name":"col0","values":["Soviet Union at the 1956 Summer Olympics","Finland at the 1948 Winter Olympics","Morocco at the 2010 Winter Olympics","Finland at the 2014 Winter Olympics","Mozambique at the 2004 Summer Olympics","Finland at the 2006 Winter Olympics","Netherlands at the 1952 Winter Olympics","Finland at the 1932 Winter Olympics","Finland at the 1988 Winter Olympics","Italy at the 1960 Winter Olympics","Mozambique at the 2000 Summer Olympics","Norway at the 1960 Winter Olympics","Finland at the 1998 Winter Olympics","Soviet Union at the 1952 Summer Olympics","Morocco at the 2014 Winter Olympics","Netherlands at the 1928 Winter Olympics","Finland at the 1924 Winter Olympics","Russia at the 2010 Winter Olympics","Czechoslovakia at the 1980 Winter Olympics","Czechoslovakia at the 1976 Winter Olympics"]},{"index":1,"name":"col1","values":["Soviet Union","Finland","Morocco","Finland","Mozambique","Finland","Netherlands","Finland","Finland","Italy","Mozambique","Norway","Finland","Soviet Union","Morocco","Netherlands","Finland","Russia","Czechoslovakia","Czechoslovakia"]},{"index":2,"name":"col2","values":["Olympic sport","Olympic sport","Olympic sport","winter sport","Olympic sport","Olympic sport","winter sport","winter sport","winter sport","winter sport","Olympic sport","winter sport","winter sport","Olympic sport","winter sport","Olympic sport","winter sport","Olympic sport","winter sport","Olympic sport"]},{"index":3,"name":"col3","values":["Soviet Union at the 1960 Summer Olympics","Finland at the 1952 Winter Olympics","Morocco at the 2014 Winter Olympics","Finland at the 2018 Winter Olympics","Mozambique at the 2008 Summer Olympics","Finland at the 2010 Winter Olympics","Netherlands at the 1956 Winter Olympics","Finland at the 1936 Winter Olympics","Finland at the 1992 Winter Olympics","Italy at the 1964 Winter Olympics","Mozambique at the 2004 Summer Olympics","Norway at the 1964 Winter Olympics","Finland at the 2002 Winter Olympics","Soviet Union at the 1956 Summer Olympics","Morocco at the 2018 Winter Olympics","Netherlands at the 1936 Winter Olympics","Finland at the 1928 Winter Olympics","Russia at the 2014 Winter Olympics","Czechoslovakia at the 1984 Winter Olympics","Czechoslovakia at the 1980 Winter Olympics"]},{"index":4,"name":"col4","values":["Alexey Medvedev","Pekka Vanninen","Samir Azzimani","Enni Rukajärvi","Kurt Couto","Janne Lahtela","Wim van der Voort","Ossi Blomqvist","Pertti Niittylä","Bruno Alberti","Jorge Duvane","Knut Johannesen","Janne Ahonen","Jakov Kuzenko","Adam Lamhamedi","Edwin Louis Teixeira de Mattos","Armas Palamaa","Aleksey Morozov","Bohuslav Ebermann","Oldřich Machač"]}]},"context":{"page_title":null,"page_url":null,"page_entity_id":null,"content_hierarchy":[]},"links":[[[{"start":0,"end":35,"url":null,"entity_id":"Q145907","candidates":[]}],[{"start":0,"end":7,"url":null,"entity_id":"Q33","candidates":[]}],[{"start":0,"end":13,"url":null,"entity_id":"Q212434","candidates":[]}],[{"start":0,"end":35,"url":null,"entity_id":"Q1001528","candidates":[]}],[{"start":0,"end":14,"url":null,"entity_id":"Q7161105","candidates":[]}]],[[{"start":0,"end":35,"url":null,"entity_id":"Q140701","candidates":[]}],[{"start":0,"end":7,"url":null,"entity_id":"Q1028","candidates":[]}],[{"start":0,"end":13,"url":null,"entity_id":"Q212434","candidates":[]}],[{"start":0,"end":35,"url":null,"entity_id":"Q15360047","candidates":[]}],[{"start":0,"end":14,"url":null,"entity_id":"Q3121240","candidates":[]}]],[[{"start":0,"end":35,"url":null,"entity_id":"Q5156724","candidates":[]}],[{"start":0,"end":7,"url":null,"entity_id":"Q33","candidates":[]}],[{"start":0,"end":12,"url":null,"entity_id":"Q204686","candidates":[]}],[{"start":0,"end":35,"url":null,"entity_id":"Q25386958","candidates":[]}],[{"start":0,"end":14,"url":null,"entity_id":"Q2800527","candidates":[]}]],[[{"start":0,"end":38,"url":null,"entity_id":"Q142997","candidates":[]}],[{"start":0,"end":10,"url":null,"entity_id":"Q1029","candidates":[]}],[{"start":0,"end":13,"url":null,"entity_id":"Q212434","candidates":[]}],[{"start":0,"end":38,"url":null,"entity_id":"Q141755","candidates":[]}],[{"start":0,"end":10,"url":null,"entity_id":"Q2757210","candidates":[]}]],[[{"start":0,"end":35,"url":null,"entity_id":"Q147034","candidates":[]}],[{"start":0,"end":7,"url":null,"entity_id":"Q33","candidates":[]}],[{"start":0,"end":13,"url":null,"entity_id":"Q212434","candidates":[]}],[{"start":0,"end":35,"url":null,"entity_id":"Q139924","candidates":[]}],[{"start":0,"end":13,"url":null,"entity_id":"Q2658036","candidates":[]}]],[[{"start":0,"end":39,"url":null,"entity_id":"Q594591","candidates":[]}],[{"start":0,"end":11,"url":null,"entity_id":"Q55","candidates":[]}],[{"start":0,"end":12,"url":null,"entity_id":"Q204686","candidates":[]}],[{"start":0,"end":39,"url":null,"entity_id":"Q916912","candidates":[]}],[{"start":0,"end":17,"url":null,"entity_id":"Q2650557","candidates":[]}]],[[{"start":0,"end":35,"url":null,"entity_id":"Q1001521","candidates":[]}],[{"start":0,"end":7,"url":null,"entity_id":"Q33","candidates":[]}],[{"start":0,"end":12,"url":null,"entity_id":"Q204686","candidates":[]}],[{"start":0,"end":35,"url":null,"entity_id":"Q145867","candidates":[]}],[{"start":0,"end":14,"url":null,"entity_id":"Q3375653","candidates":[]}]],[[{"start":0,"end":35,"url":null,"entity_id":"Q615459","candidates":[]}],[{"start":0,"end":7,"url":null,"entity_id":"Q33","candidates":[]}],[{"start":0,"end":12,"url":null,"entity_id":"Q204686","candidates":[]}],[{"start":0,"end":35,"url":null,"entity_id":"Q141978","candidates":[]}],[{"start":0,"end":15,"url":null,"entity_id":"Q3375643","candidates":[]}]],[[{"start":0,"end":33,"url":null,"entity_id":"Q963115","candidates":[]}],[{"start":0,"end":5,"url":null,"entity_id":"Q38","candidates":[]}],[{"start":0,"end":12,"url":null,"entity_id":"Q204686","candidates":[]}],[{"start":0,"end":33,"url":null,"entity_id":"Q1092253","candidates":[]}],[{"start":0,"end":13,"url":null,"entity_id":"Q2926611","candidates":[]}]],[[{"start":0,"end":38,"url":null,"entity_id":"Q142741","candidates":[]}],[{"start":0,"end":10,"url":null,"entity_id":"Q1029","candidates":[]}],[{"start":0,"end":13,"url":null,"entity_id":"Q212434","candidates":[]}],[{"start":0,"end":38,"url":null,"entity_id":"Q142997","candidates":[]}],[{"start":0,"end":12,"url":null,"entity_id":"Q42304394","candidates":[]}]],[[{"start":0,"end":34,"url":null,"entity_id":"Q1042079","candidates":[]}],[{"start":0,"end":6,"url":null,"entity_id":"Q20","candidates":[]}],[{"start":0,"end":12,"url":null,"entity_id":"Q204686","candidates":[]}],[{"start":0,"end":34,"url":null,"entity_id":"Q956980","candidates":[]}],[{"start":0,"end":15,"url":null,"entity_id":"Q24756","candidates":[]}]],[[{"start":0,"end":35,"url":null,"entity_id":"Q1001549","candidates":[]}],[{"start":0,"end":7,"url":null,"entity_id":"Q33","candidates":[]}],[{"start":0,"end":12,"url":null,"entity_id":"Q204686","candidates":[]}],[{"start":0,"end":35,"url":null,"entity_id":"Q523584","candidates":[]}],[{"start":0,"end":12,"url":null,"entity_id":"Q14698","candidates":[]}]],[[{"start":0,"end":40,"url":null,"entity_id":"Q1957646","candidates":[]}],[{"start":0,"end":12,"url":null,"entity_id":"Q15180","candidates":[]}],[{"start":0,"end":13,"url":null,"entity_id":"Q212434","candidates":[]}],[{"start":0,"end":40,"url":null,"entity_id":"Q2495667","candidates":[]}],[{"start":0,"end":13,"url":null,"entity_id":"Q1542691","candidates":[]}]],[[{"start":0,"end":35,"url":null,"entity_id":"Q15360047","candidates":[]}],[{"start":0,"end":7,"url":null,"entity_id":"Q1028","candidates":[]}],[{"start":0,"end":12,"url":null,"entity_id":"Q204686","candidates":[]}],[{"start":0,"end":35,"url":null,"entity_id":"Q28936109","candidates":[]}],[{"start":0,"end":14,"url":null,"entity_id":"Q15637498","candidates":[]}]],[[{"start":0,"end":39,"url":null,"entity_id":"Q144768","candidates":[]}],[{"start":0,"end":11,"url":null,"entity_id":"Q55","candidates":[]}],[{"start":0,"end":13,"url":null,"entity_id":"Q212434","candidates":[]}],[{"start":0,"end":39,"url":null,"entity_id":"Q144839","candidates":[]}],[{"start":0,"end":30,"url":null,"entity_id":"Q13575410","candidates":[]}]],[[{"start":0,"end":35,"url":null,"entity_id":"Q142040","candidates":[]}],[{"start":0,"end":7,"url":null,"entity_id":"Q33","candidates":[]}],[{"start":0,"end":12,"url":null,"entity_id":"Q204686","candidates":[]}],[{"start":0,"end":35,"url":null,"entity_id":"Q142050","candidates":[]}],[{"start":0,"end":13,"url":null,"entity_id":"Q11852647","candidates":[]}]],[[{"start":0,"end":34,"url":null,"entity_id":"Q139707","candidates":[]}],[{"start":0,"end":6,"url":null,"entity_id":"Q159","candidates":[]}],[{"start":0,"end":13,"url":null,"entity_id":"Q212434","candidates":[]}],[{"start":0,"end":34,"url":null,"entity_id":"Q7381960","candidates":[]}],[{"start":0,"end":15,"url":null,"entity_id":"Q735366","candidates":[]}]],[[{"start":0,"end":42,"url":null,"entity_id":"Q600000","candidates":[]}],[{"start":0,"end":14,"url":null,"entity_id":"Q33946","candidates":[]}],[{"start":0,"end":12,"url":null,"entity_id":"Q204686","candidates":[]}],[{"start":0,"end":42,"url":null,"entity_id":"Q659554","candidates":[]}],[{"start":0,"end":17,"url":null,"entity_id":"Q717790","candidates":[]}]],[[{"start":0,"end":42,"url":null,"entity_id":"Q144941","candidates":[]}],[{"start":0,"end":14,"url":null,"entity_id":"Q33946","candidates":[]}],[{"start":0,"end":13,"url":null,"entity_id":"Q212434","candidates":[]}],[{"start":0,"end":42,"url":null,"entity_id":"Q600000","candidates":[]}],[{"start":0,"end":14,"url":null,"entity_id":"Q702841","candidates":[]}]],[[{"start":0,"end":40,"url":null,"entity_id":"Q2495667","candidates":[]}],[{"start":0,"end":12,"url":null,"entity_id":"Q15180","candidates":[]}],[{"start":0,"end":13,"url":null,"entity_id":"Q212434","candidates":[]}],[{"start":0,"end":40,"url":null,"entity_id":"Q2309586","candidates":[]}],[{"start":0,"end":15,"url":null,"entity_id":"Q4721331","candidates":[]}]]]}