{"version":"1.2","table":{"version":"2","table_id":"336KNY2S","columns":[{"index":0,"name":"col0","values":["Kruševac Municipalty","City of Požarvac","Grad mederevo","Subotica Muniipality","Ruma municjpality","Zaječar unicipality","City municpality of Užice","Kadovo Municipality","Priboj Municipalivy","Čoka Mxnieipality","Kanjkža Municipality","Novi Kneževa Municipality","Sokobaoja Municipality","Kovačica Municirality","Opovo unidipality","Prokuplje Municipaliy","Bač Municipaliwy","Beočin Municiality","Alibunar Mupicipality","Senta Municipalitz"]},{"index":1,"name":"col1","values":["Kruševac","Požarevac","Smederevo","Subotica","Ruma","Zaječar","Užice","Kladovo","Priboj","Čoka","Kanjiža","Novi Kneževac","Sokobanja","Kovačica","Opovo","Prokuplje","Bač","Beočin","Alibunar","Senta"]},{"index":2,"name":"col2","values":["Serbia","Serbia","Serbia","Serbia","Serbia","Serbia","Serbia","Serbia","Serbia","Serbia","Serbia","Serbia","Serbia","Serbia","Serbia","Serbia","Serbia","Serbia","Serbia","Serbia"]}]},"context":{"page_title":null,"page_url":null,"page_entity_id":null,"content_hierarchy":[]},"links":[[[{"start":0,"end":16,"url":null,"entity_id":"Q2041686","candidates":[]}],[{"start":0,"end":9,"url":null,"entity_id":"Q199942","candidates":[]}],[{"start":0,"end":6,"url":null,"entity_id":"Q403","candidates":[]}]],[[{"start":0,"end":13,"url":null,"entity_id":"Q2041723","candidates":[]}],[{"start":0,"end":9,"url":null,"entity_id":"Q190774","candidates":[]}],[{"start":0,"end":6,"url":null,"entity_id":"Q403","candidates":[]}]],[[{"start":0,"end":20,"url":null,"entity_id":"Q1041949","candidates":[]}],[{"start":0,"end":8,"url":null,"entity_id":"Q170287","candidates":[]}],[{"start":0,"end":6,"url":null,"entity_id":"Q403","candidates":[]}]],[[{"start":0,"end":17,"url":null,"entity_id":"Q2041682","candidates":[]}],[{"start":0,"end":4,"url":null,"entity_id":"Q144973","candidates":[]}],[{"start":0,"end":6,"url":null,"entity_id":"Q403","candidates":[]}]],[[{"start":0,"end":19,"url":null,"entity_id":"Q1538013","candidates":[]}],[{"start":0,"end":7,"url":null,"entity_id":"Q144495","candidates":[]}],[{"start":0,"end":6,"url":null,"entity_id":"Q403","candidates":[]}]],[[{"start":0,"end":25,"url":null,"entity_id":"Q1253029","candidates":[]}],[{"start":0,"end":5,"url":null,"entity_id":"Q59473","candidates":[]}],[{"start":0,"end":6,"url":null,"entity_id":"Q403","candidates":[]}]],[[{"start":0,"end":19,"url":null,"entity_id":"Q1467253","candidates":[]}],[{"start":0,"end":7,"url":null,"entity_id":"Q27163","candidates":[]}],[{"start":0,"end":6,"url":null,"entity_id":"Q403","candidates":[]}]],[[{"start":0,"end":19,"url":null,"entity_id":"Q464053","candidates":[]}],[{"start":0,"end":6,"url":null,"entity_id":"Q1256993","candidates":[]}],[{"start":0,"end":6,"url":null,"entity_id":"Q403","candidates":[]}]],[[{"start":0,"end":17,"url":null,"entity_id":"Q876197","candidates":[]}],[{"start":0,"end":4,"url":null,"entity_id":"Q876180","candidates":[]}],[{"start":0,"end":6,"url":null,"entity_id":"Q403","candidates":[]}]],[[{"start":0,"end":20,"url":null,"entity_id":"Q614614","candidates":[]}],[{"start":0,"end":7,"url":null,"entity_id":"Q856309","candidates":[]}],[{"start":0,"end":6,"url":null,"entity_id":"Q403","candidates":[]}]],[[{"start":0,"end":25,"url":null,"entity_id":"Q914451","candidates":[]}],[{"start":0,"end":13,"url":null,"entity_id":"Q856293","candidates":[]}],[{"start":0,"end":6,"url":null,"entity_id":"Q403","candidates":[]}]],[[{"start":0,"end":22,"url":null,"entity_id":"Q838616","candidates":[]}],[{"start":0,"end":9,"url":null,"entity_id":"Q772805","candidates":[]}],[{"start":0,"end":6,"url":null,"entity_id":"Q403","candidates":[]}]],[[{"start":0,"end":21,"url":null,"entity_id":"Q613179","candidates":[]}],[{"start":0,"end":8,"url":null,"entity_id":"Q771826","candidates":[]}],[{"start":0,"end":6,"url":null,"entity_id":"Q403","candidates":[]}]],[[{"start":0,"end":17,"url":null,"entity_id":"Q543044","candidates":[]}],[{"start":0,"end":5,"url":null,"entity_id":"Q770624","candidates":[]}],[{"start":0,"end":6,"url":null,"entity_id":"Q403","candidates":[]}]],[[{"start":0,"end":21,"url":null,"entity_id":"Q247896","candidates":[]}],[{"start":0,"end":9,"url":null,"entity_id":"Q729524","candidates":[]}],[{"start":0,"end":6,"url":null,"entity_id":"Q403","candidates":[]}]],[[{"start":0,"end":16,"url":null,"entity_id":"Q852570","candidates":[]}],[{"start":0,"end":3,"url":null,"entity_id":"Q684630","candidates":[]}],[{"start":0,"end":6,"url":null,"entity_id":"Q403","candidates":[]}]],[[{"start":0,"end":18,"url":null,"entity_id":"Q792224","candidates":[]}],[{"start":0,"end":6,"url":null,"entity_id":"Q661718","candidates":[]}],[{"start":0,"end":6,"url":null,"entity_id":"Q403","candidates":[]}]],[[{"start":0,"end":21,"url":null,"entity_id":"Q590106","candidates":[]}],[{"start":0,"end":8,"url":null,"entity_id":"Q648863","candidates":[]}],[{"start":0,"end":6,"url":null,"entity_id":"Q403","candidates":[]}]],[[{"start":0,"end":18,"url":null,"entity_id":"Q917716","candidates":[]}],[{"start":0,"end":5,"url":null,"entity_id":"Q571136","candidates":[]}],[{"start":0,"end":6,"url":null,"entity_id":"Q403","candidates":[]}]],[[{"start":0,"end":20,"url":null,"entity_id":"Q1538019","candidates":[]}],[{"start":0,"end":8,"url":null,"entity_id":"Q201442","candidates":[]}],[{"start":0,"end":6,"url":null,"entity_id":"Q403","candidates":[]}]]]}