{"version":"1.2","table":{"version":"2","table_id":"33VIESQ3","columns":[{"index":0,"name":"col0","values":["Ferrovie dello Stato Italiane","Odakyu Electric Railway","Österreichische Bundesbahnen","Lithuanian Railways","Transports publics Fribourgeois","West Japan Railway Company","Takamatsu-Kotohira Electric Railroad","British Rail","Société Nationale des Chemins de Fer Luxembourgeois","Hakone Tozan Railway","SNCB/NMBS","Central Japan Railway Company","Bulgarian State Railways","Conrail","London, Midland and Scottish Railway","Canadian National Railway","Great Northern Railway","Raaberbahn","Osaka Municipal Transportation Bureau","BLS AG"]},{"index":1,"name":"col1","values":["1905-01-01","1948-06-01","1919-11-21","1991-12-24","2000-01-01","1987-04-01","1943-11-01","1948-01-01","1946-05-14","2004-10-01","1926-09-01","1987-04-01","1888-01-01","1976-04-01","1923-01-01","1918-01-01","1846-01-01","1872-01-01","1903-09-12","2006-01-01"]},{"index":2,"name":"col2","values":["Trenitalia","Odakyū Odawara Line","Tauern Railway","Klaipėda railway station","Bossonnens station","Nara Hotel","Nagao Line","LNER Class A3 4472 “Flying Scotsman”","Norddeutsche Eisenbahngesellschaft Niebüll","Hakone Tozan Line","HSL 1","Nippon Sharyo","Septemvri-Dobrinishte narrow gauge line","PD Draw","Northern Counties Committee","Quebec Bridge","Friargate Bridge","Ölbő-Alsószeleste railway station","Imazatosuji Line","Lötschberg Base Tunnel"]}]},"context":{"page_title":null,"page_url":null,"page_entity_id":null,"content_hierarchy":[]},"links":[[[{"start":0,"end":29,"url":null,"entity_id":"Q83823","candidates":[]}],[],[{"start":0,"end":10,"url":null,"entity_id":"Q286650","candidates":[]}]],[[{"start":0,"end":23,"url":null,"entity_id":"Q83584","candidates":[]}],[],[{"start":0,"end":19,"url":null,"entity_id":"Q135176","candidates":[]}]],[[{"start":0,"end":28,"url":null,"entity_id":"Q83822","candidates":[]}],[],[{"start":0,"end":14,"url":null,"entity_id":"Q127446","candidates":[]}]],[[{"start":0,"end":19,"url":null,"entity_id":"Q164914","candidates":[]}],[],[{"start":0,"end":24,"url":null,"entity_id":"Q24992","candidates":[]}]],[[{"start":0,"end":31,"url":null,"entity_id":"Q609332","candidates":[]}],[],[{"start":0,"end":18,"url":null,"entity_id":"Q33462426","candidates":[]}]],[[{"start":0,"end":26,"url":null,"entity_id":"Q502125","candidates":[]}],[],[{"start":0,"end":10,"url":null,"entity_id":"Q6965236","candidates":[]}]],[[{"start":0,"end":36,"url":null,"entity_id":"Q566998","candidates":[]}],[],[{"start":0,"end":10,"url":null,"entity_id":"Q5364831","candidates":[]}]],[[{"start":0,"end":12,"url":null,"entity_id":"Q605169","candidates":[]}],[],[{"start":0,"end":36,"url":null,"entity_id":"Q3175270","candidates":[]}]],[[{"start":0,"end":51,"url":null,"entity_id":"Q525359","candidates":[]}],[],[{"start":0,"end":42,"url":null,"entity_id":"Q1997732","candidates":[]}]],[[{"start":0,"end":20,"url":null,"entity_id":"Q604174","candidates":[]}],[],[{"start":0,"end":17,"url":null,"entity_id":"Q1134480","candidates":[]}]],[[{"start":0,"end":9,"url":null,"entity_id":"Q524255","candidates":[]}],[],[{"start":0,"end":5,"url":null,"entity_id":"Q1032137","candidates":[]}]],[[{"start":0,"end":29,"url":null,"entity_id":"Q513679","candidates":[]}],[],[{"start":0,"end":13,"url":null,"entity_id":"Q682174","candidates":[]}]],[[{"start":0,"end":24,"url":null,"entity_id":"Q610143","candidates":[]}],[],[{"start":0,"end":39,"url":null,"entity_id":"Q476274","candidates":[]}]],[[{"start":0,"end":7,"url":null,"entity_id":"Q633760","candidates":[]}],[],[{"start":0,"end":7,"url":null,"entity_id":"Q7118878","candidates":[]}]],[[{"start":0,"end":36,"url":null,"entity_id":"Q629139","candidates":[]}],[],[{"start":0,"end":27,"url":null,"entity_id":"Q3878567","candidates":[]}]],[[{"start":0,"end":25,"url":null,"entity_id":"Q624798","candidates":[]}],[],[{"start":0,"end":13,"url":null,"entity_id":"Q1427489","candidates":[]}]],[[{"start":0,"end":22,"url":null,"entity_id":"Q181811","candidates":[]}],[],[{"start":0,"end":16,"url":null,"entity_id":"Q22913591","candidates":[]}]],[[{"start":0,"end":10,"url":null,"entity_id":"Q181697","candidates":[]}],[],[{"start":0,"end":33,"url":null,"entity_id":"Q21888946","candidates":[]}]],[[{"start":0,"end":37,"url":null,"entity_id":"Q246206","candidates":[]}],[],[{"start":0,"end":16,"url":null,"entity_id":"Q1066118","candidates":[]}]],[[{"start":0,"end":6,"url":null,"entity_id":"Q246824","candidates":[]}],[],[{"start":0,"end":22,"url":null,"entity_id":"Q660310","candidates":[]}]]]}