{"version":"1.2","table":{"version":"2","table_id":"341I07G7","columns":[{"index":0,"name":"col0","values":["[LML2013] 12002629","[LML2013] 11003263","[LML2013] 11004551","[LML2013] 11002171","[LML2013] 11002072","[LML2013] 12001595","[LML2013] 13000594","[LML2013] 14000585","Cl* NGC 5139 BPB 100977","Cl* NGC 5272 DSZ 21","Cl* NGC 5272 DSZ 15","Cl* NGC 5272 DSZ 20","Cl* NGC 5272 DSZ 18","Cl* NGC 5272 DSZ 7","Cl* NGC 5139 SAW V360","[MLF2014] 258947","[MLF2014] 105432","[MLF2014] 121380","Cl* NGC 5139 BPB 81157","[MLF2014] 6365"]},{"index":1,"name":"col1","values":["25000","13000","13000","13000","25000","8000","25000","25000","19500","2500","25000","6300","12600","2500","13200","23000","19500","19500","35000","21400"]},{"index":2,"name":"col2","values":["-23.1725247","-23.1811967","-23.1821092","-23.178692","-23.178392","-23.175304","-23.1814669","-23.1796372","-47.555252","28.374417","28.375417","28.375306","28.378175","28.374611","-47.539972","-47.3728625153194","-47.569581139179","-47.4920499079124","-47.573909","-47.4236409728352"]}]},"context":{"page_title":null,"page_url":null,"page_entity_id":null,"content_hierarchy":[]},"links":[[[{"start":0,"end":18,"url":null,"entity_id":"Q85341869","candidates":[]}],[],[]],[[{"start":0,"end":18,"url":null,"entity_id":"Q85341861","candidates":[]}],[],[]],[[{"start":0,"end":18,"url":null,"entity_id":"Q85341838","candidates":[]}],[],[]],[[{"start":0,"end":18,"url":null,"entity_id":"Q85341825","candidates":[]}],[],[]],[[{"start":0,"end":18,"url":null,"entity_id":"Q85341814","candidates":[]}],[],[]],[[{"start":0,"end":18,"url":null,"entity_id":"Q85341808","candidates":[]}],[],[]],[[{"start":0,"end":18,"url":null,"entity_id":"Q85341807","candidates":[]}],[],[]],[[{"start":0,"end":18,"url":null,"entity_id":"Q85341788","candidates":[]}],[],[]],[[{"start":0,"end":23,"url":null,"entity_id":"Q85124890","candidates":[]}],[],[]],[[{"start":0,"end":19,"url":null,"entity_id":"Q84924629","candidates":[]}],[],[]],[[{"start":0,"end":19,"url":null,"entity_id":"Q84922707","candidates":[]}],[],[]],[[{"start":0,"end":19,"url":null,"entity_id":"Q84920207","candidates":[]}],[],[]],[[{"start":0,"end":19,"url":null,"entity_id":"Q84919187","candidates":[]}],[],[]],[[{"start":0,"end":18,"url":null,"entity_id":"Q84913115","candidates":[]}],[],[]],[[{"start":0,"end":21,"url":null,"entity_id":"Q84629252","candidates":[]}],[],[]],[[{"start":0,"end":16,"url":null,"entity_id":"Q84623073","candidates":[]}],[],[]],[[{"start":0,"end":16,"url":null,"entity_id":"Q83796500","candidates":[]}],[],[]],[[{"start":0,"end":16,"url":null,"entity_id":"Q83796327","candidates":[]}],[],[]],[[{"start":0,"end":22,"url":null,"entity_id":"Q83796293","candidates":[]}],[],[]],[[{"start":0,"end":14,"url":null,"entity_id":"Q83794139","candidates":[]}],[],[]]]}