{"version":"1.2","table":{"version":"2","table_id":"35KSOLMZ","columns":[{"index":0,"name":"col0","values":["Fort de Liers","Fort de Boncelles","Fort Sint-Anna","Fort Masereels","Fort van Koningshooikt","Fort van Lier","Fort Wingate","Fort Richelieu","Fort Prinzenstein","Elmina Castle","Fort Patience","Fort Sint-Michiel","Fort Kijkduin","Forte Bus de Vela","Fort d'Aubin-Neufchâteau","Fort Eben-Emael","Fort de Barchon","Fort de Loncin","Fort de Tancrémont","Fort de Battice"]},{"index":1,"name":"col1","values":["Liers","Boncelles","Sint Anna ter Muiden","Koewacht","Koningshooikt","Lier","Gallup","Sorel‐Tracy","Keta","Elmina","Apam","Venlo","Huisduinen","Cadine","Neufchâteau","Ében-Émael","Barchon","Loncin","Tancrémont","Battice"]},{"index":2,"name":"col2","values":["Belgium","Belgium","Belgium","Belgium","Belgium","Belgium","United States of America","Canada","Ghana","Ghana","Ghana","Netherlands","Netherlands","Italy","Belgium","Belgium","Belgium","Belgium","Belgium","Belgium"]}]},"context":{"page_title":null,"page_url":null,"page_entity_id":null,"content_hierarchy":[]},"links":[[[{"start":0,"end":13,"url":null,"entity_id":"Q1871333","candidates":[]}],[{"start":0,"end":5,"url":null,"entity_id":"Q3238232","candidates":[]}],[{"start":0,"end":7,"url":null,"entity_id":"Q31","candidates":[]}]],[[{"start":0,"end":17,"url":null,"entity_id":"Q2152881","candidates":[]}],[{"start":0,"end":9,"url":null,"entity_id":"Q2909967","candidates":[]}],[{"start":0,"end":7,"url":null,"entity_id":"Q31","candidates":[]}]],[[{"start":0,"end":14,"url":null,"entity_id":"Q2175467","candidates":[]}],[{"start":0,"end":20,"url":null,"entity_id":"Q2616736","candidates":[]}],[{"start":0,"end":7,"url":null,"entity_id":"Q31","candidates":[]}]],[[{"start":0,"end":14,"url":null,"entity_id":"Q1925350","candidates":[]}],[{"start":0,"end":8,"url":null,"entity_id":"Q1986178","candidates":[]}],[{"start":0,"end":7,"url":null,"entity_id":"Q31","candidates":[]}]],[[{"start":0,"end":22,"url":null,"entity_id":"Q2121491","candidates":[]}],[{"start":0,"end":13,"url":null,"entity_id":"Q1011374","candidates":[]}],[{"start":0,"end":7,"url":null,"entity_id":"Q31","candidates":[]}]],[[{"start":0,"end":13,"url":null,"entity_id":"Q2165786","candidates":[]}],[{"start":0,"end":4,"url":null,"entity_id":"Q12460","candidates":[]}],[{"start":0,"end":7,"url":null,"entity_id":"Q31","candidates":[]}]],[[{"start":0,"end":12,"url":null,"entity_id":"Q1438820","candidates":[]}],[{"start":0,"end":6,"url":null,"entity_id":"Q577981","candidates":[]}],[{"start":0,"end":24,"url":null,"entity_id":"Q30","candidates":[]}]],[[{"start":0,"end":14,"url":null,"entity_id":"Q2112897","candidates":[]}],[{"start":0,"end":11,"url":null,"entity_id":"Q142010","candidates":[]}],[{"start":0,"end":6,"url":null,"entity_id":"Q16","candidates":[]}]],[[{"start":0,"end":17,"url":null,"entity_id":"Q1438675","candidates":[]}],[{"start":0,"end":4,"url":null,"entity_id":"Q1471408","candidates":[]}],[{"start":0,"end":5,"url":null,"entity_id":"Q117","candidates":[]}]],[[{"start":0,"end":13,"url":null,"entity_id":"Q1438772","candidates":[]}],[{"start":0,"end":6,"url":null,"entity_id":"Q968662","candidates":[]}],[{"start":0,"end":5,"url":null,"entity_id":"Q117","candidates":[]}]],[[{"start":0,"end":13,"url":null,"entity_id":"Q954593","candidates":[]}],[{"start":0,"end":4,"url":null,"entity_id":"Q617438","candidates":[]}],[{"start":0,"end":5,"url":null,"entity_id":"Q117","candidates":[]}]],[[{"start":0,"end":17,"url":null,"entity_id":"Q1438712","candidates":[]}],[{"start":0,"end":5,"url":null,"entity_id":"Q3322237","candidates":[]}],[{"start":0,"end":11,"url":null,"entity_id":"Q55","candidates":[]}]],[[{"start":0,"end":13,"url":null,"entity_id":"Q1438590","candidates":[]}],[{"start":0,"end":10,"url":null,"entity_id":"Q2729387","candidates":[]}],[{"start":0,"end":11,"url":null,"entity_id":"Q55","candidates":[]}]],[[{"start":0,"end":17,"url":null,"entity_id":"Q914933","candidates":[]}],[{"start":0,"end":6,"url":null,"entity_id":"Q2628032","candidates":[]}],[{"start":0,"end":5,"url":null,"entity_id":"Q38","candidates":[]}]],[[{"start":0,"end":24,"url":null,"entity_id":"Q1438445","candidates":[]}],[{"start":0,"end":11,"url":null,"entity_id":"Q2671668","candidates":[]}],[{"start":0,"end":7,"url":null,"entity_id":"Q31","candidates":[]}]],[[{"start":0,"end":15,"url":null,"entity_id":"Q947912","candidates":[]}],[{"start":0,"end":10,"url":null,"entity_id":"Q2457258","candidates":[]}],[{"start":0,"end":7,"url":null,"entity_id":"Q31","candidates":[]}]],[[{"start":0,"end":15,"url":null,"entity_id":"Q1413395","candidates":[]}],[{"start":0,"end":7,"url":null,"entity_id":"Q2048002","candidates":[]}],[{"start":0,"end":7,"url":null,"entity_id":"Q31","candidates":[]}]],[[{"start":0,"end":14,"url":null,"entity_id":"Q1363576","candidates":[]}],[{"start":0,"end":6,"url":null,"entity_id":"Q1862923","candidates":[]}],[{"start":0,"end":7,"url":null,"entity_id":"Q31","candidates":[]}]],[[{"start":0,"end":18,"url":null,"entity_id":"Q965829","candidates":[]}],[{"start":0,"end":10,"url":null,"entity_id":"Q540825","candidates":[]}],[{"start":0,"end":7,"url":null,"entity_id":"Q31","candidates":[]}]],[[{"start":0,"end":15,"url":null,"entity_id":"Q1305509","candidates":[]}],[{"start":0,"end":7,"url":null,"entity_id":"Q354900","candidates":[]}],[{"start":0,"end":7,"url":null,"entity_id":"Q31","candidates":[]}]]]}