[{"version":1,"nodes":[{"col_index":0,"label":"col0","id":0},{"col_index":1,"label":"col1","id":1},{"col_index":2,"label":"col2","id":2},{"col_index":3,"label":"col3","id":3},{"abs_uri":"http://www.wikidata.org/entity/Q2695280","rel_uri":"wd:Q2695280","approximation":false,"readable_label":"technique (Q2695280)","id":4},{"abs_uri":"http://www.wikidata.org/entity/Q65054805","rel_uri":"wd:Q65054805","approximation":false,"readable_label":"OSI model layer (Q65054805)","id":5}],"edges":[{"source":4,"target":0,"abs_uri":"http://www.w3.org/2000/01/rdf-schema#label","rel_uri":"rdfs:label","approximation":false,"readable_label":"rdfs:label","id":0},{"source":5,"target":2,"abs_uri":"http://www.w3.org/2000/01/rdf-schema#label","rel_uri":"rdfs:label","approximation":false,"readable_label":"rdfs:label","id":1},{"source":4,"target":1,"abs_uri":"http://www.wikidata.org/prop/P366","rel_uri":"p:P366","approximation":false,"readable_label":"has use (P366)","id":2},{"source":4,"target":5,"abs_uri":"http://www.wikidata.org/prop/P1269","rel_uri":"p:P1269","approximation":false,"readable_label":"facet of (P1269)","id":3},{"source":4,"target":3,"abs_uri":"http://www.wikidata.org/prop/P279","rel_uri":"p:P279","approximation":false,"readable_label":"subclass of (P279)","id":4}]}]