[
  {
    "version": 1,
    "nodes": [
      {
        "id": "c-2",
        "abs_uri": "http://www.wikidata.org/entity/Q486972",
        "rel_uri": "wd:Q486972",
        "approximation": false,
        "readable_label": null
      },
      {
        "id": "d:c-2",
        "col_index": 2,
        "label": "District capital"
      },
      {
        "id": "c-1",
        "abs_uri": "http://www.wikidata.org/entity/Q2631599",
        "rel_uri": "wd:Q2631599",
        "approximation": false,
        "readable_label": null
      },
      {
        "id": "d:c-1",
        "col_index": 1,
        "label": "District name"
      },
      {
        "id": "d-0",
        "col_index": 0,
        "label": ""
      }
    ],
    "edges": [
      {
        "source": "c-2",
        "target": "d:c-2",
        "abs_uri": "http://www.w3.org/2000/01/rdf-schema#label",
        "rel_uri": "rdfs:label",
        "approximation": false,
        "readable_label": null,
        "id": 1
      },
      {
        "source": "c-1",
        "target": "d:c-1",
        "abs_uri": "http://www.w3.org/2000/01/rdf-schema#label",
        "rel_uri": "rdfs:label",
        "approximation": false,
        "readable_label": null,
        "id": 2
      },
      {
        "source": "c-1",
        "target": "c-2",
        "abs_uri": "http://www.wikidata.org/prop/P36",
        "rel_uri": "p:P36",
        "approximation": false,
        "readable_label": null,
        "id": 3
      }
    ]
  }
]