{"version":"1.2","table":{"version":"2","table_id":"JCUKPFSZ","columns":[{"index":0,"name":"col0","values":["Brieulles-sur-Meuse German military cemetery","Nampcel German military cemetery","Caix German military cemetery","Vauxbuin German military cemetery","Mons-en-Laonnois German military cemetery","Maissemy German military cemetery","Wicres Village German military cemetery","Wicres \"Route de la Bassée\" German military cemetery","Viry-Noureuil German military cemetery","Sissonne German military cemetery","Cerny-en-Laonnois German War Cemetery","Saint-Étienne-à-Arnes German military cemetery","Bligny German military cemetery","Bouchain German military cemetery","Saint-Laurent-Blangy German military cemetery","Champs German military cemetery","Caudry German military cemetery","Lens-Sallaumines German military cemetery","Morisel German military cemetery","Le Sourd Franco-German military cemetery"]},{"index":1,"name":"col1","values":["5956","6631","1264","3672","3257","15478","2824","584","3533","3295","7526","12541","4737","1638","31939","1800","3194","15650","2605","862"]},{"index":2,"name":"col2","values":["11286","11499","1264","9229","5010","30478","2824","584","1613","14694","7546","12541","4737","1678","31939","2568","3195","15648","2640","1386"]},{"index":3,"name":"col3","values":["German War Graves Commission","German War Graves Commission","German War Graves Commission","German War Graves Commission","German War Graves Commission","German War Graves Commission","German War Graves Commission","German War Graves Commission","German War Graves Commission","German War Graves Commission","German War Graves Commission","German War Graves Commission","German War Graves Commission","German War Graves Commission","German War Graves Commission","German War Graves Commission","German War Graves Commission","German War Graves Commission","German War Graves Commission","Ministry of Armed Forces"]},{"index":4,"name":"col4","values":["France","France","France","France","France","France","France","France","France","France","France","France","France","France","France","France","France","France","France","France"]},{"index":5,"name":"col5","values":["Brieulles-sur-Meuse","Nampcel","Caix","Vauxbuin","Mons-en-Laonnois","Maissemy","Wicres","Wicres","Viry-Noureuil","Sissonne","Cerny-en-Laonnois","Saint-Étienne-à-Arnes","Bligny","Bouchain","Saint-Laurent-Blangy","Champs","Caudry","Sallaumines","Morisel","Lemé"]}]},"context":{"page_title":null,"page_url":null,"page_entity_id":null,"content_hierarchy":[]},"links":[[[{"start":0,"end":44,"url":null,"entity_id":"Q51619068","candidates":[]}],[],[],[{"start":0,"end":28,"url":null,"entity_id":"Q708567","candidates":[]}],[{"start":0,"end":6,"url":null,"entity_id":"Q142","candidates":[]}],[{"start":0,"end":19,"url":null,"entity_id":"Q1385109","candidates":[]}]],[[{"start":0,"end":32,"url":null,"entity_id":"Q19406892","candidates":[]}],[],[],[{"start":0,"end":28,"url":null,"entity_id":"Q708567","candidates":[]}],[{"start":0,"end":6,"url":null,"entity_id":"Q142","candidates":[]}],[{"start":0,"end":7,"url":null,"entity_id":"Q1336580","candidates":[]}]],[[{"start":0,"end":29,"url":null,"entity_id":"Q55596338","candidates":[]}],[],[],[{"start":0,"end":28,"url":null,"entity_id":"Q708567","candidates":[]}],[{"start":0,"end":6,"url":null,"entity_id":"Q142","candidates":[]}],[{"start":0,"end":4,"url":null,"entity_id":"Q1090164","candidates":[]}]],[[{"start":0,"end":33,"url":null,"entity_id":"Q19944988","candidates":[]}],[],[],[{"start":0,"end":28,"url":null,"entity_id":"Q708567","candidates":[]}],[{"start":0,"end":6,"url":null,"entity_id":"Q142","candidates":[]}],[{"start":0,"end":8,"url":null,"entity_id":"Q1062155","candidates":[]}]],[[{"start":0,"end":41,"url":null,"entity_id":"Q19944983","candidates":[]}],[],[],[{"start":0,"end":28,"url":null,"entity_id":"Q708567","candidates":[]}],[{"start":0,"end":6,"url":null,"entity_id":"Q142","candidates":[]}],[{"start":0,"end":16,"url":null,"entity_id":"Q1020214","candidates":[]}]],[[{"start":0,"end":33,"url":null,"entity_id":"Q19944982","candidates":[]}],[],[],[{"start":0,"end":28,"url":null,"entity_id":"Q708567","candidates":[]}],[{"start":0,"end":6,"url":null,"entity_id":"Q142","candidates":[]}],[{"start":0,"end":8,"url":null,"entity_id":"Q989911","candidates":[]}]],[[{"start":0,"end":39,"url":null,"entity_id":"Q24068756","candidates":[]}],[],[],[{"start":0,"end":28,"url":null,"entity_id":"Q708567","candidates":[]}],[{"start":0,"end":6,"url":null,"entity_id":"Q142","candidates":[]}],[{"start":0,"end":6,"url":null,"entity_id":"Q961617","candidates":[]}]],[[{"start":0,"end":52,"url":null,"entity_id":"Q22671135","candidates":[]}],[],[],[{"start":0,"end":28,"url":null,"entity_id":"Q708567","candidates":[]}],[{"start":0,"end":6,"url":null,"entity_id":"Q142","candidates":[]}],[{"start":0,"end":6,"url":null,"entity_id":"Q961617","candidates":[]}]],[[{"start":0,"end":38,"url":null,"entity_id":"Q55596348","candidates":[]}],[],[],[{"start":0,"end":28,"url":null,"entity_id":"Q708567","candidates":[]}],[{"start":0,"end":6,"url":null,"entity_id":"Q142","candidates":[]}],[{"start":0,"end":13,"url":null,"entity_id":"Q867323","candidates":[]}]],[[{"start":0,"end":33,"url":null,"entity_id":"Q19944986","candidates":[]}],[],[],[{"start":0,"end":28,"url":null,"entity_id":"Q708567","candidates":[]}],[{"start":0,"end":6,"url":null,"entity_id":"Q142","candidates":[]}],[{"start":0,"end":8,"url":null,"entity_id":"Q856205","candidates":[]}]],[[{"start":0,"end":37,"url":null,"entity_id":"Q19801255","candidates":[]}],[],[],[{"start":0,"end":28,"url":null,"entity_id":"Q708567","candidates":[]}],[{"start":0,"end":6,"url":null,"entity_id":"Q142","candidates":[]}],[{"start":0,"end":17,"url":null,"entity_id":"Q847903","candidates":[]}]],[[{"start":0,"end":46,"url":null,"entity_id":"Q19406894","candidates":[]}],[],[],[{"start":0,"end":28,"url":null,"entity_id":"Q708567","candidates":[]}],[{"start":0,"end":6,"url":null,"entity_id":"Q142","candidates":[]}],[{"start":0,"end":21,"url":null,"entity_id":"Q668895","candidates":[]}]],[[{"start":0,"end":31,"url":null,"entity_id":"Q19606759","candidates":[]}],[],[],[{"start":0,"end":28,"url":null,"entity_id":"Q708567","candidates":[]}],[{"start":0,"end":6,"url":null,"entity_id":"Q142","candidates":[]}],[{"start":0,"end":6,"url":null,"entity_id":"Q664974","candidates":[]}]],[[{"start":0,"end":33,"url":null,"entity_id":"Q57829622","candidates":[]}],[],[],[{"start":0,"end":28,"url":null,"entity_id":"Q708567","candidates":[]}],[{"start":0,"end":6,"url":null,"entity_id":"Q142","candidates":[]}],[{"start":0,"end":8,"url":null,"entity_id":"Q632348","candidates":[]}]],[[{"start":0,"end":45,"url":null,"entity_id":"Q33219656","candidates":[]}],[],[],[{"start":0,"end":28,"url":null,"entity_id":"Q708567","candidates":[]}],[{"start":0,"end":6,"url":null,"entity_id":"Q142","candidates":[]}],[{"start":0,"end":20,"url":null,"entity_id":"Q598043","candidates":[]}]],[[{"start":0,"end":31,"url":null,"entity_id":"Q55596343","candidates":[]}],[],[],[{"start":0,"end":28,"url":null,"entity_id":"Q708567","candidates":[]}],[{"start":0,"end":6,"url":null,"entity_id":"Q142","candidates":[]}],[{"start":0,"end":6,"url":null,"entity_id":"Q536385","candidates":[]}]],[[{"start":0,"end":31,"url":null,"entity_id":"Q55596341","candidates":[]}],[],[],[{"start":0,"end":28,"url":null,"entity_id":"Q708567","candidates":[]}],[{"start":0,"end":6,"url":null,"entity_id":"Q142","candidates":[]}],[{"start":0,"end":6,"url":null,"entity_id":"Q476016","candidates":[]}]],[[{"start":0,"end":41,"url":null,"entity_id":"Q18546991","candidates":[]}],[],[],[{"start":0,"end":28,"url":null,"entity_id":"Q708567","candidates":[]}],[{"start":0,"end":6,"url":null,"entity_id":"Q142","candidates":[]}],[{"start":0,"end":11,"url":null,"entity_id":"Q453707","candidates":[]}]],[[{"start":0,"end":32,"url":null,"entity_id":"Q19950938","candidates":[]}],[],[],[{"start":0,"end":28,"url":null,"entity_id":"Q708567","candidates":[]}],[{"start":0,"end":6,"url":null,"entity_id":"Q142","candidates":[]}],[{"start":0,"end":7,"url":null,"entity_id":"Q430087","candidates":[]}]],[[{"start":0,"end":40,"url":null,"entity_id":"Q20973837","candidates":[]}],[],[],[{"start":0,"end":24,"url":null,"entity_id":"Q75706","candidates":[]}],[{"start":0,"end":6,"url":null,"entity_id":"Q142","candidates":[]}],[{"start":0,"end":4,"url":null,"entity_id":"Q318259","candidates":[]}]]]}