{"version":"1.2","table":{"version":"2","table_id":"JDKNEE7K","columns":[{"index":0,"name":"col0","values":["dibutyl phosphate","Petroleum naphtha","HN-1","1,2,3-trimethylbenzene","pentachloroethane","allyl propyl disulfide","methyl isopropyl ketone","propylene glycol dinitrate","ethylene glycol dinitrate","chlorine dioxide","methylene chloride","mechlorethamine","hexachlorobutadiene","disulfoton","tetranitromethane","methoxyflurane","trichloroethylene","nitroglycerin","1,1,2-trichloroethane","trichloroethane"]},{"index":1,"name":"col1","values":["-13","-99","-3.4","-14","-29","5","-134","18","-8","-74","-139","-60","-21","-13","57","-36","-99","56","-34","-23"]},{"index":2,"name":"col2","values":["1","40","0.25","1","3","50","42","0.07","0.05","1","350","0.427","0.2","0.0002","8","23","58","0.0003","19","100"]}]},"context":{"page_title":null,"page_url":null,"page_entity_id":null,"content_hierarchy":[]},"links":[[[{"start":0,"end":17,"url":null,"entity_id":"Q7178974","candidates":[]}],[],[]],[[{"start":0,"end":4,"url":null,"entity_id":"Q5635296","candidates":[]}],[],[]],[[{"start":0,"end":22,"url":null,"entity_id":"Q4352416","candidates":[]}],[],[]],[[{"start":0,"end":17,"url":null,"entity_id":"Q4348652","candidates":[]}],[],[]],[[{"start":0,"end":22,"url":null,"entity_id":"Q4348232","candidates":[]}],[],[]],[[{"start":0,"end":23,"url":null,"entity_id":"Q2747560","candidates":[]}],[],[]],[[{"start":0,"end":26,"url":null,"entity_id":"Q2113171","candidates":[]}],[],[]],[[{"start":0,"end":25,"url":null,"entity_id":"Q572774","candidates":[]}],[],[]],[[{"start":0,"end":16,"url":null,"entity_id":"Q422080","candidates":[]}],[],[]],[[{"start":0,"end":18,"url":null,"entity_id":"Q421748","candidates":[]}],[],[]],[[{"start":0,"end":15,"url":null,"entity_id":"Q418011","candidates":[]}],[],[]],[[{"start":0,"end":19,"url":null,"entity_id":"Q416393","candidates":[]}],[],[]],[[{"start":0,"end":10,"url":null,"entity_id":"Q413904","candidates":[]}],[],[]],[[{"start":0,"end":17,"url":null,"entity_id":"Q412241","candidates":[]}],[],[]],[[{"start":0,"end":14,"url":null,"entity_id":"Q411594","candidates":[]}],[],[]],[[{"start":0,"end":17,"url":null,"entity_id":"Q407936","candidates":[]}],[],[]],[[{"start":0,"end":13,"url":null,"entity_id":"Q162867","candidates":[]}],[],[]],[[{"start":0,"end":21,"url":null,"entity_id":"Q161280","candidates":[]}],[],[]],[[{"start":0,"end":15,"url":null,"entity_id":"Q161268","candidates":[]}],[],[]],[[{"start":0,"end":17,"url":null,"entity_id":"Q20963648","candidates":[]}],[],[]]]}