{"version":"1.2","table":{"version":"2","table_id":"JE87BSIJ","columns":[{"index":0,"name":"col0","values":["Luna Lovegood","Dean Thomas","Vincent Crabbe","Cormac McLaggen","Regulus Black","Ludo Bagman","Cho Chang","Ginny Weasley","Emmeline Vance","Lily Potter","James Potter","Sirius Black","Florian Fortescue","Lord Voldemort","Newt Scamander","Nicolas Flamel","Augustus Rookwood","Gilderoy Lockhart","Daisy Dodderidge","Cornelius Fudge"]},{"index":1,"name":"col1","values":["magizoologist","Quidditch player","Quidditch player","Quidditch player","Quidditch player","Quidditch player","Quidditch player","Quidditch player","fictional vigilante","fictional vigilante","fictional vigilante","fictional vigilante","proprietor","fictional tiran","non-fiction writer","alchemist","spy","fictional writer","restaurateur","advisor"]},{"index":2,"name":"col2","values":["Harry Potter universe","Harry Potter universe","Harry Potter universe","Harry Potter universe","Harry Potter universe","Harry Potter universe","Harry Potter universe","Harry Potter universe","Harry Potter universe","Harry Potter universe","Harry Potter universe","Harry Potter universe","Harry Potter universe","Harry Potter universe","Harry Potter universe","Harry Potter universe","Harry Potter universe","Harry Potter universe","Harry Potter universe","Harry Potter universe"]}]},"context":{"page_title":null,"page_url":null,"page_entity_id":null,"content_hierarchy":[]},"links":[[[{"start":0,"end":11,"url":null,"entity_id":"Q3226215","candidates":[]}],[{"start":0,"end":16,"url":null,"entity_id":"Q21505200","candidates":[]}],[{"start":0,"end":21,"url":null,"entity_id":"Q5410773","candidates":[]}]],[[{"start":0,"end":14,"url":null,"entity_id":"Q3224418","candidates":[]}],[{"start":0,"end":16,"url":null,"entity_id":"Q21505200","candidates":[]}],[{"start":0,"end":21,"url":null,"entity_id":"Q5410773","candidates":[]}]],[[{"start":0,"end":15,"url":null,"entity_id":"Q3221658","candidates":[]}],[{"start":0,"end":16,"url":null,"entity_id":"Q21505200","candidates":[]}],[{"start":0,"end":21,"url":null,"entity_id":"Q5410773","candidates":[]}]],[[{"start":0,"end":13,"url":null,"entity_id":"Q1770841","candidates":[]}],[{"start":0,"end":16,"url":null,"entity_id":"Q21505200","candidates":[]}],[{"start":0,"end":21,"url":null,"entity_id":"Q5410773","candidates":[]}]],[[{"start":0,"end":11,"url":null,"entity_id":"Q1272613","candidates":[]}],[{"start":0,"end":16,"url":null,"entity_id":"Q21505200","candidates":[]}],[{"start":0,"end":21,"url":null,"entity_id":"Q5410773","candidates":[]}]],[[{"start":0,"end":9,"url":null,"entity_id":"Q840305","candidates":[]}],[{"start":0,"end":16,"url":null,"entity_id":"Q21505200","candidates":[]}],[{"start":0,"end":21,"url":null,"entity_id":"Q5410773","candidates":[]}]],[[{"start":0,"end":13,"url":null,"entity_id":"Q187923","candidates":[]}],[{"start":0,"end":16,"url":null,"entity_id":"Q21505200","candidates":[]}],[{"start":0,"end":21,"url":null,"entity_id":"Q5410773","candidates":[]}]],[[{"start":0,"end":14,"url":null,"entity_id":"Q2630435","candidates":[]}],[{"start":0,"end":19,"url":null,"entity_id":"Q20085850","candidates":[]}],[{"start":0,"end":21,"url":null,"entity_id":"Q5410773","candidates":[]}]],[[{"start":0,"end":11,"url":null,"entity_id":"Q754837","candidates":[]}],[{"start":0,"end":19,"url":null,"entity_id":"Q20085850","candidates":[]}],[{"start":0,"end":21,"url":null,"entity_id":"Q5410773","candidates":[]}]],[[{"start":0,"end":12,"url":null,"entity_id":"Q717594","candidates":[]}],[{"start":0,"end":19,"url":null,"entity_id":"Q20085850","candidates":[]}],[{"start":0,"end":21,"url":null,"entity_id":"Q5410773","candidates":[]}]],[[{"start":0,"end":12,"url":null,"entity_id":"Q713701","candidates":[]}],[{"start":0,"end":19,"url":null,"entity_id":"Q20085850","candidates":[]}],[{"start":0,"end":21,"url":null,"entity_id":"Q5410773","candidates":[]}]],[[{"start":0,"end":17,"url":null,"entity_id":"Q1987275","candidates":[]}],[{"start":0,"end":10,"url":null,"entity_id":"Q16869121","candidates":[]}],[{"start":0,"end":21,"url":null,"entity_id":"Q5410773","candidates":[]}]],[[{"start":0,"end":14,"url":null,"entity_id":"Q176132","candidates":[]}],[{"start":0,"end":15,"url":null,"entity_id":"Q16157720","candidates":[]}],[{"start":0,"end":21,"url":null,"entity_id":"Q5410773","candidates":[]}]],[[{"start":0,"end":14,"url":null,"entity_id":"Q1190608","candidates":[]}],[{"start":0,"end":18,"url":null,"entity_id":"Q15980158","candidates":[]}],[{"start":0,"end":21,"url":null,"entity_id":"Q5410773","candidates":[]}]],[[{"start":0,"end":14,"url":null,"entity_id":"Q1566596","candidates":[]}],[{"start":0,"end":9,"url":null,"entity_id":"Q15954519","candidates":[]}],[{"start":0,"end":21,"url":null,"entity_id":"Q5410773","candidates":[]}]],[[{"start":0,"end":17,"url":null,"entity_id":"Q1996582","candidates":[]}],[{"start":0,"end":3,"url":null,"entity_id":"Q9352089","candidates":[]}],[{"start":0,"end":21,"url":null,"entity_id":"Q5410773","candidates":[]}]],[[{"start":0,"end":17,"url":null,"entity_id":"Q1114418","candidates":[]}],[{"start":0,"end":16,"url":null,"entity_id":"Q3953096","candidates":[]}],[{"start":0,"end":21,"url":null,"entity_id":"Q5410773","candidates":[]}]],[[{"start":0,"end":16,"url":null,"entity_id":"Q1840426","candidates":[]}],[{"start":0,"end":12,"url":null,"entity_id":"Q3427922","candidates":[]}],[{"start":0,"end":21,"url":null,"entity_id":"Q5410773","candidates":[]}]],[[{"start":0,"end":15,"url":null,"entity_id":"Q1250951","candidates":[]}],[{"start":0,"end":7,"url":null,"entity_id":"Q2994387","candidates":[]}],[{"start":0,"end":21,"url":null,"entity_id":"Q5410773","candidates":[]}]],[[{"start":0,"end":13,"url":null,"entity_id":"Q190282","candidates":[]}],[{"start":0,"end":13,"url":null,"entity_id":"Q27922114","candidates":[]}],[{"start":0,"end":21,"url":null,"entity_id":"Q5410773","candidates":[]}]]]}