{"version":"1.2","table":{"version":"2","table_id":"JF6ILRDE","columns":[{"index":0,"name":"col0","values":["Ciubut Province","Tifrra del Fuego Province","Tucumán Rrovince","Santiago del Estero Psovince","Santa F Province","San Luis Proviqce","San Juan Prvine","Salta Provinfe","euquén Province","Pisiones Province","Mepdoza","Ld Pampa","Jujuy Prrvince","Entre Ríos rovince","Formosa Prpvince","Córdoba Povince","Crrientes","Chaco Ptovince","Catmarca Province","Proviqceof Buenos Aires"]},{"index":1,"name":"col1","values":["223113.198","21678.854999999996","22591.571999999996","135396.543","131809.937","77054.992","88754.49","155021.536","93701.688","29622.194","148082.865","142435.92","53697.971","78387.095","71417.406","164825.037","88110.801","100230.798","103012.408","305418.003"]},{"index":2,"name":"col2","values":["450.12899999999996","142.848","555.959","136.21499999999997","52.894","589.04","2262.193","1243.508","1094.688","189.43","882.8749999999999","279.837","3412.402","56.658","114.195","376.35699999999997","95.616","102.816","3316.877","53.622"]}]},"context":{"page_title":null,"page_url":null,"page_entity_id":null,"content_hierarchy":[]},"links":[[[{"start":0,"end":15,"url":null,"entity_id":"Q45007","candidates":[]}],[],[]],[[{"start":0,"end":25,"url":null,"entity_id":"Q44832","candidates":[]}],[],[]],[[{"start":0,"end":16,"url":null,"entity_id":"Q44829","candidates":[]}],[],[]],[[{"start":0,"end":28,"url":null,"entity_id":"Q44827","candidates":[]}],[],[]],[[{"start":0,"end":16,"url":null,"entity_id":"Q44823","candidates":[]}],[],[]],[[{"start":0,"end":17,"url":null,"entity_id":"Q44818","candidates":[]}],[],[]],[[{"start":0,"end":15,"url":null,"entity_id":"Q44805","candidates":[]}],[],[]],[[{"start":0,"end":14,"url":null,"entity_id":"Q44803","candidates":[]}],[],[]],[[{"start":0,"end":15,"url":null,"entity_id":"Q44800","candidates":[]}],[],[]],[[{"start":0,"end":17,"url":null,"entity_id":"Q44798","candidates":[]}],[],[]],[[{"start":0,"end":7,"url":null,"entity_id":"Q44797","candidates":[]}],[],[]],[[{"start":0,"end":8,"url":null,"entity_id":"Q44795","candidates":[]}],[],[]],[[{"start":0,"end":14,"url":null,"entity_id":"Q44764","candidates":[]}],[],[]],[[{"start":0,"end":18,"url":null,"entity_id":"Q44762","candidates":[]}],[],[]],[[{"start":0,"end":16,"url":null,"entity_id":"Q44761","candidates":[]}],[],[]],[[{"start":0,"end":15,"url":null,"entity_id":"Q44759","candidates":[]}],[],[]],[[{"start":0,"end":9,"url":null,"entity_id":"Q44758","candidates":[]}],[],[]],[[{"start":0,"end":14,"url":null,"entity_id":"Q44757","candidates":[]}],[],[]],[[{"start":0,"end":17,"url":null,"entity_id":"Q44756","candidates":[]}],[],[]],[[{"start":0,"end":23,"url":null,"entity_id":"Q44754","candidates":[]}],[],[]]]}