{"version":"1.2","table":{"version":"2","table_id":"JFIMB0H0","columns":[{"index":0,"name":"col0","values":["Kunigami","Kitagawa","Yahiko","Kazamaura","Higashidōri","Fudai","Takayama","Omi","Yamagata","Ogawa","Oshino","Yomogita","Nishimeya","Ikusaka","Sakegawa","Minamiminowa","Ōkura","Kariwa","Ueno","Hiraya"]},{"index":1,"name":"col1","values":["194.8","196.73","25.17","69.55","295.27","60.66","98.56","34.38","24.98","58.11","25.05","80.62","246.02","34.38","122.14","40.99","211.63","26.27","181.85","77.37"]},{"index":2,"name":"col2","values":["4617","1176","7800","1747","6105","2569","6700","2606","8295","2362","9242","2682","1360","1659","3933","15518","3053","4565","1089","418"]}]},"context":{"page_title":null,"page_url":null,"page_entity_id":null,"content_hierarchy":[]},"links":[[[{"start":0,"end":8,"url":null,"entity_id":"Q1350216","candidates":[]}],[],[]],[[{"start":0,"end":6,"url":null,"entity_id":"Q1349667","candidates":[]}],[],[]],[[{"start":0,"end":9,"url":null,"entity_id":"Q1349460","candidates":[]}],[],[]],[[{"start":0,"end":11,"url":null,"entity_id":"Q1349156","candidates":[]}],[],[]],[[{"start":0,"end":5,"url":null,"entity_id":"Q1349135","candidates":[]}],[],[]],[[{"start":0,"end":8,"url":null,"entity_id":"Q1349115","candidates":[]}],[],[]],[[{"start":0,"end":3,"url":null,"entity_id":"Q1349060","candidates":[]}],[],[]],[[{"start":0,"end":8,"url":null,"entity_id":"Q1348998","candidates":[]}],[],[]],[[{"start":0,"end":5,"url":null,"entity_id":"Q1348971","candidates":[]}],[],[]],[[{"start":0,"end":6,"url":null,"entity_id":"Q1348944","candidates":[]}],[],[]],[[{"start":0,"end":8,"url":null,"entity_id":"Q1347692","candidates":[]}],[],[]],[[{"start":0,"end":9,"url":null,"entity_id":"Q1347597","candidates":[]}],[],[]],[[{"start":0,"end":7,"url":null,"entity_id":"Q1347517","candidates":[]}],[],[]],[[{"start":0,"end":8,"url":null,"entity_id":"Q1347420","candidates":[]}],[],[]],[[{"start":0,"end":12,"url":null,"entity_id":"Q1347404","candidates":[]}],[],[]],[[{"start":0,"end":5,"url":null,"entity_id":"Q1347371","candidates":[]}],[],[]],[[{"start":0,"end":6,"url":null,"entity_id":"Q1347334","candidates":[]}],[],[]],[[{"start":0,"end":4,"url":null,"entity_id":"Q1346914","candidates":[]}],[],[]],[[{"start":0,"end":6,"url":null,"entity_id":"Q1346768","candidates":[]}],[],[]],[[{"start":0,"end":8,"url":null,"entity_id":"Q1350839","candidates":[]}],[],[]]]}