{"version":"1.2","table":{"version":"2","table_id":"JFVQMM5Y","columns":[{"index":0,"name":"col0","values":["Eleftro-Choc","GTA Poop","Jazz Nation Radio 18.5","GTA Spy Vheme","Westminster Wireles","Souod of Soho","Paradise FP","Jame Radio FM","Uhe Liberty Jam","K0Rose","Radio Los Sntos","Radio Espantos","adio Del Mundo","Wave 10","Fever105","Mastr Souns 98.3","Emotio 98.3","K-DST","Radio Los Satos","Raeio X"]},{"index":1,"name":"col1","values":["Grand Theft Auto IV","Grand Theft Auto: London, 1969","Grand Theft Auto IV","Grand Theft Auto: London, 1969","Grand Theft Auto: London, 1969","Grand Theft Auto: London, 1969","Grand Theft Auto: Vice City Stories","Grand Theft Auto III","Grand Theft Auto: Liberty City Stories","Grand Theft Auto: San Andreas","Grand Theft Auto: San Andreas","Grand Theft Auto: Vice City Stories","Grand Theft Auto: Liberty City Stories","Grand Theft Auto: Vice City Stories","Grand Theft Auto: Vice City","Grand Theft Auto: San Andreas","Grand Theft Auto: Vice City Stories","Grand Theft Auto: San Andreas","Grand Theft Auto V","Grand Theft Auto: San Andreas"]},{"index":2,"name":"col2","values":["electronic music","classical music","jazz","jazz","jazz","jazz","post-disco","East Coast hip hop","gangsta rap","country rock","West Coast hip hop","salsa","world music","new wave","soul music","soul music","hard rock","hard rock","hip hop music","grunge"]}]},"context":{"page_title":null,"page_url":null,"page_entity_id":null,"content_hierarchy":[]},"links":[[[{"start":0,"end":12,"url":null,"entity_id":"Q81935217","candidates":[]}],[{"start":0,"end":19,"url":null,"entity_id":"Q94797","candidates":[]}],[{"start":0,"end":16,"url":null,"entity_id":"Q9778","candidates":[]}]],[[{"start":0,"end":8,"url":null,"entity_id":"Q81930198","candidates":[]}],[{"start":0,"end":30,"url":null,"entity_id":"Q19431","candidates":[]}],[{"start":0,"end":15,"url":null,"entity_id":"Q9730","candidates":[]}]],[[{"start":0,"end":22,"url":null,"entity_id":"Q81932414","candidates":[]}],[{"start":0,"end":19,"url":null,"entity_id":"Q94797","candidates":[]}],[{"start":0,"end":4,"url":null,"entity_id":"Q8341","candidates":[]}]],[[{"start":0,"end":13,"url":null,"entity_id":"Q81930302","candidates":[]}],[{"start":0,"end":30,"url":null,"entity_id":"Q19431","candidates":[]}],[{"start":0,"end":4,"url":null,"entity_id":"Q8341","candidates":[]}]],[[{"start":0,"end":19,"url":null,"entity_id":"Q81929975","candidates":[]}],[{"start":0,"end":30,"url":null,"entity_id":"Q19431","candidates":[]}],[{"start":0,"end":4,"url":null,"entity_id":"Q8341","candidates":[]}]],[[{"start":0,"end":13,"url":null,"entity_id":"Q81929650","candidates":[]}],[{"start":0,"end":30,"url":null,"entity_id":"Q19431","candidates":[]}],[{"start":0,"end":4,"url":null,"entity_id":"Q8341","candidates":[]}]],[[{"start":0,"end":11,"url":null,"entity_id":"Q81548325","candidates":[]}],[{"start":0,"end":35,"url":null,"entity_id":"Q94640","candidates":[]}],[{"start":0,"end":10,"url":null,"entity_id":"Q1190485","candidates":[]}]],[[{"start":0,"end":13,"url":null,"entity_id":"Q81314562","candidates":[]}],[{"start":0,"end":20,"url":null,"entity_id":"Q149106","candidates":[]}],[{"start":0,"end":18,"url":null,"entity_id":"Q876171","candidates":[]}]],[[{"start":0,"end":15,"url":null,"entity_id":"Q81548868","candidates":[]}],[{"start":0,"end":38,"url":null,"entity_id":"Q94778","candidates":[]}],[{"start":0,"end":11,"url":null,"entity_id":"Q753679","candidates":[]}]],[[{"start":0,"end":6,"url":null,"entity_id":"Q81214423","candidates":[]}],[{"start":0,"end":29,"url":null,"entity_id":"Q83265","candidates":[]}],[{"start":0,"end":12,"url":null,"entity_id":"Q613408","candidates":[]}]],[[{"start":0,"end":15,"url":null,"entity_id":"Q81214692","candidates":[]}],[{"start":0,"end":29,"url":null,"entity_id":"Q83265","candidates":[]}],[{"start":0,"end":18,"url":null,"entity_id":"Q429264","candidates":[]}]],[[{"start":0,"end":14,"url":null,"entity_id":"Q81447443","candidates":[]}],[{"start":0,"end":35,"url":null,"entity_id":"Q94640","candidates":[]}],[{"start":0,"end":5,"url":null,"entity_id":"Q208239","candidates":[]}]],[[{"start":0,"end":14,"url":null,"entity_id":"Q81548624","candidates":[]}],[{"start":0,"end":38,"url":null,"entity_id":"Q94778","candidates":[]}],[{"start":0,"end":11,"url":null,"entity_id":"Q205049","candidates":[]}]],[[{"start":0,"end":7,"url":null,"entity_id":"Q81547874","candidates":[]}],[{"start":0,"end":35,"url":null,"entity_id":"Q94640","candidates":[]}],[{"start":0,"end":8,"url":null,"entity_id":"Q187760","candidates":[]}]],[[{"start":0,"end":8,"url":null,"entity_id":"Q81547591","candidates":[]}],[{"start":0,"end":27,"url":null,"entity_id":"Q94671","candidates":[]}],[{"start":0,"end":10,"url":null,"entity_id":"Q131272","candidates":[]}]],[[{"start":0,"end":16,"url":null,"entity_id":"Q81559488","candidates":[]}],[{"start":0,"end":29,"url":null,"entity_id":"Q83265","candidates":[]}],[{"start":0,"end":10,"url":null,"entity_id":"Q131272","candidates":[]}]],[[{"start":0,"end":11,"url":null,"entity_id":"Q81447865","candidates":[]}],[{"start":0,"end":35,"url":null,"entity_id":"Q94640","candidates":[]}],[{"start":0,"end":9,"url":null,"entity_id":"Q83270","candidates":[]}]],[[{"start":0,"end":5,"url":null,"entity_id":"Q81558823","candidates":[]}],[{"start":0,"end":29,"url":null,"entity_id":"Q83265","candidates":[]}],[{"start":0,"end":9,"url":null,"entity_id":"Q83270","candidates":[]}]],[[{"start":0,"end":15,"url":null,"entity_id":"Q81214991","candidates":[]}],[{"start":0,"end":18,"url":null,"entity_id":"Q17452","candidates":[]}],[{"start":0,"end":13,"url":null,"entity_id":"Q11401","candidates":[]}]],[[{"start":0,"end":7,"url":null,"entity_id":"Q81559143","candidates":[]}],[{"start":0,"end":29,"url":null,"entity_id":"Q83265","candidates":[]}],[{"start":0,"end":6,"url":null,"entity_id":"Q11365","candidates":[]}]]]}