{"version":"1.2","table":{"version":"2","table_id":"JH7NKSLP","columns":[{"index":0,"name":"col0","values":["Statue of Saint John of Nepomuk in Šeberov","Statue of Saint Florian in Koloděje","statue of Saint John of Nepomuk","Statue of Saint Philip Neri (Prague)","Statue of Saint Anne in Hodkovice nad Mohelkou","Statue of Saint John of Nepomuk","Statue of John Lawrence, 1st Baron Lawrence","Statue of John Fox Burgoyne","Statue of Florence Nightingale","Statue of Sidney Herbert","Greek Runner","Statue of Abraham Lincoln","Franklin Delano Roosevelt Memorial","Statue of George Washington","Nymph","Statue of Karel Havlíček Borovský, Prague","Statue of John the Baptist, Maltézské Square","Statue of John Cartwright","Statue of Colin Campbell, 1st Baron Clyde","Statue of Prince Edward Augustus, Duke of Kent"]},{"index":1,"name":"col1","values":["K Hrnčířům","U Floriána","Radnické schody","Hradčany Square","K. H. Borovského","Rychnovská","Waterloo Place","Waterloo Place","Waterloo Place","Waterloo Place","St Peter's Square","Parliament Square","Grosvenor Square","Trafalgar Square","Berkeley Square","Havlíčkovo náměstí","Maltézské náměstí","Cartwright Gardens","Waterloo Place","Park Crescent"]},{"index":2,"name":"col2","values":["cultural monument of the Czech Republic","cultural monument of the Czech Republic","cultural monument of the Czech Republic","cultural monument of the Czech Republic","cultural monument of the Czech Republic","cultural monument of the Czech Republic","Grade II listed building","Grade II listed building","Grade II listed building","Grade II listed building","Grade II listed building","Grade II listed building","Grade II listed building","Grade II listed building","Grade II listed building","cultural monument of the Czech Republic","cultural monument of the Czech Republic","Grade II listed building","Grade II listed building","Grade II listed building"]}]},"context":{"page_title":null,"page_url":null,"page_entity_id":null,"content_hierarchy":[]},"links":[[[{"start":0,"end":42,"url":null,"entity_id":"Q38229866","candidates":[]}],[{"start":0,"end":10,"url":null,"entity_id":"Q43387985","candidates":[]}],[{"start":0,"end":39,"url":null,"entity_id":"Q385405","candidates":[]}]],[[{"start":0,"end":35,"url":null,"entity_id":"Q37424643","candidates":[]}],[{"start":0,"end":10,"url":null,"entity_id":"Q46028866","candidates":[]}],[{"start":0,"end":39,"url":null,"entity_id":"Q385405","candidates":[]}]],[[{"start":0,"end":31,"url":null,"entity_id":"Q37290607","candidates":[]}],[{"start":0,"end":15,"url":null,"entity_id":"Q6810015","candidates":[]}],[{"start":0,"end":39,"url":null,"entity_id":"Q385405","candidates":[]}]],[[{"start":0,"end":36,"url":null,"entity_id":"Q37290656","candidates":[]}],[{"start":0,"end":15,"url":null,"entity_id":"Q225293","candidates":[]}],[{"start":0,"end":39,"url":null,"entity_id":"Q385405","candidates":[]}]],[[{"start":0,"end":46,"url":null,"entity_id":"Q37279354","candidates":[]}],[{"start":0,"end":16,"url":null,"entity_id":"Q45186388","candidates":[]}],[{"start":0,"end":39,"url":null,"entity_id":"Q385405","candidates":[]}]],[[{"start":0,"end":31,"url":null,"entity_id":"Q37279132","candidates":[]}],[{"start":0,"end":10,"url":null,"entity_id":"Q43571735","candidates":[]}],[{"start":0,"end":39,"url":null,"entity_id":"Q385405","candidates":[]}]],[[{"start":0,"end":43,"url":null,"entity_id":"Q26319142","candidates":[]}],[{"start":0,"end":14,"url":null,"entity_id":"Q18380255","candidates":[]}],[{"start":0,"end":24,"url":null,"entity_id":"Q15700834","candidates":[]}]],[[{"start":0,"end":27,"url":null,"entity_id":"Q26319140","candidates":[]}],[{"start":0,"end":14,"url":null,"entity_id":"Q18380255","candidates":[]}],[{"start":0,"end":24,"url":null,"entity_id":"Q15700834","candidates":[]}]],[[{"start":0,"end":30,"url":null,"entity_id":"Q25311639","candidates":[]}],[{"start":0,"end":14,"url":null,"entity_id":"Q18380255","candidates":[]}],[{"start":0,"end":24,"url":null,"entity_id":"Q15700834","candidates":[]}]],[[{"start":0,"end":24,"url":null,"entity_id":"Q25311606","candidates":[]}],[{"start":0,"end":14,"url":null,"entity_id":"Q18380255","candidates":[]}],[{"start":0,"end":24,"url":null,"entity_id":"Q15700834","candidates":[]}]],[[{"start":0,"end":12,"url":null,"entity_id":"Q26353472","candidates":[]}],[{"start":0,"end":17,"url":null,"entity_id":"Q7595336","candidates":[]}],[{"start":0,"end":24,"url":null,"entity_id":"Q15700834","candidates":[]}]],[[{"start":0,"end":25,"url":null,"entity_id":"Q25338500","candidates":[]}],[{"start":0,"end":17,"url":null,"entity_id":"Q1368556","candidates":[]}],[{"start":0,"end":24,"url":null,"entity_id":"Q15700834","candidates":[]}]],[[{"start":0,"end":34,"url":null,"entity_id":"Q25339025","candidates":[]}],[{"start":0,"end":16,"url":null,"entity_id":"Q932992","candidates":[]}],[{"start":0,"end":24,"url":null,"entity_id":"Q15700834","candidates":[]}]],[[{"start":0,"end":27,"url":null,"entity_id":"Q25338492","candidates":[]}],[{"start":0,"end":16,"url":null,"entity_id":"Q129143","candidates":[]}],[{"start":0,"end":24,"url":null,"entity_id":"Q15700834","candidates":[]}]],[[{"start":0,"end":5,"url":null,"entity_id":"Q26319377","candidates":[]}],[{"start":0,"end":15,"url":null,"entity_id":"Q127212","candidates":[]}],[{"start":0,"end":24,"url":null,"entity_id":"Q15700834","candidates":[]}]],[[{"start":0,"end":41,"url":null,"entity_id":"Q26237877","candidates":[]}],[{"start":0,"end":18,"url":null,"entity_id":"Q45258064","candidates":[]}],[{"start":0,"end":39,"url":null,"entity_id":"Q385405","candidates":[]}]],[[{"start":0,"end":44,"url":null,"entity_id":"Q26237879","candidates":[]}],[{"start":0,"end":17,"url":null,"entity_id":"Q15631173","candidates":[]}],[{"start":0,"end":39,"url":null,"entity_id":"Q385405","candidates":[]}]],[[{"start":0,"end":25,"url":null,"entity_id":"Q27081883","candidates":[]}],[{"start":0,"end":18,"url":null,"entity_id":"Q19600673","candidates":[]}],[{"start":0,"end":24,"url":null,"entity_id":"Q15700834","candidates":[]}]],[[{"start":0,"end":41,"url":null,"entity_id":"Q27083599","candidates":[]}],[{"start":0,"end":14,"url":null,"entity_id":"Q18380255","candidates":[]}],[{"start":0,"end":24,"url":null,"entity_id":"Q15700834","candidates":[]}]],[[{"start":0,"end":46,"url":null,"entity_id":"Q27081122","candidates":[]}],[{"start":0,"end":13,"url":null,"entity_id":"Q7137707","candidates":[]}],[{"start":0,"end":24,"url":null,"entity_id":"Q15700834","candidates":[]}]]]}