{"version":"1.2","table":{"version":"2","table_id":"JHB1ZBWZ","columns":[{"index":0,"name":"col0","values":["Champigny-sur-Marne","Zlín","Dobrich","Mikkeli","Gyumri","Salavat","Asnières-sur-Seine","Lelystad","Martin","Vitry-sur-Seine","Kandahar","Port of Spain","Constanța","Patras","La Plata","Vaughan","Alcalá de Henares","St. Pölten","Katowice","Venice"]},{"index":1,"name":"col1","values":["France","Czech Republic","Bulgaria","Finland","Armenia","Russia","France","Netherlands","Slovakia","France","Afghanistan","Trinidad and Tobago","Romania","Greece","Argentina","Canada","Spain","Austria","Poland","Italy"]},{"index":2,"name":"col2","values":["Marne","Klement Gottwald","Dobrotitsa","Michael the Archangel","Vladimir Lenin","Salawat Yulayev","Seine","Cornelis Lely","Martin of Tours","Seine","Alexander the Great","Spain","Flavia Julia Constantia","Patreus","Eva Perón","Benjamin Vaughan","Henares river","Hippolytus","Joseph Stalin","Veneti"]},{"index":3,"name":"col3","values":["Christian Fautré","Jiří Korec","Yordan Toshkov Yordanov","Kimmo Mikander","Samvel Balasanyan","Farit Gilmanov","Manuel Aeschlimann","Ina Adema","Ján Danko","Jean-Claude Kennedy","Zalmai Wesa","Prime Minister of Trinidad and Tobago","Decebal Făgădău","Kostas Peletidis","Julio Garro","Maurizio Bevilacqua","Javier Rodríguez Palacios","Matthias Stadler","Marcin Krupa","Luigi Brugnaro"]}]},"context":{"page_title":null,"page_url":null,"page_entity_id":null,"content_hierarchy":[]},"links":[[[{"start":0,"end":19,"url":null,"entity_id":"Q192378","candidates":[]}],[{"start":0,"end":6,"url":null,"entity_id":"Q142","candidates":[]}],[{"start":0,"end":5,"url":null,"entity_id":"Q41983","candidates":[]}],[{"start":0,"end":16,"url":null,"entity_id":"Q62078127","candidates":[]}]],[[{"start":0,"end":4,"url":null,"entity_id":"Q171018","candidates":[]}],[{"start":0,"end":14,"url":null,"entity_id":"Q213","candidates":[]}],[{"start":0,"end":16,"url":null,"entity_id":"Q296054","candidates":[]}],[{"start":0,"end":10,"url":null,"entity_id":"Q57956036","candidates":[]}]],[[{"start":0,"end":7,"url":null,"entity_id":"Q168668","candidates":[]}],[{"start":0,"end":8,"url":null,"entity_id":"Q219","candidates":[]}],[{"start":0,"end":10,"url":null,"entity_id":"Q2637954","candidates":[]}],[{"start":0,"end":23,"url":null,"entity_id":"Q55077342","candidates":[]}]],[[{"start":0,"end":7,"url":null,"entity_id":"Q190583","candidates":[]}],[{"start":0,"end":7,"url":null,"entity_id":"Q33","candidates":[]}],[{"start":0,"end":21,"url":null,"entity_id":"Q45581","candidates":[]}],[{"start":0,"end":14,"url":null,"entity_id":"Q18517350","candidates":[]}]],[[{"start":0,"end":6,"url":null,"entity_id":"Q199500","candidates":[]}],[{"start":0,"end":7,"url":null,"entity_id":"Q399","candidates":[]}],[{"start":0,"end":14,"url":null,"entity_id":"Q1394","candidates":[]}],[{"start":0,"end":17,"url":null,"entity_id":"Q7413140","candidates":[]}]],[[{"start":0,"end":7,"url":null,"entity_id":"Q193443","candidates":[]}],[{"start":0,"end":6,"url":null,"entity_id":"Q159","candidates":[]}],[{"start":0,"end":15,"url":null,"entity_id":"Q81445","candidates":[]}],[{"start":0,"end":14,"url":null,"entity_id":"Q4138362","candidates":[]}]],[[{"start":0,"end":18,"url":null,"entity_id":"Q191415","candidates":[]}],[{"start":0,"end":6,"url":null,"entity_id":"Q142","candidates":[]}],[{"start":0,"end":5,"url":null,"entity_id":"Q1471","candidates":[]}],[{"start":0,"end":18,"url":null,"entity_id":"Q3286733","candidates":[]}]],[[{"start":0,"end":8,"url":null,"entity_id":"Q166065","candidates":[]}],[{"start":0,"end":11,"url":null,"entity_id":"Q55","candidates":[]}],[{"start":0,"end":13,"url":null,"entity_id":"Q983342","candidates":[]}],[{"start":0,"end":9,"url":null,"entity_id":"Q1996729","candidates":[]}]],[[{"start":0,"end":6,"url":null,"entity_id":"Q27001","candidates":[]}],[{"start":0,"end":8,"url":null,"entity_id":"Q214","candidates":[]}],[{"start":0,"end":15,"url":null,"entity_id":"Q133704","candidates":[]}],[{"start":0,"end":9,"url":null,"entity_id":"Q55579479","candidates":[]}]],[[{"start":0,"end":15,"url":null,"entity_id":"Q72248","candidates":[]}],[{"start":0,"end":6,"url":null,"entity_id":"Q142","candidates":[]}],[{"start":0,"end":5,"url":null,"entity_id":"Q1471","candidates":[]}],[{"start":0,"end":19,"url":null,"entity_id":"Q55088313","candidates":[]}]],[[{"start":0,"end":8,"url":null,"entity_id":"Q45604","candidates":[]}],[{"start":0,"end":11,"url":null,"entity_id":"Q889","candidates":[]}],[{"start":0,"end":19,"url":null,"entity_id":"Q8409","candidates":[]}],[{"start":0,"end":11,"url":null,"entity_id":"Q31819380","candidates":[]}]],[[{"start":0,"end":13,"url":null,"entity_id":"Q39178","candidates":[]}],[{"start":0,"end":19,"url":null,"entity_id":"Q754","candidates":[]}],[{"start":0,"end":5,"url":null,"entity_id":"Q29","candidates":[]}],[{"start":0,"end":37,"url":null,"entity_id":"Q30101326","candidates":[]}]],[[{"start":0,"end":9,"url":null,"entity_id":"Q79808","candidates":[]}],[{"start":0,"end":7,"url":null,"entity_id":"Q218","candidates":[]}],[{"start":0,"end":23,"url":null,"entity_id":"Q238023","candidates":[]}],[{"start":0,"end":15,"url":null,"entity_id":"Q25932124","candidates":[]}]],[[{"start":0,"end":6,"url":null,"entity_id":"Q133123","candidates":[]}],[{"start":0,"end":6,"url":null,"entity_id":"Q41","candidates":[]}],[{"start":0,"end":7,"url":null,"entity_id":"Q7145232","candidates":[]}],[{"start":0,"end":16,"url":null,"entity_id":"Q17401802","candidates":[]}]],[[{"start":0,"end":8,"url":null,"entity_id":"Q44059","candidates":[]}],[{"start":0,"end":9,"url":null,"entity_id":"Q414","candidates":[]}],[{"start":0,"end":9,"url":null,"entity_id":"Q40933","candidates":[]}],[{"start":0,"end":11,"url":null,"entity_id":"Q5955314","candidates":[]}]],[[{"start":0,"end":7,"url":null,"entity_id":"Q44013","candidates":[]}],[{"start":0,"end":6,"url":null,"entity_id":"Q16","candidates":[]}],[{"start":0,"end":16,"url":null,"entity_id":"Q4889328","candidates":[]}],[{"start":0,"end":19,"url":null,"entity_id":"Q3301682","candidates":[]}]],[[{"start":0,"end":17,"url":null,"entity_id":"Q46940","candidates":[]}],[{"start":0,"end":5,"url":null,"entity_id":"Q29","candidates":[]}],[{"start":0,"end":13,"url":null,"entity_id":"Q16510","candidates":[]}],[{"start":0,"end":25,"url":null,"entity_id":"Q2885098","candidates":[]}]],[[{"start":0,"end":10,"url":null,"entity_id":"Q82500","candidates":[]}],[{"start":0,"end":7,"url":null,"entity_id":"Q40","candidates":[]}],[{"start":0,"end":10,"url":null,"entity_id":"Q207113","candidates":[]}],[{"start":0,"end":16,"url":null,"entity_id":"Q1910325","candidates":[]}]],[[{"start":0,"end":8,"url":null,"entity_id":"Q588","candidates":[]}],[{"start":0,"end":6,"url":null,"entity_id":"Q36","candidates":[]}],[{"start":0,"end":13,"url":null,"entity_id":"Q855","candidates":[]}],[{"start":0,"end":12,"url":null,"entity_id":"Q19691319","candidates":[]}]],[[{"start":0,"end":6,"url":null,"entity_id":"Q641","candidates":[]}],[{"start":0,"end":5,"url":null,"entity_id":"Q38","candidates":[]}],[{"start":0,"end":6,"url":null,"entity_id":"Q847760","candidates":[]}],[{"start":0,"end":14,"url":null,"entity_id":"Q17490240","candidates":[]}]]]}