{"version":"1.2","table":{"version":"2","table_id":"JHS1S429","columns":[{"index":0,"name":"col0","values":["EMD TR6","EMD TR5","China Railways SS4B","China Railways SS3C","China Railways SS4C","LNWR Teutonic class","LNWR Dreadnought Class","LNWR John Hick Class","LNWR Greater Britain Class","MD 301","Indonesian B20 class locomotives","PbSM 1 to 10","North Eastern Railway 13","East London Harbour Board 0-4-0VBT","Indonesian B12 class locomotives","South African Class Experimental AC","Soviet Railways 2ТЭ10У","Soviet Railways 2ТЭ10М","Soviet Railways 2ТЭ10В","Soviet Railways 2ТЭ10"]},{"index":1,"name":"col1","values":["Electro-Motive Diesel","Electro-Motive Diesel","CRRC Zhuzhou Electric Locomotive","CRRC Taiyuan Co.,Ltd.","CRRC Zhuzhou Electric Locomotive","Crewe Works","Crewe Works","Crewe Works","Crewe Works","Hohenzollern Locomotive Works","Beyer, Peacock and Company","Hohenzollern Locomotive Works","Darlington Works","Alexander Chaplin and Company","Beyer, Peacock and Company","Union Carriage & Wagon","Luhanskteplovoz","Luhanskteplovoz","Luhanskteplovoz","Luhanskteplovoz"]},{"index":2,"name":"col2","values":["diesel-electric locomotive","diesel-electric locomotive","electric locomotive","electric locomotive","electric locomotive","compound locomotive","compound locomotive","compound locomotive","compound locomotive","tank locomotive","tank locomotive","tank locomotive","electric locomotive","tank locomotive","tank locomotive","electric locomotive","diesel-electric locomotive","diesel-electric locomotive","diesel-electric locomotive","diesel-electric locomotive"]},{"index":3,"name":"col3","values":["Cow-calf","Cow-calf","double locomotive","prototype","prototype","Duplex locomotive","Duplex locomotive","Duplex locomotive","Duplex locomotive","preserved steam locomotive","bi-cabine","bi-cabine","prototype","vertical boiler","bi-cabine","prototype","double locomotive","double locomotive","double locomotive","double locomotive"]}]},"context":{"page_title":null,"page_url":null,"page_entity_id":null,"content_hierarchy":[]},"links":[[[{"start":0,"end":7,"url":null,"entity_id":"Q73279306","candidates":[]}],[{"start":0,"end":21,"url":null,"entity_id":"Q568501","candidates":[]}],[{"start":0,"end":26,"url":null,"entity_id":"Q19842071","candidates":[]}],[{"start":0,"end":8,"url":null,"entity_id":"Q5179381","candidates":[]}]],[[{"start":0,"end":7,"url":null,"entity_id":"Q73278839","candidates":[]}],[{"start":0,"end":21,"url":null,"entity_id":"Q568501","candidates":[]}],[{"start":0,"end":26,"url":null,"entity_id":"Q19842071","candidates":[]}],[{"start":0,"end":8,"url":null,"entity_id":"Q5179381","candidates":[]}]],[[{"start":0,"end":19,"url":null,"entity_id":"Q15900115","candidates":[]}],[{"start":0,"end":32,"url":null,"entity_id":"Q840960","candidates":[]}],[{"start":0,"end":19,"url":null,"entity_id":"Q625151","candidates":[]}],[{"start":0,"end":17,"url":null,"entity_id":"Q656105","candidates":[]}]],[[{"start":0,"end":19,"url":null,"entity_id":"Q15904957","candidates":[]}],[{"start":0,"end":21,"url":null,"entity_id":"Q10941074","candidates":[]}],[{"start":0,"end":19,"url":null,"entity_id":"Q625151","candidates":[]}],[{"start":0,"end":9,"url":null,"entity_id":"Q207977","candidates":[]}]],[[{"start":0,"end":19,"url":null,"entity_id":"Q15903947","candidates":[]}],[{"start":0,"end":32,"url":null,"entity_id":"Q840960","candidates":[]}],[{"start":0,"end":19,"url":null,"entity_id":"Q625151","candidates":[]}],[{"start":0,"end":9,"url":null,"entity_id":"Q207977","candidates":[]}]],[[{"start":0,"end":19,"url":null,"entity_id":"Q24238215","candidates":[]}],[{"start":0,"end":11,"url":null,"entity_id":"Q5184831","candidates":[]}],[{"start":0,"end":19,"url":null,"entity_id":"Q617792","candidates":[]}],[{"start":0,"end":17,"url":null,"entity_id":"Q919956","candidates":[]}]],[[{"start":0,"end":22,"url":null,"entity_id":"Q24232017","candidates":[]}],[{"start":0,"end":11,"url":null,"entity_id":"Q5184831","candidates":[]}],[{"start":0,"end":19,"url":null,"entity_id":"Q617792","candidates":[]}],[{"start":0,"end":17,"url":null,"entity_id":"Q919956","candidates":[]}]],[[{"start":0,"end":20,"url":null,"entity_id":"Q29882251","candidates":[]}],[{"start":0,"end":11,"url":null,"entity_id":"Q5184831","candidates":[]}],[{"start":0,"end":19,"url":null,"entity_id":"Q617792","candidates":[]}],[{"start":0,"end":17,"url":null,"entity_id":"Q919956","candidates":[]}]],[[{"start":0,"end":26,"url":null,"entity_id":"Q29876512","candidates":[]}],[{"start":0,"end":11,"url":null,"entity_id":"Q5184831","candidates":[]}],[{"start":0,"end":19,"url":null,"entity_id":"Q617792","candidates":[]}],[{"start":0,"end":17,"url":null,"entity_id":"Q919956","candidates":[]}]],[[{"start":0,"end":6,"url":null,"entity_id":"Q15604392","candidates":[]}],[{"start":0,"end":29,"url":null,"entity_id":"Q422111","candidates":[]}],[{"start":0,"end":15,"url":null,"entity_id":"Q785745","candidates":[]}],[{"start":0,"end":26,"url":null,"entity_id":"Q27955408","candidates":[]}]],[[{"start":0,"end":32,"url":null,"entity_id":"Q12472988","candidates":[]}],[{"start":0,"end":26,"url":null,"entity_id":"Q853110","candidates":[]}],[{"start":0,"end":15,"url":null,"entity_id":"Q785745","candidates":[]}],[{"start":0,"end":9,"url":null,"entity_id":"Q2900721","candidates":[]}]],[[{"start":0,"end":12,"url":null,"entity_id":"Q12472987","candidates":[]}],[{"start":0,"end":29,"url":null,"entity_id":"Q422111","candidates":[]}],[{"start":0,"end":15,"url":null,"entity_id":"Q785745","candidates":[]}],[{"start":0,"end":9,"url":null,"entity_id":"Q2900721","candidates":[]}]],[[{"start":0,"end":24,"url":null,"entity_id":"Q12857861","candidates":[]}],[{"start":0,"end":16,"url":null,"entity_id":"Q5224013","candidates":[]}],[{"start":0,"end":19,"url":null,"entity_id":"Q625151","candidates":[]}],[{"start":0,"end":9,"url":null,"entity_id":"Q207977","candidates":[]}]],[[{"start":0,"end":34,"url":null,"entity_id":"Q17054777","candidates":[]}],[{"start":0,"end":29,"url":null,"entity_id":"Q59645298","candidates":[]}],[{"start":0,"end":15,"url":null,"entity_id":"Q785745","candidates":[]}],[{"start":0,"end":15,"url":null,"entity_id":"Q7922819","candidates":[]}]],[[{"start":0,"end":32,"url":null,"entity_id":"Q19737625","candidates":[]}],[{"start":0,"end":26,"url":null,"entity_id":"Q853110","candidates":[]}],[{"start":0,"end":15,"url":null,"entity_id":"Q785745","candidates":[]}],[{"start":0,"end":9,"url":null,"entity_id":"Q2900721","candidates":[]}]],[[{"start":0,"end":35,"url":null,"entity_id":"Q7565620","candidates":[]}],[{"start":0,"end":22,"url":null,"entity_id":"Q7885459","candidates":[]}],[{"start":0,"end":19,"url":null,"entity_id":"Q625151","candidates":[]}],[{"start":0,"end":9,"url":null,"entity_id":"Q207977","candidates":[]}]],[[{"start":0,"end":22,"url":null,"entity_id":"Q16320961","candidates":[]}],[{"start":0,"end":15,"url":null,"entity_id":"Q289728","candidates":[]}],[{"start":0,"end":26,"url":null,"entity_id":"Q19842071","candidates":[]}],[{"start":0,"end":17,"url":null,"entity_id":"Q656105","candidates":[]}]],[[{"start":0,"end":22,"url":null,"entity_id":"Q16320960","candidates":[]}],[{"start":0,"end":15,"url":null,"entity_id":"Q289728","candidates":[]}],[{"start":0,"end":26,"url":null,"entity_id":"Q19842071","candidates":[]}],[{"start":0,"end":17,"url":null,"entity_id":"Q656105","candidates":[]}]],[[{"start":0,"end":22,"url":null,"entity_id":"Q16320958","candidates":[]}],[{"start":0,"end":15,"url":null,"entity_id":"Q289728","candidates":[]}],[{"start":0,"end":26,"url":null,"entity_id":"Q19842071","candidates":[]}],[{"start":0,"end":17,"url":null,"entity_id":"Q656105","candidates":[]}]],[[{"start":0,"end":21,"url":null,"entity_id":"Q16320957","candidates":[]}],[{"start":0,"end":15,"url":null,"entity_id":"Q289728","candidates":[]}],[{"start":0,"end":26,"url":null,"entity_id":"Q19842071","candidates":[]}],[{"start":0,"end":17,"url":null,"entity_id":"Q656105","candidates":[]}]]]}