{"version":"1.2","table":{"version":"2","table_id":"JI8WD44E","columns":[{"index":0,"name":"col0","values":["AMD AthlonMP Cluster 1.667 GHz","Cluster P4 Xeon 2.4 GHz","P4 Cluster 1.7 GHz","BioCORTEX AMD 1.533 GHz","P4 Xeon Cluster 2 GHz","Cluster Platform 6000 rx2600 Itanium2 900 MHz Cluster","Evolocity (TM) Xeon 2.4 GHz","AMD AthlonMP 1.7 GHz","BladeCenter HS20 Cluster, Xeon EM64T 3.2 GHz","MCR Linux Cluster Xeon 2.4 GHz","1200X P4 Xeon 2.2 GHz","1200X P4 Xeon 2.2 GHz","PowerEdge 2650 Cluster P4 Xeon 2.4 GHz","P4 Cluster 1.7 GHz","P4 Xeon Cluster 2 GHz","Vplant Cluster P4 XEON 2.4/2.0 GHz","PowerEdge 2650 Cluster P4 Xeon 2.4 GHz","BladeCenter HS20 Cluster, Xeon EM64T 3.2 GHz","BladeCenter HS20 Cluster, Xeon EM64T 3.2 GHz","BladeCenter HS20 Cluster, Xeon EM64T 3.2 GHz"]},{"index":1,"name":"col1","values":["Myrinet","Myrinet","Myrinet","Myrinet","Myrinet","Myrinet","Myrinet","Myrinet","Myrinet","Quadrics","Myrinet","Myrinet","Myrinet","Myrinet","Myrinet","Myrinet","Myrinet","Myrinet","Myrinet","Myrinet"]},{"index":2,"name":"col2","values":["Linux","Linux","Linux","Linux","Linux","Linux","Linux","Linux","Linux","Linux","Linux","Linux","Linux","Linux","Linux","Linux","Linux","Linux","Linux","Linux"]}]},"context":{"page_title":null,"page_url":null,"page_entity_id":null,"content_hierarchy":[]},"links":[[[{"start":0,"end":30,"url":null,"entity_id":"Q71699765","candidates":[]}],[{"start":0,"end":7,"url":null,"entity_id":"Q1863181","candidates":[]}],[{"start":0,"end":5,"url":null,"entity_id":"Q388","candidates":[]}]],[[{"start":0,"end":23,"url":null,"entity_id":"Q71991152","candidates":[]}],[{"start":0,"end":7,"url":null,"entity_id":"Q1863181","candidates":[]}],[{"start":0,"end":5,"url":null,"entity_id":"Q388","candidates":[]}]],[[{"start":0,"end":18,"url":null,"entity_id":"Q71981984","candidates":[]}],[{"start":0,"end":7,"url":null,"entity_id":"Q1863181","candidates":[]}],[{"start":0,"end":5,"url":null,"entity_id":"Q388","candidates":[]}]],[[{"start":0,"end":23,"url":null,"entity_id":"Q71023589","candidates":[]}],[{"start":0,"end":7,"url":null,"entity_id":"Q1863181","candidates":[]}],[{"start":0,"end":5,"url":null,"entity_id":"Q388","candidates":[]}]],[[{"start":0,"end":21,"url":null,"entity_id":"Q71019705","candidates":[]}],[{"start":0,"end":7,"url":null,"entity_id":"Q1863181","candidates":[]}],[{"start":0,"end":5,"url":null,"entity_id":"Q388","candidates":[]}]],[[{"start":0,"end":53,"url":null,"entity_id":"Q71018479","candidates":[]}],[{"start":0,"end":7,"url":null,"entity_id":"Q1863181","candidates":[]}],[{"start":0,"end":5,"url":null,"entity_id":"Q388","candidates":[]}]],[[{"start":0,"end":27,"url":null,"entity_id":"Q71017735","candidates":[]}],[{"start":0,"end":7,"url":null,"entity_id":"Q1863181","candidates":[]}],[{"start":0,"end":5,"url":null,"entity_id":"Q388","candidates":[]}]],[[{"start":0,"end":20,"url":null,"entity_id":"Q71016853","candidates":[]}],[{"start":0,"end":7,"url":null,"entity_id":"Q1863181","candidates":[]}],[{"start":0,"end":5,"url":null,"entity_id":"Q388","candidates":[]}]],[[{"start":0,"end":44,"url":null,"entity_id":"Q71954944","candidates":[]}],[{"start":0,"end":7,"url":null,"entity_id":"Q1863181","candidates":[]}],[{"start":0,"end":5,"url":null,"entity_id":"Q388","candidates":[]}]],[[{"start":0,"end":30,"url":null,"entity_id":"Q70805306","candidates":[]}],[{"start":0,"end":8,"url":null,"entity_id":"Q68246894","candidates":[]}],[{"start":0,"end":5,"url":null,"entity_id":"Q388","candidates":[]}]],[[{"start":0,"end":21,"url":null,"entity_id":"Q70835969","candidates":[]}],[{"start":0,"end":7,"url":null,"entity_id":"Q1863181","candidates":[]}],[{"start":0,"end":5,"url":null,"entity_id":"Q388","candidates":[]}]],[[{"start":0,"end":21,"url":null,"entity_id":"Q71611506","candidates":[]}],[{"start":0,"end":7,"url":null,"entity_id":"Q1863181","candidates":[]}],[{"start":0,"end":5,"url":null,"entity_id":"Q388","candidates":[]}]],[[{"start":0,"end":38,"url":null,"entity_id":"Q70874981","candidates":[]}],[{"start":0,"end":7,"url":null,"entity_id":"Q1863181","candidates":[]}],[{"start":0,"end":5,"url":null,"entity_id":"Q388","candidates":[]}]],[[{"start":0,"end":18,"url":null,"entity_id":"Q70868142","candidates":[]}],[{"start":0,"end":7,"url":null,"entity_id":"Q1863181","candidates":[]}],[{"start":0,"end":5,"url":null,"entity_id":"Q388","candidates":[]}]],[[{"start":0,"end":21,"url":null,"entity_id":"Q70863127","candidates":[]}],[{"start":0,"end":7,"url":null,"entity_id":"Q1863181","candidates":[]}],[{"start":0,"end":5,"url":null,"entity_id":"Q388","candidates":[]}]],[[{"start":0,"end":34,"url":null,"entity_id":"Q70842484","candidates":[]}],[{"start":0,"end":7,"url":null,"entity_id":"Q1863181","candidates":[]}],[{"start":0,"end":5,"url":null,"entity_id":"Q388","candidates":[]}]],[[{"start":0,"end":38,"url":null,"entity_id":"Q70839617","candidates":[]}],[{"start":0,"end":7,"url":null,"entity_id":"Q1863181","candidates":[]}],[{"start":0,"end":5,"url":null,"entity_id":"Q388","candidates":[]}]],[[{"start":0,"end":44,"url":null,"entity_id":"Q71952785","candidates":[]}],[{"start":0,"end":7,"url":null,"entity_id":"Q1863181","candidates":[]}],[{"start":0,"end":5,"url":null,"entity_id":"Q388","candidates":[]}]],[[{"start":0,"end":44,"url":null,"entity_id":"Q71950610","candidates":[]}],[{"start":0,"end":7,"url":null,"entity_id":"Q1863181","candidates":[]}],[{"start":0,"end":5,"url":null,"entity_id":"Q388","candidates":[]}]],[[{"start":0,"end":44,"url":null,"entity_id":"Q71948434","candidates":[]}],[{"start":0,"end":7,"url":null,"entity_id":"Q1863181","candidates":[]}],[{"start":0,"end":5,"url":null,"entity_id":"Q388","candidates":[]}]]]}