{"version":"1.2","table":{"version":"2","table_id":"JIOCUOWE","columns":[{"index":0,"name":"col0","values":["2000 Tour de France","2005 Tour de France","1903 Tour de France","2001 Tour de France","1997 Tour de France","1995 Tour de France","1998 Tour de France","1999 Tour de France","1974 Tour de France","2004 Tour de France","1989 Tour de France","1905 Tour de France","2011 Tour de France","2010 Tour de France","2012 Tour de France","2009 Tour de France","2003 Tour de France","1904 Tour de France","2008 Tour de France","1980 Tour de France"]},{"index":1,"name":"col1","values":["2000-07-23","2005-07-24","1903-07-19","2001-07-29","1997-07-27","1995-07-23","1998-08-02","1999-07-25","1974-07-21","2004-07-25","1989-07-23","1905-07-30","2011-07-24","2010-07-25","2012-07-22","2009-07-26","2003-07-27","1904-07-24","2008-07-27","1980-07-20"]},{"index":2,"name":"col2","values":["2000 Tour de France, Stage 10","2005 Tour de France, Stage 14","1903 Tour de France, stage 1","2001 Tour de France, Stage 1","1997 Tour de France, stage 10","1995 Tour de France, Stage 12","1998 Tour de France, prologue","1999 Tour de France, stage 10","1974 Tour de France, stage 22","2004 Tour de France, Stage 10","1989 Tour de France, stage 21","1905 Tour de France, stage 1","2011 Tour de France, Stage 11","2010 Tour de France, Stage 14","2012 Tour de France, Prologue","2009 Tour de France, Stage 17","2003 Tour de France, Stage 10","1904 Tour de France, stage 2","2008 Tour de France, Stage 12","1980 Tour de France, prologue"]},{"index":3,"name":"col3","values":["road bicycle racing","road bicycle racing","road bicycle racing","road bicycle racing","road bicycle racing","road bicycle racing","road bicycle racing","road bicycle racing","road bicycle racing","road bicycle racing","road bicycle racing","road bicycle racing","road bicycle racing","road bicycle racing","road bicycle racing","road bicycle racing","road bicycle racing","road bicycle racing","road bicycle racing","road bicycle racing"]},{"index":4,"name":"col4","values":["Futuroscope","Fromentine","Montgeron","Dunkirk","Rouen","Saint-Brieuc","Dublin","Puy du Fou","Brest","Liège","Luxembourg","Paris","Noirmoutier","Rotterdam","Liège","Monaco","Paris","Montgeron","Brest","Frankfurt am Main"]}]},"context":{"page_title":null,"page_url":null,"page_entity_id":null,"content_hierarchy":[]},"links":[[[{"start":0,"end":19,"url":null,"entity_id":"Q776876","candidates":[]}],[],[{"start":0,"end":29,"url":null,"entity_id":"Q2806914","candidates":[]}],[{"start":0,"end":19,"url":null,"entity_id":"Q3609","candidates":[]}],[{"start":0,"end":11,"url":null,"entity_id":"Q1475660","candidates":[]}]],[[{"start":0,"end":19,"url":null,"entity_id":"Q655118","candidates":[]}],[],[{"start":0,"end":29,"url":null,"entity_id":"Q123247","candidates":[]}],[{"start":0,"end":19,"url":null,"entity_id":"Q3609","candidates":[]}],[{"start":0,"end":10,"url":null,"entity_id":"Q1469841","candidates":[]}]],[[{"start":0,"end":19,"url":null,"entity_id":"Q506911","candidates":[]}],[],[{"start":0,"end":28,"url":null,"entity_id":"Q15648869","candidates":[]}],[{"start":0,"end":19,"url":null,"entity_id":"Q3609","candidates":[]}],[{"start":0,"end":9,"url":null,"entity_id":"Q242569","candidates":[]}]],[[{"start":0,"end":19,"url":null,"entity_id":"Q644632","candidates":[]}],[],[{"start":0,"end":28,"url":null,"entity_id":"Q16303443","candidates":[]}],[{"start":0,"end":19,"url":null,"entity_id":"Q3609","candidates":[]}],[{"start":0,"end":7,"url":null,"entity_id":"Q45797","candidates":[]}]],[[{"start":0,"end":19,"url":null,"entity_id":"Q757405","candidates":[]}],[],[{"start":0,"end":29,"url":null,"entity_id":"Q2806911","candidates":[]}],[{"start":0,"end":19,"url":null,"entity_id":"Q3609","candidates":[]}],[{"start":0,"end":5,"url":null,"entity_id":"Q30974","candidates":[]}]],[[{"start":0,"end":19,"url":null,"entity_id":"Q614452","candidates":[]}],[],[{"start":0,"end":29,"url":null,"entity_id":"Q2807503","candidates":[]}],[{"start":0,"end":19,"url":null,"entity_id":"Q3609","candidates":[]}],[{"start":0,"end":12,"url":null,"entity_id":"Q29234","candidates":[]}]],[[{"start":0,"end":19,"url":null,"entity_id":"Q833247","candidates":[]}],[],[{"start":0,"end":29,"url":null,"entity_id":"Q2397721","candidates":[]}],[{"start":0,"end":19,"url":null,"entity_id":"Q3609","candidates":[]}],[{"start":0,"end":6,"url":null,"entity_id":"Q1761","candidates":[]}]],[[{"start":0,"end":19,"url":null,"entity_id":"Q752416","candidates":[]}],[],[{"start":0,"end":29,"url":null,"entity_id":"Q16023778","candidates":[]}],[{"start":0,"end":19,"url":null,"entity_id":"Q3609","candidates":[]}],[{"start":0,"end":10,"url":null,"entity_id":"Q3411109","candidates":[]}]],[[{"start":0,"end":19,"url":null,"entity_id":"Q754426","candidates":[]}],[],[{"start":0,"end":29,"url":null,"entity_id":"Q28054832","candidates":[]}],[{"start":0,"end":19,"url":null,"entity_id":"Q3609","candidates":[]}],[{"start":0,"end":5,"url":null,"entity_id":"Q12193","candidates":[]}]],[[{"start":0,"end":19,"url":null,"entity_id":"Q729763","candidates":[]}],[],[{"start":0,"end":29,"url":null,"entity_id":"Q358744","candidates":[]}],[{"start":0,"end":19,"url":null,"entity_id":"Q3609","candidates":[]}],[{"start":0,"end":5,"url":null,"entity_id":"Q3992","candidates":[]}]],[[{"start":0,"end":19,"url":null,"entity_id":"Q754994","candidates":[]}],[],[{"start":0,"end":29,"url":null,"entity_id":"Q2814912","candidates":[]}],[{"start":0,"end":19,"url":null,"entity_id":"Q3609","candidates":[]}],[{"start":0,"end":10,"url":null,"entity_id":"Q1842","candidates":[]}]],[[{"start":0,"end":19,"url":null,"entity_id":"Q734077","candidates":[]}],[],[{"start":0,"end":28,"url":null,"entity_id":"Q28944167","candidates":[]}],[{"start":0,"end":19,"url":null,"entity_id":"Q3609","candidates":[]}],[{"start":0,"end":5,"url":null,"entity_id":"Q90","candidates":[]}]],[[{"start":0,"end":19,"url":null,"entity_id":"Q219413","candidates":[]}],[],[{"start":0,"end":29,"url":null,"entity_id":"Q2116950","candidates":[]}],[{"start":0,"end":19,"url":null,"entity_id":"Q3609","candidates":[]}],[{"start":0,"end":11,"url":null,"entity_id":"Q292346","candidates":[]}]],[[{"start":0,"end":19,"url":null,"entity_id":"Q217287","candidates":[]}],[],[{"start":0,"end":29,"url":null,"entity_id":"Q238910","candidates":[]}],[{"start":0,"end":19,"url":null,"entity_id":"Q3609","candidates":[]}],[{"start":0,"end":9,"url":null,"entity_id":"Q34370","candidates":[]}]],[[{"start":0,"end":19,"url":null,"entity_id":"Q219414","candidates":[]}],[],[{"start":0,"end":29,"url":null,"entity_id":"Q260938","candidates":[]}],[{"start":0,"end":19,"url":null,"entity_id":"Q3609","candidates":[]}],[{"start":0,"end":5,"url":null,"entity_id":"Q3992","candidates":[]}]],[[{"start":0,"end":19,"url":null,"entity_id":"Q217263","candidates":[]}],[],[{"start":0,"end":29,"url":null,"entity_id":"Q2064477","candidates":[]}],[{"start":0,"end":19,"url":null,"entity_id":"Q3609","candidates":[]}],[{"start":0,"end":6,"url":null,"entity_id":"Q235","candidates":[]}]],[[{"start":0,"end":19,"url":null,"entity_id":"Q45664","candidates":[]}],[],[{"start":0,"end":29,"url":null,"entity_id":"Q2806915","candidates":[]}],[{"start":0,"end":19,"url":null,"entity_id":"Q3609","candidates":[]}],[{"start":0,"end":5,"url":null,"entity_id":"Q90","candidates":[]}]],[[{"start":0,"end":19,"url":null,"entity_id":"Q577246","candidates":[]}],[],[{"start":0,"end":28,"url":null,"entity_id":"Q28944020","candidates":[]}],[{"start":0,"end":19,"url":null,"entity_id":"Q3609","candidates":[]}],[{"start":0,"end":9,"url":null,"entity_id":"Q242569","candidates":[]}]],[[{"start":0,"end":19,"url":null,"entity_id":"Q221530","candidates":[]}],[],[{"start":0,"end":29,"url":null,"entity_id":"Q2037174","candidates":[]}],[{"start":0,"end":19,"url":null,"entity_id":"Q3609","candidates":[]}],[{"start":0,"end":5,"url":null,"entity_id":"Q12193","candidates":[]}]],[[{"start":0,"end":19,"url":null,"entity_id":"Q279235","candidates":[]}],[],[{"start":0,"end":29,"url":null,"entity_id":"Q26846580","candidates":[]}],[{"start":0,"end":19,"url":null,"entity_id":"Q3609","candidates":[]}],[{"start":0,"end":17,"url":null,"entity_id":"Q1794","candidates":[]}]]]}