{"version":"1.2","table":{"version":"2","table_id":"JJNGFHLE","columns":[{"index":0,"name":"col0","values":["Os 24 Maiores Sucessos da Era do Rock","Crushes","Babilônia","Christmas with The Jets","Carrossel","A Thousand Different Ways","Alphabeta vs. Lambda","Sció","Home for Christmas","Wir warten auf's Christkind…","Oh Yeah","Pretzel Logic","Taking Over","Countdown to Ecstasy","Hannah Montana 2: Meet Miley Cyrus","Breakout","Eye II Eye","Rock 'n' Roll","Opera prima","Lupercalia"]},{"index":1,"name":"col1","values":["Krig-ha, Bandolo!","Mountaintops","Rita Lee","Magic","Estandarte","All Is Well","Shiranai Aizu Shiraseru Ko","Ferryboat","The Winter Album","Soul Therapy","Money Jungle","Katy Lied","Rastafari Teach I Everything","Pretzel Logic","Breakout","The Time of Our Lives","Moment of Glory","Shaved Fish","Alessandra","Lemuralia EP"]},{"index":2,"name":"col2","values":["Sociedade da Grã-Ordem Kavernista Apresenta Sessão das 10","Re-Arrange Us","Entradas e Bandeiras","The Jets","Radiola","Merry Christmas with Love","Heiken wa Sayuu Gyaku no Kitai","Musicante","*NSYNC","Im Auftrag des Herrn... – Die Toten Hosen Live","Reincarnation of a Lovebird","Countdown to Ecstasy","Bobo Ashanti","Can't Buy a Thrill","Hannah Montana","Hannah Montana 2: Meet Miley Cyrus","Pure Instinct","Walls and Bridges","Memorie","The Spinster EP"]},{"index":3,"name":"col3","values":["covers album","covers album","studio album","studio album","studio album","studio album","studio album","live album","studio album","studio album","studio album","studio album","studio album","studio album","studio album","studio album","studio album","studio album","studio album","studio album"]}]},"context":{"page_title":null,"page_url":null,"page_entity_id":null,"content_hierarchy":[]},"links":[[[{"start":0,"end":37,"url":null,"entity_id":"Q7105456","candidates":[]}],[{"start":0,"end":17,"url":null,"entity_id":"Q6437013","candidates":[]}],[{"start":0,"end":57,"url":null,"entity_id":"Q7551958","candidates":[]}],[{"start":0,"end":12,"url":null,"entity_id":"Q1138081","candidates":[]}]],[[{"start":0,"end":7,"url":null,"entity_id":"Q5190231","candidates":[]}],[{"start":0,"end":12,"url":null,"entity_id":"Q6925728","candidates":[]}],[{"start":0,"end":13,"url":null,"entity_id":"Q7299909","candidates":[]}],[{"start":0,"end":12,"url":null,"entity_id":"Q1138081","candidates":[]}]],[[{"start":0,"end":9,"url":null,"entity_id":"Q4837885","candidates":[]}],[{"start":0,"end":8,"url":null,"entity_id":"Q7336556","candidates":[]}],[{"start":0,"end":20,"url":null,"entity_id":"Q10273144","candidates":[]}],[{"start":0,"end":12,"url":null,"entity_id":"Q208569","candidates":[]}]],[[{"start":0,"end":23,"url":null,"entity_id":"Q5111587","candidates":[]}],[{"start":0,"end":5,"url":null,"entity_id":"Q6730573","candidates":[]}],[{"start":0,"end":8,"url":null,"entity_id":"Q7743169","candidates":[]}],[{"start":0,"end":12,"url":null,"entity_id":"Q208569","candidates":[]}]],[[{"start":0,"end":9,"url":null,"entity_id":"Q5046693","candidates":[]}],[{"start":0,"end":10,"url":null,"entity_id":"Q5400617","candidates":[]}],[{"start":0,"end":7,"url":null,"entity_id":"Q7281285","candidates":[]}],[{"start":0,"end":12,"url":null,"entity_id":"Q208569","candidates":[]}]],[[{"start":0,"end":25,"url":null,"entity_id":"Q4660085","candidates":[]}],[{"start":0,"end":11,"url":null,"entity_id":"Q4729020","candidates":[]}],[{"start":0,"end":25,"url":null,"entity_id":"Q6820439","candidates":[]}],[{"start":0,"end":12,"url":null,"entity_id":"Q208569","candidates":[]}]],[[{"start":0,"end":20,"url":null,"entity_id":"Q4735210","candidates":[]}],[{"start":0,"end":26,"url":null,"entity_id":"Q7498257","candidates":[]}],[{"start":0,"end":30,"url":null,"entity_id":"Q5699257","candidates":[]}],[{"start":0,"end":12,"url":null,"entity_id":"Q208569","candidates":[]}]],[[{"start":0,"end":4,"url":null,"entity_id":"Q3952459","candidates":[]}],[{"start":0,"end":9,"url":null,"entity_id":"Q3743833","candidates":[]}],[{"start":0,"end":9,"url":null,"entity_id":"Q3868652","candidates":[]}],[{"start":0,"end":10,"url":null,"entity_id":"Q209939","candidates":[]}]],[[{"start":0,"end":18,"url":null,"entity_id":"Q2305827","candidates":[]}],[{"start":0,"end":16,"url":null,"entity_id":"Q3990050","candidates":[]}],[{"start":0,"end":6,"url":null,"entity_id":"Q2559810","candidates":[]}],[{"start":0,"end":12,"url":null,"entity_id":"Q208569","candidates":[]}]],[[{"start":0,"end":28,"url":null,"entity_id":"Q2585487","candidates":[]}],[{"start":0,"end":12,"url":null,"entity_id":"Q7564340","candidates":[]}],[{"start":0,"end":46,"url":null,"entity_id":"Q657506","candidates":[]}],[{"start":0,"end":12,"url":null,"entity_id":"Q208569","candidates":[]}]],[[{"start":0,"end":7,"url":null,"entity_id":"Q1032380","candidates":[]}],[{"start":0,"end":12,"url":null,"entity_id":"Q1368872","candidates":[]}],[{"start":0,"end":27,"url":null,"entity_id":"Q7310274","candidates":[]}],[{"start":0,"end":12,"url":null,"entity_id":"Q208569","candidates":[]}]],[[{"start":0,"end":13,"url":null,"entity_id":"Q1065716","candidates":[]}],[{"start":0,"end":9,"url":null,"entity_id":"Q653302","candidates":[]}],[{"start":0,"end":20,"url":null,"entity_id":"Q634785","candidates":[]}],[{"start":0,"end":12,"url":null,"entity_id":"Q208569","candidates":[]}]],[[{"start":0,"end":11,"url":null,"entity_id":"Q678063","candidates":[]}],[{"start":0,"end":28,"url":null,"entity_id":"Q7295245","candidates":[]}],[{"start":0,"end":12,"url":null,"entity_id":"Q4935850","candidates":[]}],[{"start":0,"end":12,"url":null,"entity_id":"Q208569","candidates":[]}]],[[{"start":0,"end":20,"url":null,"entity_id":"Q634785","candidates":[]}],[{"start":0,"end":13,"url":null,"entity_id":"Q1065716","candidates":[]}],[{"start":0,"end":18,"url":null,"entity_id":"Q857908","candidates":[]}],[{"start":0,"end":12,"url":null,"entity_id":"Q208569","candidates":[]}]],[[{"start":0,"end":34,"url":null,"entity_id":"Q738179","candidates":[]}],[{"start":0,"end":8,"url":null,"entity_id":"Q722786","candidates":[]}],[{"start":0,"end":14,"url":null,"entity_id":"Q748137","candidates":[]}],[{"start":0,"end":12,"url":null,"entity_id":"Q208569","candidates":[]}]],[[{"start":0,"end":8,"url":null,"entity_id":"Q722786","candidates":[]}],[{"start":0,"end":21,"url":null,"entity_id":"Q754419","candidates":[]}],[{"start":0,"end":34,"url":null,"entity_id":"Q738179","candidates":[]}],[{"start":0,"end":12,"url":null,"entity_id":"Q208569","candidates":[]}]],[[{"start":0,"end":10,"url":null,"entity_id":"Q637845","candidates":[]}],[{"start":0,"end":15,"url":null,"entity_id":"Q313775","candidates":[]}],[{"start":0,"end":13,"url":null,"entity_id":"Q637841","candidates":[]}],[{"start":0,"end":12,"url":null,"entity_id":"Q208569","candidates":[]}]],[[{"start":0,"end":13,"url":null,"entity_id":"Q738436","candidates":[]}],[{"start":0,"end":11,"url":null,"entity_id":"Q1088534","candidates":[]}],[{"start":0,"end":17,"url":null,"entity_id":"Q262138","candidates":[]}],[{"start":0,"end":12,"url":null,"entity_id":"Q208569","candidates":[]}]],[[{"start":0,"end":11,"url":null,"entity_id":"Q3883886","candidates":[]}],[{"start":0,"end":10,"url":null,"entity_id":"Q3609651","candidates":[]}],[{"start":0,"end":7,"url":null,"entity_id":"Q3854492","candidates":[]}],[{"start":0,"end":12,"url":null,"entity_id":"Q208569","candidates":[]}]],[[{"start":0,"end":10,"url":null,"entity_id":"Q3267652","candidates":[]}],[{"start":0,"end":12,"url":null,"entity_id":"Q6521598","candidates":[]}],[{"start":0,"end":15,"url":null,"entity_id":"Q7765881","candidates":[]}],[{"start":0,"end":12,"url":null,"entity_id":"Q208569","candidates":[]}]]]}