{"version":"1.2","table":{"version":"2","table_id":"JKL28HU7","columns":[{"index":0,"name":"col0","values":["Falls at the Devil's Bride, near Aberystwyth","Welsh coast near Aberystwkth","Aberystwyth, fro Craiglais","Remains f Aberystwyth Castle, Cardiganshire","Maine Terrace, Aberystwyth","Aberystwyt: from the castle ruins","St. Michael's Church: Bberystwyth","Llanbdern-Vawr","Plas Crug, Aberyswyth","Laura Place, Abetystwyth","Self-ortrait","The Great Executipner","Pity","Emblemawical Print on the South Sea Scheme","Cambriae Tyrus","Another Zorld II","Faust","Saint Eustcce","The Hol| Family with tke Three Hares","The Holy Family with the ragonfly"]},{"index":1,"name":"col1","values":["149.332","57.228","170.17","87.522","169.15","171.14","125.87499999999999","89.64","88.528","114.54","39.592000000000006","63.2367","423.3","22.266599999999997","468.224","31.5138","207.584","35.8195","39.658","24.192"]},{"index":2,"name":"col2","values":["106.424","86.344","261.56","143.42","263.30999999999995","256.71","180.89999999999998","145.43499999999997","143.84","203.77","28.915200000000002","44.1116","538.461","32.0862","349.776","26.256600000000002","158.56","25.7705","28.272","18.6558"]}]},"context":{"page_title":null,"page_url":null,"page_entity_id":null,"content_hierarchy":[]},"links":[[[{"start":0,"end":28,"url":null,"entity_id":"Q21614063","candidates":[]}],[],[]],[[{"start":0,"end":26,"url":null,"entity_id":"Q21614060","candidates":[]}],[],[]],[[{"start":0,"end":43,"url":null,"entity_id":"Q21614057","candidates":[]}],[],[]],[[{"start":0,"end":26,"url":null,"entity_id":"Q21614047","candidates":[]}],[],[]],[[{"start":0,"end":33,"url":null,"entity_id":"Q21614000","candidates":[]}],[],[]],[[{"start":0,"end":33,"url":null,"entity_id":"Q21613702","candidates":[]}],[],[]],[[{"start":0,"end":14,"url":null,"entity_id":"Q21612749","candidates":[]}],[],[]],[[{"start":0,"end":21,"url":null,"entity_id":"Q21612591","candidates":[]}],[],[]],[[{"start":0,"end":24,"url":null,"entity_id":"Q21612210","candidates":[]}],[],[]],[[{"start":0,"end":12,"url":null,"entity_id":"Q22084716","candidates":[]}],[],[]],[[{"start":0,"end":21,"url":null,"entity_id":"Q7737750","candidates":[]}],[],[]],[[{"start":0,"end":4,"url":null,"entity_id":"Q7199551","candidates":[]}],[],[]],[[{"start":0,"end":42,"url":null,"entity_id":"Q5370084","candidates":[]}],[],[]],[[{"start":0,"end":14,"url":null,"entity_id":"Q5025272","candidates":[]}],[],[]],[[{"start":0,"end":16,"url":null,"entity_id":"Q4770402","candidates":[]}],[],[]],[[{"start":0,"end":5,"url":null,"entity_id":"Q4481543","candidates":[]}],[],[]],[[{"start":0,"end":13,"url":null,"entity_id":"Q3948861","candidates":[]}],[],[]],[[{"start":0,"end":36,"url":null,"entity_id":"Q3944478","candidates":[]}],[],[]],[[{"start":0,"end":33,"url":null,"entity_id":"Q3944475","candidates":[]}],[],[]],[[{"start":0,"end":44,"url":null,"entity_id":"Q21614073","candidates":[]}],[],[]]]}