{"version":"1.2","table":{"version":"2","table_id":"JL5XWYB2","columns":[{"index":0,"name":"col0","values":["León Municipalty","Pénjmo","Cozwmel Island","Chilón Muicipality","Mexical Municipality","Acala","Bacalat Municipality","Lzaro Cárdenas Municipality","Felipe Carrillo Puerto Muncipality","Othón P. Blaqco Municipality","ulum Municipality","Vjllaflores","ChicontepecMunicipalty","Aporo","Pijijiapan unicipalty","Tecratán Municipality","Nacalpan de Juárez Muqicipality","Isla Mujeres Mupicipamity","Soljdaridad","José María Morelos Muicipality"]},{"index":1,"name":"col1","values":["León","San Rafael de Villaseñor","San Miguel de Cozumel","Chilón","Familia Sandéz Ojeda Lote Cincuenta y Tres, Mexicali","María del Carmen Flores","Bacalar, Quintana Roo","Isla Holbox","Felipe Carrillo Puerto","Chetumal","Tulum","Villaflores","La Puerta","Alvarado","Joaquín Miguel Gutiérrez","Tecpatán","Naucalpan de Juárez","Isla Mujeres","Puerto Aventuras","José María Morelos"]},{"index":2,"name":"col2","values":["1230.5539999999999","1561.0","541.6949999999999","1670.0332","13879.86756","297.3736","7110.9723","3865.476","13847.417999999998","10008.5927","2055.22658","1229.536","974.088","55.34928","2203.2903","777.0309","158.03966999999997","1111.0","2222.36784","6759.217"]},{"index":3,"name":"col3","values":["1450844.8","148886.448","79078.99999999999","128297.74199999998","930268.218","31549.696","31776.0","25358.333","81333.29","242107.47","28178.211","105357.165","56179.064","3234.0899999999997","50279.316","41015.865","877553.92","16348.826999999997","251330.739","36215.179"]}]},"context":{"page_title":null,"page_url":null,"page_entity_id":null,"content_hierarchy":[]},"links":[[[{"start":0,"end":6,"url":null,"entity_id":"Q20123036","candidates":[]}],[{"start":0,"end":24,"url":null,"entity_id":"Q6119659","candidates":[]}],[],[]],[[{"start":0,"end":14,"url":null,"entity_id":"Q20119933","candidates":[]}],[{"start":0,"end":21,"url":null,"entity_id":"Q929946","candidates":[]}],[],[]],[[{"start":0,"end":18,"url":null,"entity_id":"Q1306378","candidates":[]}],[{"start":0,"end":6,"url":null,"entity_id":"Q27772401","candidates":[]}],[],[]],[[{"start":0,"end":20,"url":null,"entity_id":"Q1477270","candidates":[]}],[{"start":0,"end":52,"url":null,"entity_id":"Q20247662","candidates":[]}],[],[]],[[{"start":0,"end":5,"url":null,"entity_id":"Q1577295","candidates":[]}],[{"start":0,"end":23,"url":null,"entity_id":"Q20145362","candidates":[]}],[],[]],[[{"start":0,"end":20,"url":null,"entity_id":"Q1709178","candidates":[]}],[{"start":0,"end":21,"url":null,"entity_id":"Q1709140","candidates":[]}],[],[]],[[{"start":0,"end":27,"url":null,"entity_id":"Q1660184","candidates":[]}],[{"start":0,"end":11,"url":null,"entity_id":"Q1535905","candidates":[]}],[],[]],[[{"start":0,"end":34,"url":null,"entity_id":"Q1660454","candidates":[]}],[{"start":0,"end":22,"url":null,"entity_id":"Q1403187","candidates":[]}],[],[]],[[{"start":0,"end":28,"url":null,"entity_id":"Q1709166","candidates":[]}],[{"start":0,"end":8,"url":null,"entity_id":"Q459553","candidates":[]}],[],[]],[[{"start":0,"end":17,"url":null,"entity_id":"Q1709171","candidates":[]}],[{"start":0,"end":5,"url":null,"entity_id":"Q277408","candidates":[]}],[],[]],[[{"start":0,"end":11,"url":null,"entity_id":"Q20735271","candidates":[]}],[{"start":0,"end":11,"url":null,"entity_id":"Q2980929","candidates":[]}],[],[]],[[{"start":0,"end":22,"url":null,"entity_id":"Q4968555","candidates":[]}],[{"start":0,"end":9,"url":null,"entity_id":"Q20227079","candidates":[]}],[],[]],[[{"start":0,"end":5,"url":null,"entity_id":"Q3892968","candidates":[]}],[{"start":0,"end":8,"url":null,"entity_id":"Q20135203","candidates":[]}],[],[]],[[{"start":0,"end":21,"url":null,"entity_id":"Q651163","candidates":[]}],[{"start":0,"end":24,"url":null,"entity_id":"Q20284346","candidates":[]}],[],[]],[[{"start":0,"end":21,"url":null,"entity_id":"Q651456","candidates":[]}],[{"start":0,"end":8,"url":null,"entity_id":"Q2890103","candidates":[]}],[],[]],[[{"start":0,"end":31,"url":null,"entity_id":"Q219574","candidates":[]}],[{"start":0,"end":19,"url":null,"entity_id":"Q2110515","candidates":[]}],[],[]],[[{"start":0,"end":25,"url":null,"entity_id":"Q927815","candidates":[]}],[{"start":0,"end":12,"url":null,"entity_id":"Q1020769","candidates":[]}],[],[]],[[{"start":0,"end":11,"url":null,"entity_id":"Q677463","candidates":[]}],[{"start":0,"end":16,"url":null,"entity_id":"Q961647","candidates":[]}],[],[]],[[{"start":0,"end":30,"url":null,"entity_id":"Q285499","candidates":[]}],[{"start":0,"end":18,"url":null,"entity_id":"Q284406","candidates":[]}],[],[]],[[{"start":0,"end":16,"url":null,"entity_id":"Q9022143","candidates":[]}],[{"start":0,"end":4,"url":null,"entity_id":"Q189128","candidates":[]}],[],[]]]}