{"version":"1.2","table":{"version":"2","table_id":"JMK0U2PQ","columns":[{"index":0,"name":"col0","values":["Anglo-Zanzidar War","Montgomery Bus Boyctt","Al-Qafda insurgency in Yeen","Expedition of Mpstaganem","Dissident Irish Rfpublican campaign","Captvre of Mannheim","Ethiopian–Fgyptian War","Pernambxcan Revolt","Genpei Wa","Second Chōshū expediuion","Conflict f the Orders","Siege of Keram","War#of the Fourth Coalition","Revolt of#th Batavi","Chadia–Libyan conflict","Finnish Wdr","Russo-Vwedish War of 1741–43","Second NorthernWar","Ation of 19 December 1796","Adriatic Campaign of World Wa II"]},{"index":1,"name":"col1","values":["British Empire","Martin Luther King Jr.","United States of America","Hasan Pasha","Real Irish Republican Army","Holy Roman Empire","Egypt","Tristão Gonçalves","Minamoto clan","Tokugawa Shogunate","plebs","Saladin","Louis Bonaparte","Roman Empire","France","Sweden","Sweden","Sweden","Great Britain","United Kingdom"]},{"index":2,"name":"col2","values":["1896/08/27","1955/12/05","2010/01/14","1558/09/02","1998/01/01","1622/10/20","1874/01/01","1817/03/06","1180/01/01","1866/07/18","-0499-01-01T00:00:00Z","1183/11/01","1806/01/01","0069/01/01","1978/01/01","1808/02/21","1741/01/01","1655/01/01","1796/12/19","1939/04/01"]}]},"context":{"page_title":null,"page_url":null,"page_entity_id":null,"content_hierarchy":[]},"links":[[[{"start":0,"end":18,"url":null,"entity_id":"Q170850","candidates":[]}],[{"start":0,"end":14,"url":null,"entity_id":"Q8680","candidates":[]}],[]],[[{"start":0,"end":21,"url":null,"entity_id":"Q249367","candidates":[]}],[{"start":0,"end":22,"url":null,"entity_id":"Q8027","candidates":[]}],[]],[[{"start":0,"end":27,"url":null,"entity_id":"Q286436","candidates":[]}],[{"start":0,"end":24,"url":null,"entity_id":"Q30","candidates":[]}],[]],[[{"start":0,"end":24,"url":null,"entity_id":"Q5420962","candidates":[]}],[{"start":0,"end":11,"url":null,"entity_id":"Q3128171","candidates":[]}],[]],[[{"start":0,"end":35,"url":null,"entity_id":"Q5282772","candidates":[]}],[{"start":0,"end":26,"url":null,"entity_id":"Q1122988","candidates":[]}],[]],[[{"start":0,"end":19,"url":null,"entity_id":"Q5037030","candidates":[]}],[{"start":0,"end":17,"url":null,"entity_id":"Q12548","candidates":[]}],[]],[[{"start":0,"end":22,"url":null,"entity_id":"Q5403659","candidates":[]}],[{"start":0,"end":5,"url":null,"entity_id":"Q79","candidates":[]}],[]],[[{"start":0,"end":18,"url":null,"entity_id":"Q692752","candidates":[]}],[{"start":0,"end":17,"url":null,"entity_id":"Q7128861","candidates":[]}],[]],[[{"start":0,"end":9,"url":null,"entity_id":"Q737542","candidates":[]}],[{"start":0,"end":13,"url":null,"entity_id":"Q599881","candidates":[]}],[]],[[{"start":0,"end":24,"url":null,"entity_id":"Q711793","candidates":[]}],[{"start":0,"end":18,"url":null,"entity_id":"Q205662","candidates":[]}],[]],[[{"start":0,"end":21,"url":null,"entity_id":"Q747480","candidates":[]}],[{"start":0,"end":5,"url":null,"entity_id":"Q104687","candidates":[]}],[]],[[{"start":0,"end":14,"url":null,"entity_id":"Q815156","candidates":[]}],[{"start":0,"end":7,"url":null,"entity_id":"Q8581","candidates":[]}],[]],[[{"start":0,"end":27,"url":null,"entity_id":"Q605977","candidates":[]}],[{"start":0,"end":15,"url":null,"entity_id":"Q7729","candidates":[]}],[]],[[{"start":0,"end":19,"url":null,"entity_id":"Q576364","candidates":[]}],[{"start":0,"end":12,"url":null,"entity_id":"Q2277","candidates":[]}],[]],[[{"start":0,"end":22,"url":null,"entity_id":"Q611071","candidates":[]}],[{"start":0,"end":6,"url":null,"entity_id":"Q142","candidates":[]}],[]],[[{"start":0,"end":11,"url":null,"entity_id":"Q736268","candidates":[]}],[{"start":0,"end":6,"url":null,"entity_id":"Q34","candidates":[]}],[]],[[{"start":0,"end":28,"url":null,"entity_id":"Q682482","candidates":[]}],[{"start":0,"end":6,"url":null,"entity_id":"Q34","candidates":[]}],[]],[[{"start":0,"end":18,"url":null,"entity_id":"Q654006","candidates":[]}],[{"start":0,"end":6,"url":null,"entity_id":"Q34","candidates":[]}],[]],[[{"start":0,"end":25,"url":null,"entity_id":"Q4677285","candidates":[]}],[{"start":0,"end":13,"url":null,"entity_id":"Q161885","candidates":[]}],[]],[[{"start":0,"end":32,"url":null,"entity_id":"Q4685618","candidates":[]}],[{"start":0,"end":14,"url":null,"entity_id":"Q145","candidates":[]}],[]]]}