{"version":"1.2","table":{"version":"2","table_id":"JOEZMZPP","columns":[{"index":0,"name":"col0","values":["(Polygala)","(Polygala)","(Polygala)","(Polipodium)","(Plumeria attenuata, Benth)","(Platonia insignis)","(Picramnia)","(Phytolacca icosanta, Linn)","(Physocalyma florida, Pohl)","(Physalis)","(Phyllocactus)","(Phyllanthus)","(Philodendron)","(Phaseolus)","(Phaseolus lasiocarpus, Mart)","(Petiveria hexaglochim)","(Persea gratissima, Linn)","(Peperomia)","(Peltogyne densiflora, Spr)","(Payparola)","(Paullinia sorbilis, Mart)","(Passiflora)","(Passiflora serratifolia, Linn)","(Passiflora laurifolia, Linn)","(Passiflora factidae, Linn)"]},{"index":1,"name":"col1","values":["26.5","26.5","26.5","26.5","26.5","26.5","26.5","26.5","26.5","26.5","26.5","26.5","26.5","26.5","24.5","26.5","27","26.5","26.5","31.5","26.5","26.5","32.5","26.5","27"]},{"index":2,"name":"col2","values":["17","17","17","17","17","17","17","17","17","17","17","17","17","17","17","17","17","17","17","18","17","17","19","17","17"]}]},"context":{"page_title":null,"page_url":null,"page_entity_id":null,"content_hierarchy":[]},"links":[[[{"start":0,"end":10,"url":null,"entity_id":"Q59825200","candidates":[]}],[],[]],[[{"start":0,"end":10,"url":null,"entity_id":"Q59825199","candidates":[]}],[],[]],[[{"start":0,"end":10,"url":null,"entity_id":"Q59825198","candidates":[]}],[],[]],[[{"start":0,"end":12,"url":null,"entity_id":"Q59825196","candidates":[]}],[],[]],[[{"start":0,"end":27,"url":null,"entity_id":"Q59825195","candidates":[]}],[],[]],[[{"start":0,"end":19,"url":null,"entity_id":"Q59825194","candidates":[]}],[],[]],[[{"start":0,"end":11,"url":null,"entity_id":"Q59825193","candidates":[]}],[],[]],[[{"start":0,"end":27,"url":null,"entity_id":"Q59825192","candidates":[]}],[],[]],[[{"start":0,"end":27,"url":null,"entity_id":"Q59825190","candidates":[]}],[],[]],[[{"start":0,"end":10,"url":null,"entity_id":"Q59825189","candidates":[]}],[],[]],[[{"start":0,"end":14,"url":null,"entity_id":"Q59825188","candidates":[]}],[],[]],[[{"start":0,"end":13,"url":null,"entity_id":"Q59825187","candidates":[]}],[],[]],[[{"start":0,"end":14,"url":null,"entity_id":"Q59825186","candidates":[]}],[],[]],[[{"start":0,"end":11,"url":null,"entity_id":"Q59825185","candidates":[]}],[],[]],[[{"start":0,"end":29,"url":null,"entity_id":"Q59825184","candidates":[]}],[],[]],[[{"start":0,"end":23,"url":null,"entity_id":"Q59825183","candidates":[]}],[],[]],[[{"start":0,"end":25,"url":null,"entity_id":"Q59825182","candidates":[]}],[],[]],[[{"start":0,"end":11,"url":null,"entity_id":"Q59825180","candidates":[]}],[],[]],[[{"start":0,"end":27,"url":null,"entity_id":"Q59825178","candidates":[]}],[],[]],[[{"start":0,"end":11,"url":null,"entity_id":"Q59825177","candidates":[]}],[],[]],[[{"start":0,"end":26,"url":null,"entity_id":"Q59825176","candidates":[]}],[],[]],[[{"start":0,"end":12,"url":null,"entity_id":"Q59825175","candidates":[]}],[],[]],[[{"start":0,"end":31,"url":null,"entity_id":"Q59825173","candidates":[]}],[],[]],[[{"start":0,"end":29,"url":null,"entity_id":"Q59825172","candidates":[]}],[],[]],[[{"start":0,"end":27,"url":null,"entity_id":"Q59825170","candidates":[]}],[],[]]]}