{"version":"1.2","table":{"version":"2","table_id":"JOT7MC9Z","columns":[{"index":0,"name":"col0","values":["NVSS J010157+163940","NVSS J213937+171826","NVSS J015135+164609","NVSS J211305+151525","NVSS J072823+543118","NVSS J092954+721124","GB6 B2352+1849","NVSS J004846+183822","NVSS J113238+164513","PMN J1951+0330","PMN J1525+0537","PMN J2007+0354","NVSS J191254+051801","PMN J2021+0234","NVSS J112750+215334","NVSS J195004+032452","NVSS J182058+284330","FIRST J165851.9+285741","PMN J0208+0814","GB6 B2143+0952"]},{"index":1,"name":"col1","values":["0.158","-1.054","-0.097","-0.235","-0.685","0.106","-0.821","0.296","-0.832","-0.256","-1.314","-1.929","-1.868","-2.819","-5.912","-0.242","-3.944","-1.557","0.467","-1.584"]},{"index":2,"name":"col2","values":["0.1517","0.6616","0.5853","0.0143","0.4084","0.5624","0.2265","0.3377","0.1333","0.2569","0.0845","0.5321","0.3517","1.972","1.2325","0.174","1.5794","0.3891","0.0981","0.511"]}]},"context":{"page_title":null,"page_url":null,"page_entity_id":null,"content_hierarchy":[]},"links":[[[{"start":0,"end":19,"url":null,"entity_id":"Q77045364","candidates":[]}],[],[]],[[{"start":0,"end":19,"url":null,"entity_id":"Q77045167","candidates":[]}],[],[]],[[{"start":0,"end":19,"url":null,"entity_id":"Q77043996","candidates":[]}],[],[]],[[{"start":0,"end":19,"url":null,"entity_id":"Q77043732","candidates":[]}],[],[]],[[{"start":0,"end":19,"url":null,"entity_id":"Q77472415","candidates":[]}],[],[]],[[{"start":0,"end":19,"url":null,"entity_id":"Q77471587","candidates":[]}],[],[]],[[{"start":0,"end":14,"url":null,"entity_id":"Q77041092","candidates":[]}],[],[]],[[{"start":0,"end":19,"url":null,"entity_id":"Q77040449","candidates":[]}],[],[]],[[{"start":0,"end":19,"url":null,"entity_id":"Q76937348","candidates":[]}],[],[]],[[{"start":0,"end":14,"url":null,"entity_id":"Q76917107","candidates":[]}],[],[]],[[{"start":0,"end":14,"url":null,"entity_id":"Q76916546","candidates":[]}],[],[]],[[{"start":0,"end":14,"url":null,"entity_id":"Q76915156","candidates":[]}],[],[]],[[{"start":0,"end":19,"url":null,"entity_id":"Q76913479","candidates":[]}],[],[]],[[{"start":0,"end":14,"url":null,"entity_id":"Q76912934","candidates":[]}],[],[]],[[{"start":0,"end":19,"url":null,"entity_id":"Q76924059","candidates":[]}],[],[]],[[{"start":0,"end":19,"url":null,"entity_id":"Q76910313","candidates":[]}],[],[]],[[{"start":0,"end":19,"url":null,"entity_id":"Q76892742","candidates":[]}],[],[]],[[{"start":0,"end":22,"url":null,"entity_id":"Q76892178","candidates":[]}],[],[]],[[{"start":0,"end":14,"url":null,"entity_id":"Q76603958","candidates":[]}],[],[]],[[{"start":0,"end":14,"url":null,"entity_id":"Q76603503","candidates":[]}],[],[]]]}