{"version":"1.2","table":{"version":"2","table_id":"JQ73SOEQ","columns":[{"index":0,"name":"col0","values":["Sonnet 22","Sonnet 131","Sonnet 130","Sonnet 29","Sonnet 55","Sonnet 113","Sonnet 105","Sonnet 57","Jabberwocky","The Knight's Tale","Sonnet 100","Sonnet 152","Sonnet 129","Sonnet 30","Sonnet 17","Sonnet 153","Sonnet 19","Sonnet 11","Sonnet 9","Sonnet 154"]},{"index":1,"name":"col1","values":["1840-01-01","1840-01-01","1840-01-01","1840-01-01","1840-01-01","1840-01-01","1840-01-01","1840-01-01","1871-01-01","1389-01-01","1840-01-01","1840-01-01","1609-01-01","1840-01-01","1840-01-01","1840-01-01","1840-01-01","1840-01-01","1840-01-01","1840-01-01"]},{"index":2,"name":"col2","values":["Shakespeare's sonnets","Shakespeare's sonnets","Shakespeare's sonnets","Shakespeare's sonnets","Shakespeare's sonnets","Shakespeare's sonnets","Shakespeare's sonnets","Shakespeare's sonnets","Through the Looking-Glass","The Canterbury Tales","Shakespeare's sonnets","Shakespeare's sonnets","Shakespeare's sonnets","Shakespeare's sonnets","Shakespeare's sonnets","Shakespeare's sonnets","Shakespeare's sonnets","Shakespeare's sonnets","Shakespeare's sonnets","Shakespeare's sonnets"]},{"index":3,"name":"col3","values":["English","English","English","English","English","English","English","English","English","Middle English","English","English","English","English","English","English","English","English","English","English"]}]},"context":{"page_title":null,"page_url":null,"page_entity_id":null,"content_hierarchy":[]},"links":[[[{"start":0,"end":9,"url":null,"entity_id":"Q615331","candidates":[]}],[],[{"start":0,"end":21,"url":null,"entity_id":"Q662550","candidates":[]}],[{"start":0,"end":7,"url":null,"entity_id":"Q1860","candidates":[]}]],[[{"start":0,"end":10,"url":null,"entity_id":"Q612936","candidates":[]}],[],[{"start":0,"end":21,"url":null,"entity_id":"Q662550","candidates":[]}],[{"start":0,"end":7,"url":null,"entity_id":"Q1860","candidates":[]}]],[[{"start":0,"end":10,"url":null,"entity_id":"Q602470","candidates":[]}],[],[{"start":0,"end":21,"url":null,"entity_id":"Q662550","candidates":[]}],[{"start":0,"end":7,"url":null,"entity_id":"Q1860","candidates":[]}]],[[{"start":0,"end":9,"url":null,"entity_id":"Q595442","candidates":[]}],[],[{"start":0,"end":21,"url":null,"entity_id":"Q662550","candidates":[]}],[{"start":0,"end":7,"url":null,"entity_id":"Q1860","candidates":[]}]],[[{"start":0,"end":9,"url":null,"entity_id":"Q544513","candidates":[]}],[],[{"start":0,"end":21,"url":null,"entity_id":"Q662550","candidates":[]}],[{"start":0,"end":7,"url":null,"entity_id":"Q1860","candidates":[]}]],[[{"start":0,"end":10,"url":null,"entity_id":"Q518318","candidates":[]}],[],[{"start":0,"end":21,"url":null,"entity_id":"Q662550","candidates":[]}],[{"start":0,"end":7,"url":null,"entity_id":"Q1860","candidates":[]}]],[[{"start":0,"end":10,"url":null,"entity_id":"Q303219","candidates":[]}],[],[{"start":0,"end":21,"url":null,"entity_id":"Q662550","candidates":[]}],[{"start":0,"end":7,"url":null,"entity_id":"Q1860","candidates":[]}]],[[{"start":0,"end":9,"url":null,"entity_id":"Q257129","candidates":[]}],[],[{"start":0,"end":21,"url":null,"entity_id":"Q662550","candidates":[]}],[{"start":0,"end":7,"url":null,"entity_id":"Q1860","candidates":[]}]],[[{"start":0,"end":11,"url":null,"entity_id":"Q250371","candidates":[]}],[],[{"start":0,"end":25,"url":null,"entity_id":"Q220331","candidates":[]}],[{"start":0,"end":7,"url":null,"entity_id":"Q1860","candidates":[]}]],[[{"start":0,"end":17,"url":null,"entity_id":"Q2260441","candidates":[]}],[],[{"start":0,"end":20,"url":null,"entity_id":"Q191663","candidates":[]}],[{"start":0,"end":14,"url":null,"entity_id":"Q36395","candidates":[]}]],[[{"start":0,"end":10,"url":null,"entity_id":"Q2798037","candidates":[]}],[],[{"start":0,"end":21,"url":null,"entity_id":"Q662550","candidates":[]}],[{"start":0,"end":7,"url":null,"entity_id":"Q1860","candidates":[]}]],[[{"start":0,"end":10,"url":null,"entity_id":"Q2757492","candidates":[]}],[],[{"start":0,"end":21,"url":null,"entity_id":"Q662550","candidates":[]}],[{"start":0,"end":7,"url":null,"entity_id":"Q1860","candidates":[]}]],[[{"start":0,"end":10,"url":null,"entity_id":"Q2609188","candidates":[]}],[],[{"start":0,"end":21,"url":null,"entity_id":"Q662550","candidates":[]}],[{"start":0,"end":7,"url":null,"entity_id":"Q1860","candidates":[]}]],[[{"start":0,"end":9,"url":null,"entity_id":"Q2609021","candidates":[]}],[],[{"start":0,"end":21,"url":null,"entity_id":"Q662550","candidates":[]}],[{"start":0,"end":7,"url":null,"entity_id":"Q1860","candidates":[]}]],[[{"start":0,"end":9,"url":null,"entity_id":"Q2542610","candidates":[]}],[],[{"start":0,"end":21,"url":null,"entity_id":"Q662550","candidates":[]}],[{"start":0,"end":7,"url":null,"entity_id":"Q1860","candidates":[]}]],[[{"start":0,"end":10,"url":null,"entity_id":"Q2538872","candidates":[]}],[],[{"start":0,"end":21,"url":null,"entity_id":"Q662550","candidates":[]}],[{"start":0,"end":7,"url":null,"entity_id":"Q1860","candidates":[]}]],[[{"start":0,"end":9,"url":null,"entity_id":"Q2488958","candidates":[]}],[],[{"start":0,"end":21,"url":null,"entity_id":"Q662550","candidates":[]}],[{"start":0,"end":7,"url":null,"entity_id":"Q1860","candidates":[]}]],[[{"start":0,"end":9,"url":null,"entity_id":"Q2480137","candidates":[]}],[],[{"start":0,"end":21,"url":null,"entity_id":"Q662550","candidates":[]}],[{"start":0,"end":7,"url":null,"entity_id":"Q1860","candidates":[]}]],[[{"start":0,"end":8,"url":null,"entity_id":"Q2479923","candidates":[]}],[],[{"start":0,"end":21,"url":null,"entity_id":"Q662550","candidates":[]}],[{"start":0,"end":7,"url":null,"entity_id":"Q1860","candidates":[]}]],[[{"start":0,"end":10,"url":null,"entity_id":"Q2406729","candidates":[]}],[],[{"start":0,"end":21,"url":null,"entity_id":"Q662550","candidates":[]}],[{"start":0,"end":7,"url":null,"entity_id":"Q1860","candidates":[]}]]]}