{"version":"1.2","table":{"version":"2","table_id":"JQQESW60","columns":[{"index":0,"name":"col0","values":["191 Monaco Grand Prix","1982 Monacp Grand Prix","1936 Monao Grand Prix","2002 Mopaco Grand Prix","1960 Monaco Hrand Prix","1961 Monaco GrandPrix","1959 Monacr Grand Prix","1929 Monco Grand Prix","1958#Monaco Grand Prix","1980 Monaeo Grand Qrix","1977 Monaco\"GrandPrix","2004 Monacp Grand Prix","376 Mopaco Grand Prix","4974 Monaco Grand Prix","1975 Mnaco Grand Prix","1997 Ponaco Grand Prix","2003 Monaco Grand Pri{","2013 Monaco Jrand Prix","2014 Monaco Grad Prkx","2011 Monaco Grand rix"]},{"index":1,"name":"col1","values":["Monaco","Monaco","Monaco","Monaco","Monaco","Monaco","Monaco","Monaco","Monaco","Monaco","Monaco","Monaco","Monaco","Monaco","Monaco","Monaco","Monaco","Monaco","Monaco","Monaco"]},{"index":2,"name":"col2","values":["Louis Chiron","Riccardo Patrese","Hans Stuck","Rubens Barrichello","Bruce McLaren","Richie Ginther","Jack Brabham","William Grover-Williams","Mike Hawthorn","Carlos Reutemann","Jody Scheckter","Michael Schumacher","Clay Regazzoni","Ronnie Peterson","Patrick Depailler","Michael Schumacher","Kimi Räikkönen","Sebastian Vettel","Kimi Räikkönen","Mark Webber"]},{"index":3,"name":"col3","values":["100.1","75.62","99.1","77.922","100.1","100.49999999999999","99.0","100.1","99.3","75.772","76.532","77.077","77.454","77.376","75.3","61.69","77.376","77.688","78.702","78.07799999999999"]},{"index":4,"name":"col4","values":["René Dreyfus","René Arnoux","Louis Chiron","Juan Pablo Montoya","Stirling Moss","Stirling Moss","Stirling Moss","Philippe Étancelin","Tony Brooks","Didier Pironi","John Watson","Jarno Trulli","Niki Lauda","Niki Lauda","Niki Lauda","Heinz-Harald Frentzen","Ralf Schumacher","Nico Rosberg","Nico Rosberg","Sebastian Vettel"]}]},"context":{"page_title":null,"page_url":null,"page_entity_id":null,"content_hierarchy":[]},"links":[[[{"start":0,"end":22,"url":null,"entity_id":"Q171492","candidates":[]}],[{"start":0,"end":6,"url":null,"entity_id":"Q235","candidates":[]}],[{"start":0,"end":16,"url":null,"entity_id":"Q172759","candidates":[]}],[],[{"start":0,"end":11,"url":null,"entity_id":"Q173279","candidates":[]}]],[[{"start":0,"end":21,"url":null,"entity_id":"Q3113901","candidates":[]}],[{"start":0,"end":6,"url":null,"entity_id":"Q235","candidates":[]}],[{"start":0,"end":10,"url":null,"entity_id":"Q61541","candidates":[]}],[],[{"start":0,"end":12,"url":null,"entity_id":"Q173226","candidates":[]}]],[[{"start":0,"end":22,"url":null,"entity_id":"Q419556","candidates":[]}],[{"start":0,"end":6,"url":null,"entity_id":"Q235","candidates":[]}],[{"start":0,"end":18,"url":null,"entity_id":"Q169846","candidates":[]}],[],[{"start":0,"end":18,"url":null,"entity_id":"Q172744","candidates":[]}]],[[{"start":0,"end":22,"url":null,"entity_id":"Q417837","candidates":[]}],[{"start":0,"end":6,"url":null,"entity_id":"Q235","candidates":[]}],[{"start":0,"end":13,"url":null,"entity_id":"Q173081","candidates":[]}],[],[{"start":0,"end":13,"url":null,"entity_id":"Q172728","candidates":[]}]],[[{"start":0,"end":21,"url":null,"entity_id":"Q417860","candidates":[]}],[{"start":0,"end":6,"url":null,"entity_id":"Q235","candidates":[]}],[{"start":0,"end":14,"url":null,"entity_id":"Q171460","candidates":[]}],[],[{"start":0,"end":13,"url":null,"entity_id":"Q172728","candidates":[]}]],[[{"start":0,"end":22,"url":null,"entity_id":"Q417811","candidates":[]}],[{"start":0,"end":6,"url":null,"entity_id":"Q235","candidates":[]}],[{"start":0,"end":12,"url":null,"entity_id":"Q2125","candidates":[]}],[],[{"start":0,"end":13,"url":null,"entity_id":"Q172728","candidates":[]}]],[[{"start":0,"end":21,"url":null,"entity_id":"Q3113897","candidates":[]}],[{"start":0,"end":6,"url":null,"entity_id":"Q235","candidates":[]}],[{"start":0,"end":23,"url":null,"entity_id":"Q2702458","candidates":[]}],[],[{"start":0,"end":18,"url":null,"entity_id":"Q171994","candidates":[]}]],[[{"start":0,"end":22,"url":null,"entity_id":"Q417784","candidates":[]}],[{"start":0,"end":6,"url":null,"entity_id":"Q235","candidates":[]}],[{"start":0,"end":13,"url":null,"entity_id":"Q2104","candidates":[]}],[],[{"start":0,"end":11,"url":null,"entity_id":"Q171481","candidates":[]}]],[[{"start":0,"end":22,"url":null,"entity_id":"Q171935","candidates":[]}],[{"start":0,"end":6,"url":null,"entity_id":"Q235","candidates":[]}],[{"start":0,"end":16,"url":null,"entity_id":"Q173238","candidates":[]}],[],[{"start":0,"end":13,"url":null,"entity_id":"Q171432","candidates":[]}]],[[{"start":0,"end":21,"url":null,"entity_id":"Q171944","candidates":[]}],[{"start":0,"end":6,"url":null,"entity_id":"Q235","candidates":[]}],[{"start":0,"end":14,"url":null,"entity_id":"Q172775","candidates":[]}],[],[{"start":0,"end":11,"url":null,"entity_id":"Q171422","candidates":[]}]],[[{"start":0,"end":22,"url":null,"entity_id":"Q419607","candidates":[]}],[{"start":0,"end":6,"url":null,"entity_id":"Q235","candidates":[]}],[{"start":0,"end":18,"url":null,"entity_id":"Q9671","candidates":[]}],[],[{"start":0,"end":12,"url":null,"entity_id":"Q171350","candidates":[]}]],[[{"start":0,"end":21,"url":null,"entity_id":"Q171945","candidates":[]}],[{"start":0,"end":6,"url":null,"entity_id":"Q235","candidates":[]}],[{"start":0,"end":14,"url":null,"entity_id":"Q173284","candidates":[]}],[],[{"start":0,"end":10,"url":null,"entity_id":"Q78489","candidates":[]}]],[[{"start":0,"end":22,"url":null,"entity_id":"Q171949","candidates":[]}],[{"start":0,"end":6,"url":null,"entity_id":"Q235","candidates":[]}],[{"start":0,"end":15,"url":null,"entity_id":"Q173280","candidates":[]}],[],[{"start":0,"end":10,"url":null,"entity_id":"Q78489","candidates":[]}]],[[{"start":0,"end":21,"url":null,"entity_id":"Q171946","candidates":[]}],[{"start":0,"end":6,"url":null,"entity_id":"Q235","candidates":[]}],[{"start":0,"end":17,"url":null,"entity_id":"Q171611","candidates":[]}],[],[{"start":0,"end":10,"url":null,"entity_id":"Q78489","candidates":[]}]],[[{"start":0,"end":22,"url":null,"entity_id":"Q419469","candidates":[]}],[{"start":0,"end":6,"url":null,"entity_id":"Q235","candidates":[]}],[{"start":0,"end":18,"url":null,"entity_id":"Q9671","candidates":[]}],[],[{"start":0,"end":21,"url":null,"entity_id":"Q76720","candidates":[]}]],[[{"start":0,"end":22,"url":null,"entity_id":"Q419585","candidates":[]}],[{"start":0,"end":6,"url":null,"entity_id":"Q235","candidates":[]}],[{"start":0,"end":14,"url":null,"entity_id":"Q11192","candidates":[]}],[],[{"start":0,"end":15,"url":null,"entity_id":"Q75825","candidates":[]}]],[[{"start":0,"end":22,"url":null,"entity_id":"Q6352450","candidates":[]}],[{"start":0,"end":6,"url":null,"entity_id":"Q235","candidates":[]}],[{"start":0,"end":16,"url":null,"entity_id":"Q42311","candidates":[]}],[],[{"start":0,"end":12,"url":null,"entity_id":"Q75820","candidates":[]}]],[[{"start":0,"end":21,"url":null,"entity_id":"Q15978620","candidates":[]}],[{"start":0,"end":6,"url":null,"entity_id":"Q235","candidates":[]}],[{"start":0,"end":14,"url":null,"entity_id":"Q11192","candidates":[]}],[],[{"start":0,"end":12,"url":null,"entity_id":"Q75820","candidates":[]}]],[[{"start":0,"end":21,"url":null,"entity_id":"Q171383","candidates":[]}],[{"start":0,"end":6,"url":null,"entity_id":"Q235","candidates":[]}],[{"start":0,"end":11,"url":null,"entity_id":"Q82667","candidates":[]}],[],[{"start":0,"end":16,"url":null,"entity_id":"Q42311","candidates":[]}]],[[{"start":0,"end":21,"url":null,"entity_id":"Q3113903","candidates":[]}],[{"start":0,"end":6,"url":null,"entity_id":"Q235","candidates":[]}],[{"start":0,"end":12,"url":null,"entity_id":"Q173226","candidates":[]}],[],[{"start":0,"end":12,"url":null,"entity_id":"Q563374","candidates":[]}]]]}