{"version":"1.2","table":{"version":"2","table_id":"JRXD5NCQ","columns":[{"index":0,"name":"col0","values":["Conejos County","Summit County","Phillips County","Dolores County","Crowley County","Bent County","Custer County","Delta County","Sedgwick County","Cheyenne County","Arapahoe County","Alamosa County","Costilla County","Archuleta County","Prowers County","Baca County","Mesa County","La Plata County","Hinsdale County","Kit Carson County"]},{"index":1,"name":"col1","values":["8277","28649","4356","2029","5322","5688","4285","30483","2360","1890","607070","16253","3518","12194","12291","3682","147554","53284","813","8037"]},{"index":2,"name":"col2","values":["0.3","1.8","0.02","0.1","1.6","1.8","0.2","0.6","0.2","0.2","0.9","0.1","0.3","0.4","0.4","0.09","0.4","0.4","0.5","0.04"]},{"index":3,"name":"col3","values":["3343","1604","1781","2766","2073","3991","1916","2975","1420","4614","2086","1874","3187","3511","4259","6623","8653","4403","2909","5598"]}]},"context":{"page_title":null,"page_url":null,"page_entity_id":null,"content_hierarchy":[]},"links":[[[{"start":0,"end":13,"url":null,"entity_id":"Q312453","candidates":[]}],[],[],[]],[[{"start":0,"end":15,"url":null,"entity_id":"Q312451","candidates":[]}],[],[],[]],[[{"start":0,"end":14,"url":null,"entity_id":"Q312449","candidates":[]}],[],[],[]],[[{"start":0,"end":14,"url":null,"entity_id":"Q312254","candidates":[]}],[],[],[]],[[{"start":0,"end":11,"url":null,"entity_id":"Q312201","candidates":[]}],[],[],[]],[[{"start":0,"end":13,"url":null,"entity_id":"Q312155","candidates":[]}],[],[],[]],[[{"start":0,"end":12,"url":null,"entity_id":"Q312149","candidates":[]}],[],[],[]],[[{"start":0,"end":15,"url":null,"entity_id":"Q311921","candidates":[]}],[],[],[]],[[{"start":0,"end":15,"url":null,"entity_id":"Q311908","candidates":[]}],[],[],[]],[[{"start":0,"end":15,"url":null,"entity_id":"Q311904","candidates":[]}],[],[],[]],[[{"start":0,"end":14,"url":null,"entity_id":"Q311901","candidates":[]}],[],[],[]],[[{"start":0,"end":15,"url":null,"entity_id":"Q311897","candidates":[]}],[],[],[]],[[{"start":0,"end":16,"url":null,"entity_id":"Q311894","candidates":[]}],[],[],[]],[[{"start":0,"end":14,"url":null,"entity_id":"Q175035","candidates":[]}],[],[],[]],[[{"start":0,"end":11,"url":null,"entity_id":"Q156429","candidates":[]}],[],[],[]],[[{"start":0,"end":11,"url":null,"entity_id":"Q153251","candidates":[]}],[],[],[]],[[{"start":0,"end":15,"url":null,"entity_id":"Q128096","candidates":[]}],[],[],[]],[[{"start":0,"end":15,"url":null,"entity_id":"Q128080","candidates":[]}],[],[],[]],[[{"start":0,"end":17,"url":null,"entity_id":"Q128079","candidates":[]}],[],[],[]],[[{"start":0,"end":14,"url":null,"entity_id":"Q312455","candidates":[]}],[],[],[]]]}