{"version":"1.2","table":{"version":"2","table_id":"JU3MDKLH","columns":[{"index":0,"name":"col0","values":["San Carpoforo (Como)","Palazzo Litta","Casamari Abbey","Abbey of Monte Cassino","Synagogue (Asti)","San Torpete","Quattro Fontane","Church of Domine Quo Vadis","Santa Lucia in Selci","Santa Caterina a Magnanapoli","Four Rivers Fountain","Santa Dorotea","Palazzo della Pilotta","Palazzo Marigliano","Biblioteca Medicea Laurenziana","Church of San Macuto","Castel Savoia","Miramare Castle","Naples Cathedral","Altare della Patria"]},{"index":1,"name":"col1","values":["Como","Milan","Veroli","Cassino","Asti","Genoa","Rome","Rome","Rome","Rome","Rome","Rome","Parma","Naples","Florence","Rome","Gressoney-Saint-Jean","Trieste","Naples","Rome"]},{"index":2,"name":"col2","values":["Romanesque architecture","Italian Baroque architecture","Cistercian architecture","Napolitan baroque architecture","baroque architecture","baroque architecture","baroque architecture","baroque architecture","baroque architecture","baroque architecture","baroque architecture","baroque architecture","Renaissance architecture","Renaissance architecture","Renaissance architecture","Renaissance architecture","Gothic Revival architecture","Gothic Revival architecture","Gothic architecture","Neoclassical architecture"]},{"index":3,"name":"col3","values":["Italian national heritage","Italian national heritage","Italian national heritage","Italian national heritage","Italian national heritage","Italian national heritage","Italian national heritage","Italian national heritage","Italian national heritage","Italian national heritage","Italian national heritage","Italian national heritage","Italian national heritage","Italian national heritage","Italian national heritage","Italian national heritage","Italian national heritage","Italian national heritage","Italian national heritage","Italian national heritage"]}]},"context":{"page_title":null,"page_url":null,"page_entity_id":null,"content_hierarchy":[]},"links":[[[{"start":0,"end":13,"url":null,"entity_id":"Q732658","candidates":[]}],[{"start":0,"end":5,"url":null,"entity_id":"Q490","candidates":[]}],[{"start":0,"end":28,"url":null,"entity_id":"Q6092662","candidates":[]}],[{"start":0,"end":25,"url":null,"entity_id":"Q26971668","candidates":[]}]],[[{"start":0,"end":14,"url":null,"entity_id":"Q833129","candidates":[]}],[{"start":0,"end":6,"url":null,"entity_id":"Q42466","candidates":[]}],[{"start":0,"end":23,"url":null,"entity_id":"Q2864605","candidates":[]}],[{"start":0,"end":25,"url":null,"entity_id":"Q26971668","candidates":[]}]],[[{"start":0,"end":22,"url":null,"entity_id":"Q334051","candidates":[]}],[{"start":0,"end":7,"url":null,"entity_id":"Q116592","candidates":[]}],[{"start":0,"end":30,"url":null,"entity_id":"Q2420087","candidates":[]}],[{"start":0,"end":25,"url":null,"entity_id":"Q26971668","candidates":[]}]],[[{"start":0,"end":16,"url":null,"entity_id":"Q962344","candidates":[]}],[{"start":0,"end":4,"url":null,"entity_id":"Q6122","candidates":[]}],[{"start":0,"end":20,"url":null,"entity_id":"Q840829","candidates":[]}],[{"start":0,"end":25,"url":null,"entity_id":"Q26971668","candidates":[]}]],[[{"start":0,"end":11,"url":null,"entity_id":"Q663399","candidates":[]}],[{"start":0,"end":5,"url":null,"entity_id":"Q1449","candidates":[]}],[{"start":0,"end":20,"url":null,"entity_id":"Q840829","candidates":[]}],[{"start":0,"end":25,"url":null,"entity_id":"Q26971668","candidates":[]}]],[[{"start":0,"end":15,"url":null,"entity_id":"Q1217302","candidates":[]}],[{"start":0,"end":4,"url":null,"entity_id":"Q220","candidates":[]}],[{"start":0,"end":20,"url":null,"entity_id":"Q840829","candidates":[]}],[{"start":0,"end":25,"url":null,"entity_id":"Q26971668","candidates":[]}]],[[{"start":0,"end":26,"url":null,"entity_id":"Q1081921","candidates":[]}],[{"start":0,"end":4,"url":null,"entity_id":"Q220","candidates":[]}],[{"start":0,"end":20,"url":null,"entity_id":"Q840829","candidates":[]}],[{"start":0,"end":25,"url":null,"entity_id":"Q26971668","candidates":[]}]],[[{"start":0,"end":20,"url":null,"entity_id":"Q911564","candidates":[]}],[{"start":0,"end":4,"url":null,"entity_id":"Q220","candidates":[]}],[{"start":0,"end":20,"url":null,"entity_id":"Q840829","candidates":[]}],[{"start":0,"end":25,"url":null,"entity_id":"Q26971668","candidates":[]}]],[[{"start":0,"end":28,"url":null,"entity_id":"Q727508","candidates":[]}],[{"start":0,"end":4,"url":null,"entity_id":"Q220","candidates":[]}],[{"start":0,"end":20,"url":null,"entity_id":"Q840829","candidates":[]}],[{"start":0,"end":25,"url":null,"entity_id":"Q26971668","candidates":[]}]],[[{"start":0,"end":20,"url":null,"entity_id":"Q655470","candidates":[]}],[{"start":0,"end":4,"url":null,"entity_id":"Q220","candidates":[]}],[{"start":0,"end":20,"url":null,"entity_id":"Q840829","candidates":[]}],[{"start":0,"end":25,"url":null,"entity_id":"Q26971668","candidates":[]}]],[[{"start":0,"end":13,"url":null,"entity_id":"Q426226","candidates":[]}],[{"start":0,"end":4,"url":null,"entity_id":"Q220","candidates":[]}],[{"start":0,"end":20,"url":null,"entity_id":"Q840829","candidates":[]}],[{"start":0,"end":25,"url":null,"entity_id":"Q26971668","candidates":[]}]],[[{"start":0,"end":21,"url":null,"entity_id":"Q822085","candidates":[]}],[{"start":0,"end":5,"url":null,"entity_id":"Q2683","candidates":[]}],[{"start":0,"end":24,"url":null,"entity_id":"Q236122","candidates":[]}],[{"start":0,"end":25,"url":null,"entity_id":"Q26971668","candidates":[]}]],[[{"start":0,"end":18,"url":null,"entity_id":"Q922996","candidates":[]}],[{"start":0,"end":6,"url":null,"entity_id":"Q2634","candidates":[]}],[{"start":0,"end":24,"url":null,"entity_id":"Q236122","candidates":[]}],[{"start":0,"end":25,"url":null,"entity_id":"Q26971668","candidates":[]}]],[[{"start":0,"end":30,"url":null,"entity_id":"Q856419","candidates":[]}],[{"start":0,"end":8,"url":null,"entity_id":"Q2044","candidates":[]}],[{"start":0,"end":24,"url":null,"entity_id":"Q236122","candidates":[]}],[{"start":0,"end":25,"url":null,"entity_id":"Q26971668","candidates":[]}]],[[{"start":0,"end":20,"url":null,"entity_id":"Q676902","candidates":[]}],[{"start":0,"end":4,"url":null,"entity_id":"Q220","candidates":[]}],[{"start":0,"end":24,"url":null,"entity_id":"Q236122","candidates":[]}],[{"start":0,"end":25,"url":null,"entity_id":"Q26971668","candidates":[]}]],[[{"start":0,"end":13,"url":null,"entity_id":"Q112485","candidates":[]}],[{"start":0,"end":20,"url":null,"entity_id":"Q35082","candidates":[]}],[{"start":0,"end":27,"url":null,"entity_id":"Q186363","candidates":[]}],[{"start":0,"end":25,"url":null,"entity_id":"Q26971668","candidates":[]}]],[[{"start":0,"end":15,"url":null,"entity_id":"Q165069","candidates":[]}],[{"start":0,"end":7,"url":null,"entity_id":"Q546","candidates":[]}],[{"start":0,"end":27,"url":null,"entity_id":"Q186363","candidates":[]}],[{"start":0,"end":25,"url":null,"entity_id":"Q26971668","candidates":[]}]],[[{"start":0,"end":16,"url":null,"entity_id":"Q256486","candidates":[]}],[{"start":0,"end":6,"url":null,"entity_id":"Q2634","candidates":[]}],[{"start":0,"end":19,"url":null,"entity_id":"Q176483","candidates":[]}],[{"start":0,"end":25,"url":null,"entity_id":"Q26971668","candidates":[]}]],[[{"start":0,"end":19,"url":null,"entity_id":"Q506234","candidates":[]}],[{"start":0,"end":4,"url":null,"entity_id":"Q220","candidates":[]}],[{"start":0,"end":25,"url":null,"entity_id":"Q54111","candidates":[]}],[{"start":0,"end":25,"url":null,"entity_id":"Q26971668","candidates":[]}]],[[{"start":0,"end":20,"url":null,"entity_id":"Q2887098","candidates":[]}],[{"start":0,"end":4,"url":null,"entity_id":"Q1308","candidates":[]}],[{"start":0,"end":23,"url":null,"entity_id":"Q46261","candidates":[]}],[{"start":0,"end":25,"url":null,"entity_id":"Q26971668","candidates":[]}]]]}