{"version":"1.2","table":{"version":"2","table_id":"JV5UZZON","columns":[{"index":0,"name":"col0","values":["HMAS Bunbury","HMAS Geelong","HMAS Townsville","HMAS Cairns","HMAS Wollongong","HMAS Bundaberg","HMAS Junee","HMS Coreopsis","HMS Abelia","HMS Visby","HMS Nyköping","HMAS Lismore","HMS Sundsvall","HMS Karlstad","HMS Helsingborg","HMS Göteborg","HMAS Ballarat","HMAS Pirie","HMAS Whyalla","HMIS Bengal"]},{"index":1,"name":"col1","values":["Evans Deakin and Company","Williamstown Dockyard","Evans Deakin and Company","Walkers Limited","Cockatoo Docks & Engineering Company","Evans Deakin and Company","Poole & Steel","A. & J. Inglis","Harland and Wolff","Kockums","Kockums","Mort's Dock","Karlskrona shipyard","Kockums","Kockums","Karlskrona shipyard","Williamstown Dockyard","BHP Group","BHP Group","Cockatoo Docks & Engineering Company"]},{"index":2,"name":"col2","values":["Bathurst-class corvette","Bathurst-class corvette","Bathurst-class corvette","Bathurst-class corvette","Bathurst-class corvette","Bathurst-class corvette","Bathurst-class corvette","Flower","Flower","Visby-class corvette","Visby-class corvette","Bathurst-class corvette","Göteborg-class corvette","Visby-class corvette","Visby-class corvette","Göteborg-class corvette","Bathurst-class corvette","Bathurst-class corvette","Bathurst-class corvette","Bathurst-class corvette"]},{"index":3,"name":"col3","values":["Bunbury","Geelong","Townsville","Cairns","Wollongong","Bundaberg","Junee","Antonios Kriezis","Abelia","Visby","Nyköping","Lismore","Sundsvall","Karlstad","Helsingborg","Gothenburg","Ballarat","Port Pirie","Whyalla","Bengal"]}]},"context":{"page_title":null,"page_url":null,"page_entity_id":null,"content_hierarchy":[]},"links":[[[{"start":0,"end":12,"url":null,"entity_id":"Q5630346","candidates":[]}],[{"start":0,"end":21,"url":null,"entity_id":"Q8021298","candidates":[]}],[{"start":0,"end":23,"url":null,"entity_id":"Q2039052","candidates":[]}],[{"start":0,"end":7,"url":null,"entity_id":"Q231765","candidates":[]}]],[[{"start":0,"end":15,"url":null,"entity_id":"Q5630628","candidates":[]}],[{"start":0,"end":24,"url":null,"entity_id":"Q5415904","candidates":[]}],[{"start":0,"end":23,"url":null,"entity_id":"Q2039052","candidates":[]}],[{"start":0,"end":10,"url":null,"entity_id":"Q190021","candidates":[]}]],[[{"start":0,"end":11,"url":null,"entity_id":"Q5630294","candidates":[]}],[{"start":0,"end":15,"url":null,"entity_id":"Q13551978","candidates":[]}],[{"start":0,"end":23,"url":null,"entity_id":"Q2039052","candidates":[]}],[{"start":0,"end":6,"url":null,"entity_id":"Q189133","candidates":[]}]],[[{"start":0,"end":15,"url":null,"entity_id":"Q1564142","candidates":[]}],[{"start":0,"end":36,"url":null,"entity_id":"Q54621315","candidates":[]}],[{"start":0,"end":23,"url":null,"entity_id":"Q2039052","candidates":[]}],[{"start":0,"end":10,"url":null,"entity_id":"Q187861","candidates":[]}]],[[{"start":0,"end":14,"url":null,"entity_id":"Q5630291","candidates":[]}],[{"start":0,"end":24,"url":null,"entity_id":"Q5415904","candidates":[]}],[{"start":0,"end":23,"url":null,"entity_id":"Q2039052","candidates":[]}],[{"start":0,"end":9,"url":null,"entity_id":"Q185404","candidates":[]}]],[[{"start":0,"end":10,"url":null,"entity_id":"Q5630389","candidates":[]}],[{"start":0,"end":13,"url":null,"entity_id":"Q7228607","candidates":[]}],[{"start":0,"end":23,"url":null,"entity_id":"Q2039052","candidates":[]}],[{"start":0,"end":5,"url":null,"entity_id":"Q180858","candidates":[]}]],[[{"start":0,"end":13,"url":null,"entity_id":"Q24716","candidates":[]}],[{"start":0,"end":14,"url":null,"entity_id":"Q278500","candidates":[]}],[{"start":0,"end":6,"url":null,"entity_id":"Q404394","candidates":[]}],[{"start":0,"end":16,"url":null,"entity_id":"Q177296","candidates":[]}]],[[{"start":0,"end":10,"url":null,"entity_id":"Q723335","candidates":[]}],[{"start":0,"end":17,"url":null,"entity_id":"Q848977","candidates":[]}],[{"start":0,"end":6,"url":null,"entity_id":"Q404394","candidates":[]}],[{"start":0,"end":6,"url":null,"entity_id":"Q158261","candidates":[]}]],[[{"start":0,"end":9,"url":null,"entity_id":"Q4352699","candidates":[]}],[{"start":0,"end":7,"url":null,"entity_id":"Q1408079","candidates":[]}],[{"start":0,"end":20,"url":null,"entity_id":"Q762384","candidates":[]}],[{"start":0,"end":5,"url":null,"entity_id":"Q54757","candidates":[]}]],[[{"start":0,"end":12,"url":null,"entity_id":"Q4354884","candidates":[]}],[{"start":0,"end":7,"url":null,"entity_id":"Q1408079","candidates":[]}],[{"start":0,"end":20,"url":null,"entity_id":"Q762384","candidates":[]}],[{"start":0,"end":8,"url":null,"entity_id":"Q54356","candidates":[]}]],[[{"start":0,"end":12,"url":null,"entity_id":"Q5630437","candidates":[]}],[{"start":0,"end":11,"url":null,"entity_id":"Q6914311","candidates":[]}],[{"start":0,"end":23,"url":null,"entity_id":"Q2039052","candidates":[]}],[{"start":0,"end":7,"url":null,"entity_id":"Q35001","candidates":[]}]],[[{"start":0,"end":13,"url":null,"entity_id":"Q4352711","candidates":[]}],[{"start":0,"end":19,"url":null,"entity_id":"Q10543891","candidates":[]}],[{"start":0,"end":23,"url":null,"entity_id":"Q1559709","candidates":[]}],[{"start":0,"end":9,"url":null,"entity_id":"Q26476","candidates":[]}]],[[{"start":0,"end":12,"url":null,"entity_id":"Q4354888","candidates":[]}],[{"start":0,"end":7,"url":null,"entity_id":"Q1408079","candidates":[]}],[{"start":0,"end":20,"url":null,"entity_id":"Q762384","candidates":[]}],[{"start":0,"end":8,"url":null,"entity_id":"Q25457","candidates":[]}]],[[{"start":0,"end":15,"url":null,"entity_id":"Q4352643","candidates":[]}],[{"start":0,"end":7,"url":null,"entity_id":"Q1408079","candidates":[]}],[{"start":0,"end":20,"url":null,"entity_id":"Q762384","candidates":[]}],[{"start":0,"end":11,"url":null,"entity_id":"Q25411","candidates":[]}]],[[{"start":0,"end":12,"url":null,"entity_id":"Q5473685","candidates":[]}],[{"start":0,"end":19,"url":null,"entity_id":"Q10543891","candidates":[]}],[{"start":0,"end":23,"url":null,"entity_id":"Q1559709","candidates":[]}],[{"start":0,"end":10,"url":null,"entity_id":"Q25287","candidates":[]}]],[[{"start":0,"end":13,"url":null,"entity_id":"Q1564051","candidates":[]}],[{"start":0,"end":21,"url":null,"entity_id":"Q8021298","candidates":[]}],[{"start":0,"end":23,"url":null,"entity_id":"Q2039052","candidates":[]}],[{"start":0,"end":8,"url":null,"entity_id":"Q17856","candidates":[]}]],[[{"start":0,"end":10,"url":null,"entity_id":"Q5630528","candidates":[]}],[{"start":0,"end":9,"url":null,"entity_id":"Q625713","candidates":[]}],[{"start":0,"end":23,"url":null,"entity_id":"Q2039052","candidates":[]}],[{"start":0,"end":10,"url":null,"entity_id":"Q14966","candidates":[]}]],[[{"start":0,"end":12,"url":null,"entity_id":"Q5630666","candidates":[]}],[{"start":0,"end":9,"url":null,"entity_id":"Q625713","candidates":[]}],[{"start":0,"end":23,"url":null,"entity_id":"Q2039052","candidates":[]}],[{"start":0,"end":7,"url":null,"entity_id":"Q706029","candidates":[]}]],[[{"start":0,"end":11,"url":null,"entity_id":"Q5631021","candidates":[]}],[{"start":0,"end":36,"url":null,"entity_id":"Q54621315","candidates":[]}],[{"start":0,"end":23,"url":null,"entity_id":"Q2039052","candidates":[]}],[{"start":0,"end":6,"url":null,"entity_id":"Q80338","candidates":[]}]],[[{"start":0,"end":12,"url":null,"entity_id":"Q5630288","candidates":[]}],[{"start":0,"end":24,"url":null,"entity_id":"Q5415904","candidates":[]}],[{"start":0,"end":23,"url":null,"entity_id":"Q2039052","candidates":[]}],[{"start":0,"end":7,"url":null,"entity_id":"Q256711","candidates":[]}]]]}