{"version":"1.2","table":{"version":"2","table_id":"JV7S0MSB","columns":[{"index":0,"name":"col0","values":["16 Cyg A","pi. Cep A","L 449-1","75 Cygni","HD 172976","NV TrA","AE Aurigae","A0620-00","Epsilon Volantis","R Cassiopeiae","Kepler-34","Alpha Lyncis","97 Tauri","HD 155454","HD 149392","HD 146284","HD 143321","HD 131376","HD 120848","HD 120675"]},{"index":1,"name":"col1","values":["295.4539747147241","346.97437632158295","79.3454459187913","325.0462831110264","280.2645620358569","250.0231586822197","79.0756205989318","95.6855917981057","121.9824756417004","359.60362512163954","296.4358230461329","140.26375309625","72.8435533081806","262.1832867928202","250.1976436962917","244.111230889731","240.5186484803451","223.9919697364693","207.9658205305684","208.0121391227376"]},{"index":2,"name":"col2","values":["50.5250607724454","75.38750061332055","-35.365177520153","43.2738378013093","44.271102924455","-62.932332399516","34.312318615563","-0.3456359524862","-68.61706353067721","51.38880332701833","44.64155901507528","34.39256237389","18.8399047757989","-82.7796001378187","-72.29960918350584","-24.2819469323325","-51.1207719761218","-60.9059150138379","10.1359210694793","-47.8657449207826"]},{"index":3,"name":"col3","values":["21.1519","72.8417","11.6027","132.961","257.9713","562.1451","405.8112","3000","227.102","187.206","1896.45","63.4055","49.2739","655.2651","136.001","206.2621","228.5088","148.3613","212.5173","229.4473"]},{"index":4,"name":"col4","values":["-158.961","-31.626","-218.991","15.488","-0.961","-9.305","-4.44","-5.204","-29.65","18.76","-5.125","-220.829","92.087","-1.464","18.644","-13.91","-16.57","-40.577","-38.978","-19.114"]}]},"context":{"page_title":null,"page_url":null,"page_entity_id":null,"content_hierarchy":[]},"links":[[[{"start":0,"end":9,"url":null,"entity_id":"Q66476694","candidates":[]}],[],[],[],[]],[[{"start":0,"end":7,"url":null,"entity_id":"Q15709539","candidates":[]}],[],[],[],[]],[[{"start":0,"end":8,"url":null,"entity_id":"Q15637601","candidates":[]}],[],[],[],[]],[[{"start":0,"end":9,"url":null,"entity_id":"Q15123238","candidates":[]}],[],[],[],[]],[[{"start":0,"end":6,"url":null,"entity_id":"Q15121000","candidates":[]}],[],[],[],[]],[[{"start":0,"end":10,"url":null,"entity_id":"Q291545","candidates":[]}],[],[],[],[]],[[{"start":0,"end":8,"url":null,"entity_id":"Q279292","candidates":[]}],[],[],[],[]],[[{"start":0,"end":16,"url":null,"entity_id":"Q263782","candidates":[]}],[],[],[],[]],[[{"start":0,"end":13,"url":null,"entity_id":"Q257904","candidates":[]}],[],[],[],[]],[[{"start":0,"end":9,"url":null,"entity_id":"Q254880","candidates":[]}],[],[],[],[]],[[{"start":0,"end":12,"url":null,"entity_id":"Q253406","candidates":[]}],[],[],[],[]],[[{"start":0,"end":8,"url":null,"entity_id":"Q247973","candidates":[]}],[],[],[],[]],[[{"start":0,"end":9,"url":null,"entity_id":"Q66484413","candidates":[]}],[],[],[],[]],[[{"start":0,"end":9,"url":null,"entity_id":"Q66484297","candidates":[]}],[],[],[],[]],[[{"start":0,"end":9,"url":null,"entity_id":"Q66484235","candidates":[]}],[],[],[],[]],[[{"start":0,"end":9,"url":null,"entity_id":"Q66484182","candidates":[]}],[],[],[],[]],[[{"start":0,"end":9,"url":null,"entity_id":"Q66483978","candidates":[]}],[],[],[],[]],[[{"start":0,"end":9,"url":null,"entity_id":"Q66483804","candidates":[]}],[],[],[],[]],[[{"start":0,"end":9,"url":null,"entity_id":"Q66483801","candidates":[]}],[],[],[],[]],[[{"start":0,"end":8,"url":null,"entity_id":"Q66477084","candidates":[]}],[],[],[],[]]]}