{"version":"1.2","table":{"version":"2","table_id":"JWACU4E8","columns":[{"index":0,"name":"col0","values":["kelvin","sievert","joule per tesla","ampere per square metre","gray","siemens","farad per metre","steradian","lux","inverse metre","henry","weber","reciprocal cubic metre","farad","radian per second","ohm metre","lumen","mole","candela","newton metre"]},{"index":1,"name":"col1","values":["thermodynamic temperature","equivalent dose","magnetic moment","electric current density","absorbed dose","admittance","permittivity","solid angle","illuminance","wavenumber","inductance","magnetic flux","number density","capacitance","angular velocity","electrical resistivity","luminous flux","amount of substance","luminous intensity","torque"]},{"index":2,"name":"col2","values":["1","1","1","1","1","1","1","1","1","1","1","1","1","1","1","1","1","1","1","1"]}]},"context":{"page_title":null,"page_url":null,"page_entity_id":null,"content_hierarchy":[]},"links":[[[{"start":0,"end":6,"url":null,"entity_id":"Q11579","candidates":[]}],[{"start":0,"end":25,"url":null,"entity_id":"Q264647","candidates":[]}],[]],[[{"start":0,"end":7,"url":null,"entity_id":"Q103246","candidates":[]}],[{"start":0,"end":15,"url":null,"entity_id":"Q256106","candidates":[]}],[]],[[{"start":0,"end":15,"url":null,"entity_id":"Q21088638","candidates":[]}],[{"start":0,"end":15,"url":null,"entity_id":"Q242657","candidates":[]}],[]],[[{"start":0,"end":23,"url":null,"entity_id":"Q2844477","candidates":[]}],[{"start":0,"end":24,"url":null,"entity_id":"Q234072","candidates":[]}],[]],[[{"start":0,"end":4,"url":null,"entity_id":"Q190095","candidates":[]}],[{"start":0,"end":13,"url":null,"entity_id":"Q215313","candidates":[]}],[]],[[{"start":0,"end":7,"url":null,"entity_id":"Q169893","candidates":[]}],[{"start":0,"end":10,"url":null,"entity_id":"Q214518","candidates":[]}],[]],[[{"start":0,"end":15,"url":null,"entity_id":"Q21294882","candidates":[]}],[{"start":0,"end":12,"url":null,"entity_id":"Q211569","candidates":[]}],[]],[[{"start":0,"end":9,"url":null,"entity_id":"Q177612","candidates":[]}],[{"start":0,"end":11,"url":null,"entity_id":"Q208476","candidates":[]}],[]],[[{"start":0,"end":3,"url":null,"entity_id":"Q179836","candidates":[]}],[{"start":0,"end":11,"url":null,"entity_id":"Q194411","candidates":[]}],[]],[[{"start":0,"end":13,"url":null,"entity_id":"Q11547251","candidates":[]}],[{"start":0,"end":10,"url":null,"entity_id":"Q192510","candidates":[]}],[]],[[{"start":0,"end":5,"url":null,"entity_id":"Q163354","candidates":[]}],[{"start":0,"end":10,"url":null,"entity_id":"Q177897","candidates":[]}],[]],[[{"start":0,"end":5,"url":null,"entity_id":"Q170804","candidates":[]}],[{"start":0,"end":13,"url":null,"entity_id":"Q177831","candidates":[]}],[]],[[{"start":0,"end":22,"url":null,"entity_id":"Q21401573","candidates":[]}],[{"start":0,"end":14,"url":null,"entity_id":"Q176449","candidates":[]}],[]],[[{"start":0,"end":5,"url":null,"entity_id":"Q131255","candidates":[]}],[{"start":0,"end":11,"url":null,"entity_id":"Q164399","candidates":[]}],[]],[[{"start":0,"end":17,"url":null,"entity_id":"Q1063756","candidates":[]}],[{"start":0,"end":16,"url":null,"entity_id":"Q161635","candidates":[]}],[]],[[{"start":0,"end":9,"url":null,"entity_id":"Q1441459","candidates":[]}],[{"start":0,"end":22,"url":null,"entity_id":"Q108193","candidates":[]}],[]],[[{"start":0,"end":5,"url":null,"entity_id":"Q484092","candidates":[]}],[{"start":0,"end":13,"url":null,"entity_id":"Q107780","candidates":[]}],[]],[[{"start":0,"end":4,"url":null,"entity_id":"Q41509","candidates":[]}],[{"start":0,"end":19,"url":null,"entity_id":"Q104946","candidates":[]}],[]],[[{"start":0,"end":7,"url":null,"entity_id":"Q83216","candidates":[]}],[{"start":0,"end":18,"url":null,"entity_id":"Q104831","candidates":[]}],[]],[[{"start":0,"end":12,"url":null,"entity_id":"Q215571","candidates":[]}],[{"start":0,"end":6,"url":null,"entity_id":"Q48103","candidates":[]}],[]]]}