{"version":"1.2","table":{"version":"2","table_id":"JWKLYSYB","columns":[{"index":0,"name":"col0","values":["potssium-55","potatsium-54","potassim-53","potassium52","potassixm-51","potassiu-50","potassiu-47","potassium-48","potassum-35","poassium-34","ovassium-33","sotassium-32","rotassium-46","otasium-37","pouassium-44","potssium-38","potassium42","potasium-43","potassum-36","ptassium-40"]},{"index":1,"name":"col1","values":["potassium","potassium","potassium","potassium","potassium","potassium","potassium","potassium","potassium","potassium","potassium","potassium","potassium","potassium","potassium","potassium","potassium","potassium","potassium","potassium"]},{"index":2,"name":"col2","values":["calcium-54","calcium-53","calcium-51","calcium-50","calcium-50","calcium-49","calcium-47","calcium-45","argon-35","argon-33","argon-32","argon-31","calcium-46","argon-37","calcium-44","argon-38","calcium-42","calcium-43","argon-36","argon-40"]}]},"context":{"page_title":null,"page_url":null,"page_entity_id":null,"content_hierarchy":[]},"links":[[[{"start":0,"end":12,"url":null,"entity_id":"Q18845023","candidates":[]}],[{"start":0,"end":9,"url":null,"entity_id":"Q703","candidates":[]}],[{"start":0,"end":10,"url":null,"entity_id":"Q18844838","candidates":[]}]],[[{"start":0,"end":11,"url":null,"entity_id":"Q18845022","candidates":[]}],[{"start":0,"end":9,"url":null,"entity_id":"Q703","candidates":[]}],[{"start":0,"end":10,"url":null,"entity_id":"Q18844836","candidates":[]}]],[[{"start":0,"end":11,"url":null,"entity_id":"Q18845021","candidates":[]}],[{"start":0,"end":9,"url":null,"entity_id":"Q703","candidates":[]}],[{"start":0,"end":10,"url":null,"entity_id":"Q18844835","candidates":[]}]],[[{"start":0,"end":12,"url":null,"entity_id":"Q18845019","candidates":[]}],[{"start":0,"end":9,"url":null,"entity_id":"Q703","candidates":[]}],[{"start":0,"end":10,"url":null,"entity_id":"Q18844835","candidates":[]}]],[[{"start":0,"end":11,"url":null,"entity_id":"Q18845017","candidates":[]}],[{"start":0,"end":9,"url":null,"entity_id":"Q703","candidates":[]}],[{"start":0,"end":10,"url":null,"entity_id":"Q18844834","candidates":[]}]],[[{"start":0,"end":11,"url":null,"entity_id":"Q18845013","candidates":[]}],[{"start":0,"end":9,"url":null,"entity_id":"Q703","candidates":[]}],[{"start":0,"end":10,"url":null,"entity_id":"Q18844833","candidates":[]}]],[[{"start":0,"end":12,"url":null,"entity_id":"Q18845011","candidates":[]}],[{"start":0,"end":9,"url":null,"entity_id":"Q703","candidates":[]}],[{"start":0,"end":10,"url":null,"entity_id":"Q18844832","candidates":[]}]],[[{"start":0,"end":11,"url":null,"entity_id":"Q18845004","candidates":[]}],[{"start":0,"end":9,"url":null,"entity_id":"Q703","candidates":[]}],[{"start":0,"end":8,"url":null,"entity_id":"Q18844426","candidates":[]}]],[[{"start":0,"end":11,"url":null,"entity_id":"Q18845003","candidates":[]}],[{"start":0,"end":9,"url":null,"entity_id":"Q703","candidates":[]}],[{"start":0,"end":8,"url":null,"entity_id":"Q18844424","candidates":[]}]],[[{"start":0,"end":11,"url":null,"entity_id":"Q18845001","candidates":[]}],[{"start":0,"end":9,"url":null,"entity_id":"Q703","candidates":[]}],[{"start":0,"end":8,"url":null,"entity_id":"Q18844423","candidates":[]}]],[[{"start":0,"end":12,"url":null,"entity_id":"Q18845000","candidates":[]}],[{"start":0,"end":9,"url":null,"entity_id":"Q703","candidates":[]}],[{"start":0,"end":8,"url":null,"entity_id":"Q18844422","candidates":[]}]],[[{"start":0,"end":12,"url":null,"entity_id":"Q18845012","candidates":[]}],[{"start":0,"end":9,"url":null,"entity_id":"Q703","candidates":[]}],[{"start":0,"end":10,"url":null,"entity_id":"Q4845109","candidates":[]}]],[[{"start":0,"end":10,"url":null,"entity_id":"Q18845007","candidates":[]}],[{"start":0,"end":9,"url":null,"entity_id":"Q703","candidates":[]}],[{"start":0,"end":8,"url":null,"entity_id":"Q4514598","candidates":[]}]],[[{"start":0,"end":12,"url":null,"entity_id":"Q18845010","candidates":[]}],[{"start":0,"end":9,"url":null,"entity_id":"Q703","candidates":[]}],[{"start":0,"end":10,"url":null,"entity_id":"Q3027367","candidates":[]}]],[[{"start":0,"end":11,"url":null,"entity_id":"Q18845008","candidates":[]}],[{"start":0,"end":9,"url":null,"entity_id":"Q703","candidates":[]}],[{"start":0,"end":8,"url":null,"entity_id":"Q2801372","candidates":[]}]],[[{"start":0,"end":11,"url":null,"entity_id":"Q18878392","candidates":[]}],[{"start":0,"end":9,"url":null,"entity_id":"Q703","candidates":[]}],[{"start":0,"end":10,"url":null,"entity_id":"Q2728105","candidates":[]}]],[[{"start":0,"end":11,"url":null,"entity_id":"Q18845009","candidates":[]}],[{"start":0,"end":9,"url":null,"entity_id":"Q703","candidates":[]}],[{"start":0,"end":10,"url":null,"entity_id":"Q2103298","candidates":[]}]],[[{"start":0,"end":11,"url":null,"entity_id":"Q18845005","candidates":[]}],[{"start":0,"end":9,"url":null,"entity_id":"Q703","candidates":[]}],[{"start":0,"end":8,"url":null,"entity_id":"Q2019992","candidates":[]}]],[[{"start":0,"end":11,"url":null,"entity_id":"Q2251076","candidates":[]}],[{"start":0,"end":9,"url":null,"entity_id":"Q703","candidates":[]}],[{"start":0,"end":8,"url":null,"entity_id":"Q1929004","candidates":[]}]],[[{"start":0,"end":11,"url":null,"entity_id":"Q18845024","candidates":[]}],[{"start":0,"end":9,"url":null,"entity_id":"Q703","candidates":[]}],[{"start":0,"end":10,"url":null,"entity_id":"Q18844839","candidates":[]}]]]}