{"version":"1.2","table":{"version":"2","table_id":"JWP0IGY9","columns":[{"index":0,"name":"col0","values":["Ternitz","Sulmeck-Greith","Steinerkirchen an der Traun","Prigglitz","Feistritz am Wechsel","Sankt Marein bei Neumarkt","Sankt Ilgen","Waisenegg","Teufenbach","Glanz an der Weinstraße","Stocking","Sankt Katharein an der Laming","Rinegg","Preßguts","Gallmannsegg","Reisstraße","Baierdorf bei Anger","Sankt Johann-Köppling","Halltal","Reifling"]},{"index":1,"name":"col1","values":["2349","551","193","148","370","124","121","321","201","512","469","415","52","112","82","113","487","526","87","122"]},{"index":2,"name":"col2","values":["65.35","18.62","32.55","17.97","23.78","54.66","73.44","26.04","3.43","23.98","16.45","43.88","13.65","6.41","32.87","62.28","16.31","10.17","74.48","16.22"]}]},"context":{"page_title":null,"page_url":null,"page_entity_id":null,"content_hierarchy":[]},"links":[[[{"start":0,"end":7,"url":null,"entity_id":"Q659984","candidates":[]}],[],[]],[[{"start":0,"end":14,"url":null,"entity_id":"Q653631","candidates":[]}],[],[]],[[{"start":0,"end":27,"url":null,"entity_id":"Q643744","candidates":[]}],[],[]],[[{"start":0,"end":9,"url":null,"entity_id":"Q592775","candidates":[]}],[],[]],[[{"start":0,"end":20,"url":null,"entity_id":"Q585693","candidates":[]}],[],[]],[[{"start":0,"end":25,"url":null,"entity_id":"Q688267","candidates":[]}],[],[]],[[{"start":0,"end":11,"url":null,"entity_id":"Q688260","candidates":[]}],[],[]],[[{"start":0,"end":9,"url":null,"entity_id":"Q688239","candidates":[]}],[],[]],[[{"start":0,"end":10,"url":null,"entity_id":"Q688227","candidates":[]}],[],[]],[[{"start":0,"end":23,"url":null,"entity_id":"Q688215","candidates":[]}],[],[]],[[{"start":0,"end":8,"url":null,"entity_id":"Q688173","candidates":[]}],[],[]],[[{"start":0,"end":29,"url":null,"entity_id":"Q688145","candidates":[]}],[],[]],[[{"start":0,"end":6,"url":null,"entity_id":"Q688098","candidates":[]}],[],[]],[[{"start":0,"end":8,"url":null,"entity_id":"Q688083","candidates":[]}],[],[]],[[{"start":0,"end":12,"url":null,"entity_id":"Q688057","candidates":[]}],[],[]],[[{"start":0,"end":10,"url":null,"entity_id":"Q688053","candidates":[]}],[],[]],[[{"start":0,"end":19,"url":null,"entity_id":"Q688033","candidates":[]}],[],[]],[[{"start":0,"end":21,"url":null,"entity_id":"Q687988","candidates":[]}],[],[]],[[{"start":0,"end":7,"url":null,"entity_id":"Q687846","candidates":[]}],[],[]],[[{"start":0,"end":8,"url":null,"entity_id":"Q687764","candidates":[]}],[],[]]]}