{"version":"1.2","table":{"version":"2","table_id":"JWR4YWZG","columns":[{"index":0,"name":"col0","values":["Nerópolis","Santo Antônio de Goiás","Itauçu","Santo Antônio do Amparo","Camaquã","Adelândia","Quirinópolis","Itaguaru","Terezópolis de Goiás","Parnamirim","Moiporá","Guapó","Heitoraí","Resplendor","Jesúpolis","Chapada dos Guimarães","Inhumas","Albertina, Minas Gerais","Campestre de Goiás","Cumari"]},{"index":1,"name":"col1","values":["0.721","0.723","0.742","0.726","0.768","0.702","0.74","0.746","0.685","0.766","0.73","0.697","0.744","0.67","0.721","0.801","0.72","0.673","0.653","0.737"]},{"index":2,"name":"col2","values":["204.216","132.803","383.682","491.725","1679.556","115.353","3780.173","239.936","106.976","123.471","460.623","517.005","229.666","1081.796","120.919","6206.573","613.349","57.617","273.816","579.877"]},{"index":3,"name":"col3","values":["24210","4703","8575","17345","62764","2477","43220","5437","6561","202456","1763","13976","3571","17089","2300","18906","48246","3007","3387","2964"]}]},"context":{"page_title":null,"page_url":null,"page_entity_id":null,"content_hierarchy":[]},"links":[[[{"start":0,"end":9,"url":null,"entity_id":"Q986284","candidates":[]}],[],[],[]],[[{"start":0,"end":22,"url":null,"entity_id":"Q986282","candidates":[]}],[],[],[]],[[{"start":0,"end":6,"url":null,"entity_id":"Q986279","candidates":[]}],[],[],[]],[[{"start":0,"end":23,"url":null,"entity_id":"Q986277","candidates":[]}],[],[],[]],[[{"start":0,"end":7,"url":null,"entity_id":"Q986275","candidates":[]}],[],[],[]],[[{"start":0,"end":9,"url":null,"entity_id":"Q986273","candidates":[]}],[],[],[]],[[{"start":0,"end":12,"url":null,"entity_id":"Q986268","candidates":[]}],[],[],[]],[[{"start":0,"end":8,"url":null,"entity_id":"Q986266","candidates":[]}],[],[],[]],[[{"start":0,"end":20,"url":null,"entity_id":"Q986264","candidates":[]}],[],[],[]],[[{"start":0,"end":10,"url":null,"entity_id":"Q986261","candidates":[]}],[],[],[]],[[{"start":0,"end":7,"url":null,"entity_id":"Q986258","candidates":[]}],[],[],[]],[[{"start":0,"end":5,"url":null,"entity_id":"Q986256","candidates":[]}],[],[],[]],[[{"start":0,"end":8,"url":null,"entity_id":"Q986254","candidates":[]}],[],[],[]],[[{"start":0,"end":10,"url":null,"entity_id":"Q986252","candidates":[]}],[],[],[]],[[{"start":0,"end":9,"url":null,"entity_id":"Q986249","candidates":[]}],[],[],[]],[[{"start":0,"end":21,"url":null,"entity_id":"Q986247","candidates":[]}],[],[],[]],[[{"start":0,"end":7,"url":null,"entity_id":"Q986245","candidates":[]}],[],[],[]],[[{"start":0,"end":23,"url":null,"entity_id":"Q986243","candidates":[]}],[],[],[]],[[{"start":0,"end":18,"url":null,"entity_id":"Q986240","candidates":[]}],[],[],[]],[[{"start":0,"end":6,"url":null,"entity_id":"Q986238","candidates":[]}],[],[],[]]]}