{"version":"1.2","table":{"version":"2","table_id":"JY237UG2","columns":[{"index":0,"name":"col0","values":["Study of a Bighrrp Ram","Study of Wild Horues","Study of Pountains","Floud Study, Moonlight","The Last Judgement(study)","Study for \"Under Nagara\"","Eloud Study","Study for \"The ast of the Buffalo\"","Study for Christ and Nicodemus qn a Rooftop","Study of a ree","A Bed: drapery stud","The Val of Ashburnham","Phaéwon","Cqimal Study","Four Studies of a Feale Nude, an Annunciation and Two Studies of a Woman Swimming","Quatre Baigneuses (Study of For Women Bathing)","Studies of Three Figures, Including a Self-portait","Studies for The Mystic Marriage of Saint Catherine and The Holy Family with Saints Anne, John the Baqtist and Catherine","Studies of an outstretched arm for the frfsco 'The Drunkenness of Noah' in the Sistine Chapel","Study of a Standing Dcncer with an Outstretched Arm"]},{"index":1,"name":"col1","values":["13.986","33.165","15.7887","32.39","19.897","11.73825","255.201","63.08869999999999","24.154129999999995","23.312","13.958","379.24","99.29699999999998","45.12449999999999","222.331","202.594","489.36499999999995","303.552","206.43499999999997","269.28"]},{"index":2,"name":"col2","values":["19.94","48.782999999999994","21.084","23.43715","30.256","17.3775","326.697","91.28219999999999","32.8549","20.139999999999997","18.81","567.948","65.39","63.891099999999994","167.0","223.0","318.4","200.99","161.6","188.055"]}]},"context":{"page_title":null,"page_url":null,"page_entity_id":null,"content_hierarchy":[]},"links":[[[{"start":0,"end":20,"url":null,"entity_id":"Q20537731","candidates":[]}],[],[]],[[{"start":0,"end":18,"url":null,"entity_id":"Q20487993","candidates":[]}],[],[]],[[{"start":0,"end":22,"url":null,"entity_id":"Q20487708","candidates":[]}],[],[]],[[{"start":0,"end":25,"url":null,"entity_id":"Q20354600","candidates":[]}],[],[]],[[{"start":0,"end":24,"url":null,"entity_id":"Q20202099","candidates":[]}],[],[]],[[{"start":0,"end":11,"url":null,"entity_id":"Q20199461","candidates":[]}],[],[]],[[{"start":0,"end":34,"url":null,"entity_id":"Q20198044","candidates":[]}],[],[]],[[{"start":0,"end":43,"url":null,"entity_id":"Q20180542","candidates":[]}],[],[]],[[{"start":0,"end":14,"url":null,"entity_id":"Q20175412","candidates":[]}],[],[]],[[{"start":0,"end":19,"url":null,"entity_id":"Q20064502","candidates":[]}],[],[]],[[{"start":0,"end":21,"url":null,"entity_id":"Q20064450","candidates":[]}],[],[]],[[{"start":0,"end":7,"url":null,"entity_id":"Q20022413","candidates":[]}],[],[]],[[{"start":0,"end":12,"url":null,"entity_id":"Q20017790","candidates":[]}],[],[]],[[{"start":0,"end":81,"url":null,"entity_id":"Q19973476","candidates":[]}],[],[]],[[{"start":0,"end":46,"url":null,"entity_id":"Q19969227","candidates":[]}],[],[]],[[{"start":0,"end":50,"url":null,"entity_id":"Q19969204","candidates":[]}],[],[]],[[{"start":0,"end":119,"url":null,"entity_id":"Q19969186","candidates":[]}],[],[]],[[{"start":0,"end":93,"url":null,"entity_id":"Q19969179","candidates":[]}],[],[]],[[{"start":0,"end":51,"url":null,"entity_id":"Q19968909","candidates":[]}],[],[]],[[{"start":0,"end":22,"url":null,"entity_id":"Q20537734","candidates":[]}],[],[]]]}