{"version":"1.2","table":{"version":"2","table_id":"JZ9RW99R","columns":[{"index":0,"name":"col0","values":["Harlequin F.C.","CA Brive","Leeds Carnegie RFC","London Irish RFC","Gloucester Rugby","Newcastle Falcons","Sale Sharks","Exeter Chiefs","Ulster Rugby","Leicester Tigers","Connacht Rugby","RC Timişoara","Petrarca Padova Rugby","Worcester Warriors","Union Bordeaux Bègles","Ospreys","Cheetahs","Southern Kings","Bath Rugby","British & Irish Lions"]},{"index":1,"name":"col1","values":["rugby union","rugby union","rugby union","rugby union","rugby union","rugby union","rugby union","rugby union","rugby union","rugby union","rugby union","rugby union","rugby union","rugby union","rugby union","rugby union","rugby union","rugby union","rugby union","rugby union"]},{"index":2,"name":"col2","values":["Adidas","Adidas","XBlades","XBlades","XBlades","International Sports Clothing","Samurai Sportswear","Samurai Sportswear","Kukri Sports","Kukri Sports","BLK","Canterbury of New Zealand","Canterbury of New Zealand","Canterbury of New Zealand","Canterbury of New Zealand","Canterbury of New Zealand","Canterbury of New Zealand","Canterbury of New Zealand","Canterbury of New Zealand","Canterbury of New Zealand"]}]},"context":{"page_title":null,"page_url":null,"page_entity_id":null,"content_hierarchy":[]},"links":[[[{"start":0,"end":8,"url":null,"entity_id":"Q1022912","candidates":[]}],[{"start":0,"end":11,"url":null,"entity_id":"Q5849","candidates":[]}],[{"start":0,"end":6,"url":null,"entity_id":"Q3895","candidates":[]}]],[[{"start":0,"end":18,"url":null,"entity_id":"Q1360196","candidates":[]}],[{"start":0,"end":11,"url":null,"entity_id":"Q5849","candidates":[]}],[{"start":0,"end":7,"url":null,"entity_id":"Q18636313","candidates":[]}]],[[{"start":0,"end":16,"url":null,"entity_id":"Q1193020","candidates":[]}],[{"start":0,"end":11,"url":null,"entity_id":"Q5849","candidates":[]}],[{"start":0,"end":7,"url":null,"entity_id":"Q18636313","candidates":[]}]],[[{"start":0,"end":16,"url":null,"entity_id":"Q745758","candidates":[]}],[{"start":0,"end":11,"url":null,"entity_id":"Q5849","candidates":[]}],[{"start":0,"end":7,"url":null,"entity_id":"Q18636313","candidates":[]}]],[[{"start":0,"end":17,"url":null,"entity_id":"Q910657","candidates":[]}],[{"start":0,"end":11,"url":null,"entity_id":"Q5849","candidates":[]}],[{"start":0,"end":29,"url":null,"entity_id":"Q17007969","candidates":[]}]],[[{"start":0,"end":11,"url":null,"entity_id":"Q928517","candidates":[]}],[{"start":0,"end":11,"url":null,"entity_id":"Q5849","candidates":[]}],[{"start":0,"end":18,"url":null,"entity_id":"Q7413110","candidates":[]}]],[[{"start":0,"end":13,"url":null,"entity_id":"Q675305","candidates":[]}],[{"start":0,"end":11,"url":null,"entity_id":"Q5849","candidates":[]}],[{"start":0,"end":18,"url":null,"entity_id":"Q7413110","candidates":[]}]],[[{"start":0,"end":12,"url":null,"entity_id":"Q1548720","candidates":[]}],[{"start":0,"end":11,"url":null,"entity_id":"Q5849","candidates":[]}],[{"start":0,"end":12,"url":null,"entity_id":"Q6442558","candidates":[]}]],[[{"start":0,"end":16,"url":null,"entity_id":"Q1071691","candidates":[]}],[{"start":0,"end":11,"url":null,"entity_id":"Q5849","candidates":[]}],[{"start":0,"end":12,"url":null,"entity_id":"Q6442558","candidates":[]}]],[[{"start":0,"end":14,"url":null,"entity_id":"Q1126167","candidates":[]}],[{"start":0,"end":11,"url":null,"entity_id":"Q5849","candidates":[]}],[{"start":0,"end":3,"url":null,"entity_id":"Q3198813","candidates":[]}]],[[{"start":0,"end":12,"url":null,"entity_id":"Q3415102","candidates":[]}],[{"start":0,"end":11,"url":null,"entity_id":"Q5849","candidates":[]}],[{"start":0,"end":25,"url":null,"entity_id":"Q2567426","candidates":[]}]],[[{"start":0,"end":21,"url":null,"entity_id":"Q2637322","candidates":[]}],[{"start":0,"end":11,"url":null,"entity_id":"Q5849","candidates":[]}],[{"start":0,"end":25,"url":null,"entity_id":"Q2567426","candidates":[]}]],[[{"start":0,"end":18,"url":null,"entity_id":"Q2094512","candidates":[]}],[{"start":0,"end":11,"url":null,"entity_id":"Q5849","candidates":[]}],[{"start":0,"end":25,"url":null,"entity_id":"Q2567426","candidates":[]}]],[[{"start":0,"end":21,"url":null,"entity_id":"Q1865460","candidates":[]}],[{"start":0,"end":11,"url":null,"entity_id":"Q5849","candidates":[]}],[{"start":0,"end":25,"url":null,"entity_id":"Q2567426","candidates":[]}]],[[{"start":0,"end":7,"url":null,"entity_id":"Q1518257","candidates":[]}],[{"start":0,"end":11,"url":null,"entity_id":"Q5849","candidates":[]}],[{"start":0,"end":25,"url":null,"entity_id":"Q2567426","candidates":[]}]],[[{"start":0,"end":8,"url":null,"entity_id":"Q1053725","candidates":[]}],[{"start":0,"end":11,"url":null,"entity_id":"Q5849","candidates":[]}],[{"start":0,"end":25,"url":null,"entity_id":"Q2567426","candidates":[]}]],[[{"start":0,"end":14,"url":null,"entity_id":"Q949807","candidates":[]}],[{"start":0,"end":11,"url":null,"entity_id":"Q5849","candidates":[]}],[{"start":0,"end":25,"url":null,"entity_id":"Q2567426","candidates":[]}]],[[{"start":0,"end":10,"url":null,"entity_id":"Q810786","candidates":[]}],[{"start":0,"end":11,"url":null,"entity_id":"Q5849","candidates":[]}],[{"start":0,"end":25,"url":null,"entity_id":"Q2567426","candidates":[]}]],[[{"start":0,"end":21,"url":null,"entity_id":"Q733600","candidates":[]}],[{"start":0,"end":11,"url":null,"entity_id":"Q5849","candidates":[]}],[{"start":0,"end":25,"url":null,"entity_id":"Q2567426","candidates":[]}]],[[{"start":0,"end":14,"url":null,"entity_id":"Q1149835","candidates":[]}],[{"start":0,"end":11,"url":null,"entity_id":"Q5849","candidates":[]}],[{"start":0,"end":6,"url":null,"entity_id":"Q3895","candidates":[]}]]]}