{"version":"1.2","table":{"version":"2","table_id":"JZEYLACD","columns":[{"index":0,"name":"col0","values":["Nashville","Harrisburg","Columbus","Denver","Boston","Sacramento","Indianapolis","Pierre","Little Rock","Saint Paul","Columbia","Trenton","Richmond","Carson City","Olympia","Helena","Lansing","Juneau","Hartford","Montgomery"]},{"index":1,"name":"col1","values":["Clarksville","Lewisburg","Grove City","Aurora","Cambridge","West Sacramento","Shelby County","Stanley County","Maumelle","Minneapolis","Forest Acres","Falls Township","Chesterfield County","Placer County","Tumwater","Billings","Portland","Hoonah–Angoon Census Area","Windsor","Selma"]},{"index":2,"name":"col2","values":["Tennessee","Pennsylvania","Ohio","Colorado","Massachusetts","California","Marion County","Peter","Arkansas","Minnesota","South Carolina","New Jersey","Virginia","Nevada","Washington","Montana","Michigan","Alaska","Connecticut","Alabama"]}]},"context":{"page_title":null,"page_url":null,"page_entity_id":null,"content_hierarchy":[]},"links":[[[{"start":0,"end":10,"url":null,"entity_id":"Q25280","candidates":[]}],[{"start":0,"end":9,"url":null,"entity_id":"Q1185021","candidates":[]}],[{"start":0,"end":12,"url":null,"entity_id":"Q1400","candidates":[]}]],[[{"start":0,"end":8,"url":null,"entity_id":"Q16567","candidates":[]}],[{"start":0,"end":10,"url":null,"entity_id":"Q590713","candidates":[]}],[{"start":0,"end":4,"url":null,"entity_id":"Q1397","candidates":[]}]],[[{"start":0,"end":6,"url":null,"entity_id":"Q16554","candidates":[]}],[{"start":0,"end":6,"url":null,"entity_id":"Q49246","candidates":[]}],[{"start":0,"end":8,"url":null,"entity_id":"Q1261","candidates":[]}]],[[{"start":0,"end":6,"url":null,"entity_id":"Q100","candidates":[]}],[{"start":0,"end":9,"url":null,"entity_id":"Q49111","candidates":[]}],[{"start":0,"end":13,"url":null,"entity_id":"Q771","candidates":[]}]],[[{"start":0,"end":10,"url":null,"entity_id":"Q18013","candidates":[]}],[{"start":0,"end":15,"url":null,"entity_id":"Q983600","candidates":[]}],[{"start":0,"end":10,"url":null,"entity_id":"Q99","candidates":[]}]],[[{"start":0,"end":12,"url":null,"entity_id":"Q6346","candidates":[]}],[{"start":0,"end":13,"url":null,"entity_id":"Q431826","candidates":[]}],[{"start":0,"end":13,"url":null,"entity_id":"Q506230","candidates":[]}]],[[{"start":0,"end":6,"url":null,"entity_id":"Q40747","candidates":[]}],[{"start":0,"end":14,"url":null,"entity_id":"Q495280","candidates":[]}],[{"start":0,"end":5,"url":null,"entity_id":"Q33923","candidates":[]}]],[[{"start":0,"end":11,"url":null,"entity_id":"Q33405","candidates":[]}],[{"start":0,"end":8,"url":null,"entity_id":"Q79548","candidates":[]}],[{"start":0,"end":8,"url":null,"entity_id":"Q1612","candidates":[]}]],[[{"start":0,"end":10,"url":null,"entity_id":"Q28848","candidates":[]}],[{"start":0,"end":11,"url":null,"entity_id":"Q36091","candidates":[]}],[{"start":0,"end":9,"url":null,"entity_id":"Q1527","candidates":[]}]],[[{"start":0,"end":8,"url":null,"entity_id":"Q38453","candidates":[]}],[{"start":0,"end":12,"url":null,"entity_id":"Q2753854","candidates":[]}],[{"start":0,"end":14,"url":null,"entity_id":"Q1456","candidates":[]}]],[[{"start":0,"end":7,"url":null,"entity_id":"Q25330","candidates":[]}],[{"start":0,"end":14,"url":null,"entity_id":"Q1894407","candidates":[]}],[{"start":0,"end":10,"url":null,"entity_id":"Q1408","candidates":[]}]],[[{"start":0,"end":8,"url":null,"entity_id":"Q43421","candidates":[]}],[{"start":0,"end":19,"url":null,"entity_id":"Q340608","candidates":[]}],[{"start":0,"end":8,"url":null,"entity_id":"Q1370","candidates":[]}]],[[{"start":0,"end":11,"url":null,"entity_id":"Q40881","candidates":[]}],[{"start":0,"end":13,"url":null,"entity_id":"Q156353","candidates":[]}],[{"start":0,"end":6,"url":null,"entity_id":"Q1227","candidates":[]}]],[[{"start":0,"end":7,"url":null,"entity_id":"Q42735","candidates":[]}],[{"start":0,"end":8,"url":null,"entity_id":"Q1507493","candidates":[]}],[{"start":0,"end":10,"url":null,"entity_id":"Q1223","candidates":[]}]],[[{"start":0,"end":6,"url":null,"entity_id":"Q38733","candidates":[]}],[{"start":0,"end":8,"url":null,"entity_id":"Q166304","candidates":[]}],[{"start":0,"end":7,"url":null,"entity_id":"Q1212","candidates":[]}]],[[{"start":0,"end":7,"url":null,"entity_id":"Q28237","candidates":[]}],[{"start":0,"end":8,"url":null,"entity_id":"Q3308164","candidates":[]}],[{"start":0,"end":8,"url":null,"entity_id":"Q1166","candidates":[]}]],[[{"start":0,"end":6,"url":null,"entity_id":"Q29445","candidates":[]}],[{"start":0,"end":25,"url":null,"entity_id":"Q500827","candidates":[]}],[{"start":0,"end":6,"url":null,"entity_id":"Q797","candidates":[]}]],[[{"start":0,"end":8,"url":null,"entity_id":"Q33486","candidates":[]}],[{"start":0,"end":7,"url":null,"entity_id":"Q1787206","candidates":[]}],[{"start":0,"end":11,"url":null,"entity_id":"Q779","candidates":[]}]],[[{"start":0,"end":10,"url":null,"entity_id":"Q29364","candidates":[]}],[{"start":0,"end":5,"url":null,"entity_id":"Q79941","candidates":[]}],[{"start":0,"end":7,"url":null,"entity_id":"Q173","candidates":[]}]],[[{"start":0,"end":9,"url":null,"entity_id":"Q23197","candidates":[]}],[{"start":0,"end":11,"url":null,"entity_id":"Q328941","candidates":[]}],[{"start":0,"end":9,"url":null,"entity_id":"Q1509","candidates":[]}]]]}