{"version":"1.2","table":{"version":"2","table_id":"JZJ5LDU6","columns":[{"index":0,"name":"col0","values":["Arpin","Soldihrs Grove","Nelsonvinle","Merrillcn","Saukvlle","Exeand","Milladrue","Edgar","Hzel Green","Cleman","ockland","Pelson","Jancock","Elk ound","Glen Fora","Sulivan","Lohtville","North Fond u Lac","Brwntown","Rock Srings"]},{"index":1,"name":"col1","values":["332.667","586.672","153.915","544.7099999999999","4442.098","194.04","276.828","1480.4279999999999","1261.0240000000001","717.484","595.7819999999999","374.748","412.83","872.732","91.908","675.021","404.00999999999993","4983.916","280.84","365.62"]},{"index":2,"name":"col2","values":["351.13199999999995","222.326","327.654","282.864","272.35499999999996","366.46","366.912","395.358","253.253","217.868","231.14999999999998","252.504","334.998","311.86","385.284","253.98","245.98","233.766","255.0","299.97"]},{"index":3,"name":"col3","values":["2.2302665009999996","9.148210372","2.6924827590000002","3.5088479499999994","9.368101869","3.154880796","2.627821896","4.698063369999999","3.349203444","3.06697812","1.688465302","1.4327999999999999","1.1267200000000002","5.91090642","1.459844289","1.1479799999999998","3.21674","5.583634556","2.77145111","3.442575052"]}]},"context":{"page_title":null,"page_url":null,"page_entity_id":null,"content_hierarchy":[]},"links":[[[{"start":0,"end":14,"url":null,"entity_id":"Q2574546","candidates":[]}],[],[],[]],[[{"start":0,"end":11,"url":null,"entity_id":"Q2566263","candidates":[]}],[],[],[]],[[{"start":0,"end":9,"url":null,"entity_id":"Q2563937","candidates":[]}],[],[],[]],[[{"start":0,"end":8,"url":null,"entity_id":"Q2557113","candidates":[]}],[],[],[]],[[{"start":0,"end":6,"url":null,"entity_id":"Q2552076","candidates":[]}],[],[],[]],[[{"start":0,"end":9,"url":null,"entity_id":"Q2541819","candidates":[]}],[],[],[]],[[{"start":0,"end":5,"url":null,"entity_id":"Q2540991","candidates":[]}],[],[],[]],[[{"start":0,"end":10,"url":null,"entity_id":"Q2533857","candidates":[]}],[],[],[]],[[{"start":0,"end":6,"url":null,"entity_id":"Q2525707","candidates":[]}],[],[],[]],[[{"start":0,"end":7,"url":null,"entity_id":"Q2519617","candidates":[]}],[],[],[]],[[{"start":0,"end":6,"url":null,"entity_id":"Q2511047","candidates":[]}],[],[],[]],[[{"start":0,"end":7,"url":null,"entity_id":"Q2499257","candidates":[]}],[],[],[]],[[{"start":0,"end":8,"url":null,"entity_id":"Q2487251","candidates":[]}],[],[],[]],[[{"start":0,"end":9,"url":null,"entity_id":"Q2485856","candidates":[]}],[],[],[]],[[{"start":0,"end":7,"url":null,"entity_id":"Q2461038","candidates":[]}],[],[],[]],[[{"start":0,"end":9,"url":null,"entity_id":"Q2449971","candidates":[]}],[],[],[]],[[{"start":0,"end":16,"url":null,"entity_id":"Q2448931","candidates":[]}],[],[],[]],[[{"start":0,"end":8,"url":null,"entity_id":"Q2444335","candidates":[]}],[],[],[]],[[{"start":0,"end":11,"url":null,"entity_id":"Q2440482","candidates":[]}],[],[],[]],[[{"start":0,"end":5,"url":null,"entity_id":"Q2574610","candidates":[]}],[],[],[]]]}