{"version":"1.2","table":{"version":"2","table_id":"K0FBN8ZC","columns":[{"index":0,"name":"col0","values":["Tatra T5C5","Tatra K","Tatra RT6N3","atra W6A5","Vatra T6C5","MRTC Class 3030","Tatra 6A2","Tara T5C5","Tavra T2","TatraKT4","Tatra W3","Tatra 4","Vario LF322","škoda 10 T","Škoa 03 T","Tatra KT8D8","Tatra T3","Knsval 105Nz","KPS trams series 8–21","KPS trams serkes 28–33"]},{"index":1,"name":"col1","values":["3145.0","3056.1","3222.3999999999996","3146.0099999999998","3139.68","3253.2499999999995","3113.1099999999997","3155.7","3046.95","3100.0","3022.55","3084.441","3109.68","3464.0799999999995","3428.86","3154.4349999999995","3071.3499999999995","3081.4199999999996","3521.0","3272.7499999999995"]},{"index":2,"name":"col2","values":["14443.0","20400.0","26253.72","14597.1","14553.0","30603.0","14413.0","14729.4","14013.999999999998","18164.329999999998","14041.999999999998","13902.0","31075.2","20270.909999999996","20230.629999999997","30178.8","13246.8","13405.5","7515.0","9880.0"]},{"index":3,"name":"col3","values":["2522.4999999999995","2475.0","2418.04","2505.0","2495.0","2515.0","2195.6","2497.5","2502.4999999999995","2202.2","2510.0","2206.6","2504.8","2450.16","2455.08","2462.64","2404.8","2414.4","2180.2","2597.4"]}]},"context":{"page_title":null,"page_url":null,"page_entity_id":null,"content_hierarchy":[]},"links":[[[{"start":0,"end":10,"url":null,"entity_id":"Q1509193","candidates":[]}],[],[],[]],[[{"start":0,"end":7,"url":null,"entity_id":"Q1460285","candidates":[]}],[],[],[]],[[{"start":0,"end":11,"url":null,"entity_id":"Q1435330","candidates":[]}],[],[],[]],[[{"start":0,"end":9,"url":null,"entity_id":"Q1327628","candidates":[]}],[],[],[]],[[{"start":0,"end":10,"url":null,"entity_id":"Q1170363","candidates":[]}],[],[],[]],[[{"start":0,"end":15,"url":null,"entity_id":"Q1142053","candidates":[]}],[],[],[]],[[{"start":0,"end":9,"url":null,"entity_id":"Q1078132","candidates":[]}],[],[],[]],[[{"start":0,"end":9,"url":null,"entity_id":"Q1078118","candidates":[]}],[],[],[]],[[{"start":0,"end":8,"url":null,"entity_id":"Q1067659","candidates":[]}],[],[],[]],[[{"start":0,"end":8,"url":null,"entity_id":"Q1050769","candidates":[]}],[],[],[]],[[{"start":0,"end":8,"url":null,"entity_id":"Q838376","candidates":[]}],[],[],[]],[[{"start":0,"end":7,"url":null,"entity_id":"Q600750","candidates":[]}],[],[],[]],[[{"start":0,"end":11,"url":null,"entity_id":"Q579090","candidates":[]}],[],[],[]],[[{"start":0,"end":10,"url":null,"entity_id":"Q391830","candidates":[]}],[],[],[]],[[{"start":0,"end":9,"url":null,"entity_id":"Q391804","candidates":[]}],[],[],[]],[[{"start":0,"end":11,"url":null,"entity_id":"Q279278","candidates":[]}],[],[],[]],[[{"start":0,"end":8,"url":null,"entity_id":"Q132468","candidates":[]}],[],[],[]],[[{"start":0,"end":12,"url":null,"entity_id":"Q78240039","candidates":[]}],[],[],[]],[[{"start":0,"end":21,"url":null,"entity_id":"Q54807193","candidates":[]}],[],[],[]],[[{"start":0,"end":22,"url":null,"entity_id":"Q54805446","candidates":[]}],[],[],[]]]}