{"version":"1.2","table":{"version":"2","table_id":"K0OB28WW","columns":[{"index":0,"name":"col0","values":["2MASS J05353361-0528506","ESO-HA 1271","ESO-HA 863","Haro 4-371","BD-05 1298","ESO-HA 941","ESO-HA 1080","Brun 852","ESO-HA 1055","[MRD2012] 63","Brun 773","ESO-HA 1199","2MASS J05345226-0512032","Haro 4-291","2MASS J05343190-0526368","2MASS J05354904-0515377","ESO-HA 965","HPRA 21","Brun 711","2MASS J05351809-0515461"]},{"index":1,"name":"col1","values":["3257","3147","3219","3691","6403","3251","3078","3832","3203","3192","4335","3290","3397","3330","3355","3393","3152","6522","5797","3329"]},{"index":2,"name":"col2","values":["416.823","382.6726","334.4593","402.2364","310.6072","461.5953","344.685","403.1933","371.4848","375.1641","399.6962","107.6392","384.645","77.1617","392.9891","413.9073","414.4734","669.344","375.2486","386.578"]},{"index":3,"name":"col3","values":["83.8900534258624","83.8751205165595","83.4756064549173","83.9009543088885","83.5633277113746","83.6147410703919","83.7535708172658","83.9392589848572","83.7226369250603","83.6104583986868","83.884897477918","83.8361008130017","83.7177632485208","83.3424876615716","83.6329402465681","83.954329155375","83.6467305917696","83.4130795448621","83.862422875408","83.8253882380763"]},{"index":4,"name":"col4","values":["13.804","63.435","16.926","14.236","16.436","27.087","55.137","86.706","13.727","10.729","73.492","12.124","19.189","8.131","71.446","9.581","15.328","17.148","6.655","35.22"]}]},"context":{"page_title":null,"page_url":null,"page_entity_id":null,"content_hierarchy":[]},"links":[[[{"start":0,"end":23,"url":null,"entity_id":"Q78252986","candidates":[]}],[],[],[],[]],[[{"start":0,"end":11,"url":null,"entity_id":"Q78252911","candidates":[]}],[],[],[],[]],[[{"start":0,"end":10,"url":null,"entity_id":"Q78252232","candidates":[]}],[],[],[],[]],[[{"start":0,"end":10,"url":null,"entity_id":"Q78251713","candidates":[]}],[],[],[],[]],[[{"start":0,"end":10,"url":null,"entity_id":"Q78251345","candidates":[]}],[],[],[],[]],[[{"start":0,"end":10,"url":null,"entity_id":"Q78250853","candidates":[]}],[],[],[],[]],[[{"start":0,"end":11,"url":null,"entity_id":"Q78250602","candidates":[]}],[],[],[],[]],[[{"start":0,"end":8,"url":null,"entity_id":"Q78250387","candidates":[]}],[],[],[],[]],[[{"start":0,"end":11,"url":null,"entity_id":"Q78250307","candidates":[]}],[],[],[],[]],[[{"start":0,"end":12,"url":null,"entity_id":"Q78250093","candidates":[]}],[],[],[],[]],[[{"start":0,"end":8,"url":null,"entity_id":"Q78249998","candidates":[]}],[],[],[],[]],[[{"start":0,"end":11,"url":null,"entity_id":"Q78249941","candidates":[]}],[],[],[],[]],[[{"start":0,"end":23,"url":null,"entity_id":"Q78249613","candidates":[]}],[],[],[],[]],[[{"start":0,"end":10,"url":null,"entity_id":"Q78249448","candidates":[]}],[],[],[],[]],[[{"start":0,"end":23,"url":null,"entity_id":"Q78249362","candidates":[]}],[],[],[],[]],[[{"start":0,"end":23,"url":null,"entity_id":"Q78249089","candidates":[]}],[],[],[],[]],[[{"start":0,"end":10,"url":null,"entity_id":"Q78241864","candidates":[]}],[],[],[],[]],[[{"start":0,"end":7,"url":null,"entity_id":"Q78241710","candidates":[]}],[],[],[],[]],[[{"start":0,"end":8,"url":null,"entity_id":"Q78241623","candidates":[]}],[],[],[],[]],[[{"start":0,"end":23,"url":null,"entity_id":"Q78241621","candidates":[]}],[],[],[],[]]]}