{"version":"1.2","table":{"version":"2","table_id":"K0Q8ISGL","columns":[{"index":0,"name":"col0","values":["Puerto Rican Volunteers Corps","95th Reconnaissance Squadron","562d Flying Training Squadron","Mobile Riverine Force","Lost Battalion","36th Orel Infantry Regiment","3918th Strategic Wing","361st Fighter Group","1st Operations Group","Manchester Regiment","Somerset Light Infantry","The Cameron Highlanders of Ottawa","United States Joint Forces Command","4th Army","Royal Scots Fusiliers","Glasgow Highlanders","Special Intervention Group","Royal Pioneer Corps","United States Army Security Agency","Seaforth Highlanders"]},{"index":1,"name":"col1","values":["1898-12-10","1918-03-18","2010-11-19","1969-12-31","1918-10-07","1917-01-01","1965-03-31","1946-05-24","1941-01-01","1958-09-01","1959-01-01","1866-01-01","2011-08-04","1945-01-01","1959-01-01","1973-01-01","2016-01-01","1993-01-01","1977-01-01","1961-01-01"]},{"index":2,"name":"col2","values":["Puerto Rico","RAF Mildenhall","Randolph Air Force Base","Đồng Tâm","Forest of Argonne","Kremenchuk","RAF Upper Heyford","RAF Little Walden","Langley Field","Ladysmith Barracks","Jellalabad Barracks, Taunton","Cartier Square Drill Hall","Norfolk","Baku","Churchill Barracks","Glasgow","Algiers","Cuddington Heath","Arlington Hall","Fort George"]}]},"context":{"page_title":null,"page_url":null,"page_entity_id":null,"content_hierarchy":[]},"links":[[[{"start":0,"end":29,"url":null,"entity_id":"Q7258611","candidates":[]}],[],[{"start":0,"end":11,"url":null,"entity_id":"Q1183","candidates":[]}]],[[{"start":0,"end":28,"url":null,"entity_id":"Q4646037","candidates":[]}],[],[{"start":0,"end":14,"url":null,"entity_id":"Q772162","candidates":[]}]],[[{"start":0,"end":29,"url":null,"entity_id":"Q4640689","candidates":[]}],[],[{"start":0,"end":23,"url":null,"entity_id":"Q980034","candidates":[]}]],[[{"start":0,"end":21,"url":null,"entity_id":"Q6886961","candidates":[]}],[],[{"start":0,"end":8,"url":null,"entity_id":"Q2179871","candidates":[]}]],[[{"start":0,"end":14,"url":null,"entity_id":"Q4358394","candidates":[]}],[],[{"start":0,"end":17,"url":null,"entity_id":"Q649125","candidates":[]}]],[[{"start":0,"end":27,"url":null,"entity_id":"Q4336876","candidates":[]}],[],[{"start":0,"end":10,"url":null,"entity_id":"Q156724","candidates":[]}]],[[{"start":0,"end":21,"url":null,"entity_id":"Q4636072","candidates":[]}],[],[{"start":0,"end":17,"url":null,"entity_id":"Q7275649","candidates":[]}]],[[{"start":0,"end":19,"url":null,"entity_id":"Q4635659","candidates":[]}],[],[{"start":0,"end":17,"url":null,"entity_id":"Q7275443","candidates":[]}]],[[{"start":0,"end":20,"url":null,"entity_id":"Q4596534","candidates":[]}],[],[{"start":0,"end":13,"url":null,"entity_id":"Q650056","candidates":[]}]],[[{"start":0,"end":19,"url":null,"entity_id":"Q3521766","candidates":[]}],[],[{"start":0,"end":18,"url":null,"entity_id":"Q19874983","candidates":[]}]],[[{"start":0,"end":23,"url":null,"entity_id":"Q3489806","candidates":[]}],[],[{"start":0,"end":28,"url":null,"entity_id":"Q18559340","candidates":[]}]],[[{"start":0,"end":33,"url":null,"entity_id":"Q3520188","candidates":[]}],[],[{"start":0,"end":25,"url":null,"entity_id":"Q4280363","candidates":[]}]],[[{"start":0,"end":34,"url":null,"entity_id":"Q2116286","candidates":[]}],[],[{"start":0,"end":7,"url":null,"entity_id":"Q49231","candidates":[]}]],[[{"start":0,"end":8,"url":null,"entity_id":"Q2495641","candidates":[]}],[],[{"start":0,"end":4,"url":null,"entity_id":"Q9248","candidates":[]}]],[[{"start":0,"end":21,"url":null,"entity_id":"Q3091157","candidates":[]}],[],[{"start":0,"end":18,"url":null,"entity_id":"Q18736990","candidates":[]}]],[[{"start":0,"end":19,"url":null,"entity_id":"Q3108549","candidates":[]}],[],[{"start":0,"end":7,"url":null,"entity_id":"Q4093","candidates":[]}]],[[{"start":0,"end":26,"url":null,"entity_id":"Q3117648","candidates":[]}],[],[{"start":0,"end":7,"url":null,"entity_id":"Q3561","candidates":[]}]],[[{"start":0,"end":19,"url":null,"entity_id":"Q1606162","candidates":[]}],[],[{"start":0,"end":16,"url":null,"entity_id":"Q5192498","candidates":[]}]],[[{"start":0,"end":34,"url":null,"entity_id":"Q1498457","candidates":[]}],[],[{"start":0,"end":14,"url":null,"entity_id":"Q4792321","candidates":[]}]],[[{"start":0,"end":20,"url":null,"entity_id":"Q1124484","candidates":[]}],[],[{"start":0,"end":11,"url":null,"entity_id":"Q1426707","candidates":[]}]]]}