{"version":"1.2","table":{"version":"2","table_id":"K0S7SW6Z","columns":[{"index":0,"name":"col0","values":["Cadet Ice Arena","Carolina Stadium","Central Park","Castle Park rugby stadium","Butts Park Arena","Centennial Park, Oamaru","Burbank Oval","California University of Pennsylvania Convocation Center","Capitol Grounds","Bringhurst Field","Bright House Field","Cathkin Park","Campo de Futbol La Murta","Buckley Park","Caferağa Sports Hall","Busch Field","London Velopark","Cusack Park","Kanbayashi Snowboard Park","Stavanger Ishall"]},{"index":1,"name":"col1","values":["2502","8242","18000","5000","4000","5000","15000","6000","6000","3500","8500","50000","9000","3000","1500","2271","6000","14864","10000","3000"]},{"index":2,"name":"col2","values":["ice hockey","American football","rugby league","rugby","rugby","cricket","cricket","basketball","baseball","baseball","baseball","association football","association football","association football","volleyball","field hockey","track cycling","Gaelic football","snowboarding","ice hockey"]}]},"context":{"page_title":null,"page_url":null,"page_entity_id":null,"content_hierarchy":[]},"links":[[[{"start":0,"end":16,"url":null,"entity_id":"Q5044898","candidates":[]}],[],[{"start":0,"end":17,"url":null,"entity_id":"Q41323","candidates":[]}]],[[{"start":0,"end":12,"url":null,"entity_id":"Q5061597","candidates":[]}],[],[{"start":0,"end":12,"url":null,"entity_id":"Q10962","candidates":[]}]],[[{"start":0,"end":25,"url":null,"entity_id":"Q5050214","candidates":[]}],[],[{"start":0,"end":5,"url":null,"entity_id":"Q5378","candidates":[]}]],[[{"start":0,"end":16,"url":null,"entity_id":"Q5003142","candidates":[]}],[],[{"start":0,"end":5,"url":null,"entity_id":"Q5378","candidates":[]}]],[[{"start":0,"end":23,"url":null,"entity_id":"Q5059190","candidates":[]}],[],[{"start":0,"end":7,"url":null,"entity_id":"Q5375","candidates":[]}]],[[{"start":0,"end":12,"url":null,"entity_id":"Q4998160","candidates":[]}],[],[{"start":0,"end":7,"url":null,"entity_id":"Q5375","candidates":[]}]],[[{"start":0,"end":56,"url":null,"entity_id":"Q5021160","candidates":[]}],[],[{"start":0,"end":10,"url":null,"entity_id":"Q5372","candidates":[]}]],[[{"start":0,"end":15,"url":null,"entity_id":"Q5035875","candidates":[]}],[],[{"start":0,"end":8,"url":null,"entity_id":"Q5369","candidates":[]}]],[[{"start":0,"end":16,"url":null,"entity_id":"Q4968349","candidates":[]}],[],[{"start":0,"end":8,"url":null,"entity_id":"Q5369","candidates":[]}]],[[{"start":0,"end":18,"url":null,"entity_id":"Q4967422","candidates":[]}],[],[{"start":0,"end":8,"url":null,"entity_id":"Q5369","candidates":[]}]],[[{"start":0,"end":12,"url":null,"entity_id":"Q5053042","candidates":[]}],[],[{"start":0,"end":20,"url":null,"entity_id":"Q2736","candidates":[]}]],[[{"start":0,"end":24,"url":null,"entity_id":"Q5028472","candidates":[]}],[],[{"start":0,"end":20,"url":null,"entity_id":"Q2736","candidates":[]}]],[[{"start":0,"end":12,"url":null,"entity_id":"Q4983362","candidates":[]}],[],[{"start":0,"end":20,"url":null,"entity_id":"Q2736","candidates":[]}]],[[{"start":0,"end":20,"url":null,"entity_id":"Q5017128","candidates":[]}],[],[{"start":0,"end":10,"url":null,"entity_id":"Q1734","candidates":[]}]],[[{"start":0,"end":11,"url":null,"entity_id":"Q5001312","candidates":[]}],[],[{"start":0,"end":12,"url":null,"entity_id":"Q1455","candidates":[]}]],[[{"start":0,"end":15,"url":null,"entity_id":"Q816241","candidates":[]}],[],[{"start":0,"end":13,"url":null,"entity_id":"Q221635","candidates":[]}]],[[{"start":0,"end":11,"url":null,"entity_id":"Q641956","candidates":[]}],[],[{"start":0,"end":15,"url":null,"entity_id":"Q204632","candidates":[]}]],[[{"start":0,"end":25,"url":null,"entity_id":"Q681972","candidates":[]}],[],[{"start":0,"end":12,"url":null,"entity_id":"Q178131","candidates":[]}]],[[{"start":0,"end":16,"url":null,"entity_id":"Q993394","candidates":[]}],[],[{"start":0,"end":10,"url":null,"entity_id":"Q41466","candidates":[]}]],[[{"start":0,"end":15,"url":null,"entity_id":"Q5016432","candidates":[]}],[],[{"start":0,"end":10,"url":null,"entity_id":"Q41466","candidates":[]}]]]}