{"version":"1.2","table":{"version":"2","table_id":"K1IB42R2","columns":[{"index":0,"name":"col0","values":["1993 Milan–San Remo","1991 Milan–San Remo","1990 Milan–San Remo","1989 Milan–San Remo","1980 Milan–San Remo","1958 Milan–San Remo","1957 Milan–San Remo","1956 Milan–San Remo","1955 Milan–San Remo","1954 Milan–San Remo","1953 Milan–San Remo","1952 Milan–San Remo","1951 Milan–San Remo","1950 Milan–San Remo","1949 Milan–San Remo","1948 Milan–San Remo","1923 Milan–San Remo","2004 Milan – San Remo","2005 Milan – San Remo","2000 Milan – San Remo"]},{"index":1,"name":"col1","values":["297","294","294","294","288","282","282","281","282","282","282","282","282","282","290.5","281","286.5","294","294","294"]},{"index":2,"name":"col2","values":["39.99","42.343","45.806","41.184","42.973","42.179","40.688","40.416","39.928","39.344","40.35","38.27","37.568","38.554","39.397","37.568","27.997","40.892","40.866","40.882"]}]},"context":{"page_title":null,"page_url":null,"page_entity_id":null,"content_hierarchy":[]},"links":[[[{"start":0,"end":19,"url":null,"entity_id":"Q3313971","candidates":[]}],[],[]],[[{"start":0,"end":19,"url":null,"entity_id":"Q3313967","candidates":[]}],[],[]],[[{"start":0,"end":19,"url":null,"entity_id":"Q3313965","candidates":[]}],[],[]],[[{"start":0,"end":19,"url":null,"entity_id":"Q3313951","candidates":[]}],[],[]],[[{"start":0,"end":19,"url":null,"entity_id":"Q3313922","candidates":[]}],[],[]],[[{"start":0,"end":19,"url":null,"entity_id":"Q3313920","candidates":[]}],[],[]],[[{"start":0,"end":19,"url":null,"entity_id":"Q3313919","candidates":[]}],[],[]],[[{"start":0,"end":19,"url":null,"entity_id":"Q3313917","candidates":[]}],[],[]],[[{"start":0,"end":19,"url":null,"entity_id":"Q3313916","candidates":[]}],[],[]],[[{"start":0,"end":19,"url":null,"entity_id":"Q3313915","candidates":[]}],[],[]],[[{"start":0,"end":19,"url":null,"entity_id":"Q3313914","candidates":[]}],[],[]],[[{"start":0,"end":19,"url":null,"entity_id":"Q3313913","candidates":[]}],[],[]],[[{"start":0,"end":19,"url":null,"entity_id":"Q3313909","candidates":[]}],[],[]],[[{"start":0,"end":19,"url":null,"entity_id":"Q3313908","candidates":[]}],[],[]],[[{"start":0,"end":19,"url":null,"entity_id":"Q3313907","candidates":[]}],[],[]],[[{"start":0,"end":19,"url":null,"entity_id":"Q3247593","candidates":[]}],[],[]],[[{"start":0,"end":21,"url":null,"entity_id":"Q2691396","candidates":[]}],[],[]],[[{"start":0,"end":21,"url":null,"entity_id":"Q2555793","candidates":[]}],[],[]],[[{"start":0,"end":21,"url":null,"entity_id":"Q2454400","candidates":[]}],[],[]],[[{"start":0,"end":19,"url":null,"entity_id":"Q3313973","candidates":[]}],[],[]]]}