{"version":"1.2","table":{"version":"2","table_id":"K22JFTJW","columns":[{"index":0,"name":"col0","values":["2MASS J03285105+3116324","2MASS J02311978+6130161","BD+60 499","2MASS J05333255-0606477","2MASS J05350738-0548010","BD-06 1250","2MASS J06405919+0954145","2MASS J06410035+0953532","CD-27 11535","HD 102458","2MASS J06401512+1005515","CD-25 12033","2MASS J12163007-6711477","HD 105070","CD-55 4499","2MASS J12135700-6255129","HD 106444","2MASS J21515566+6227138","BD+61 2211","2MASS J21372368+5731538"]},{"index":1,"name":"col1","values":["24.99","191","18","34.813","28.779","17.557","7","34.3","14.6","31","17.3","39","69","35","29.9","5.1","96","83","100","20.4"]},{"index":2,"name":"col2","values":["299.967","2303.0861","2145.9227","393.422","425.2786","126.0478","755.6865","752.1059","83.3056","113.4018","780.5792","106.0873","107.1283","108.8684","115.1875","104.55","114.8528","892.8571","939.4964","907.7705"]},{"index":3,"name":"col3","values":["12.121","12.47","10.31","17.138","17.5","9.95","17.633","17.489","10.596","9.07","12.853","10.14","11.09","9.005","9.64","11.62","8.155","11.64","9.08","17.07"]},{"index":4,"name":"col4","values":["-9.986","-1.089","-0.782","0.116","-1.519","-1.524","-3.334","-3.488","-45.822","-34.625","-3.062","-33.588","-37.512","-36.605","-35.184","-38.279","-35.722","-2.688","-3.827","-4.383"]},{"index":5,"name":"col5","values":["NGC 1333","Heart Nebula","Heart Nebula","LDN 1641","NAME Orion Nebula Cluster","Orion Nebula","NGC 2264","NGC 2264","Scorpius–Centaurus Association","Scorpius–Centaurus Association","NGC 2264","Scorpius–Centaurus Association","Scorpius–Centaurus Association","Scorpius–Centaurus Association","Scorpius–Centaurus Association","Scorpius–Centaurus Association","Scorpius–Centaurus Association","NGC 7160","NGC 7160","IC 1396"]},{"index":6,"name":"col6","values":["14.14967","4","0","16.334312","26.370459","20.05","19.9","19.93","-12.33","13.4","17.05","-7","7","16.3","11.35","13.8","14.22","-20.1","-20.4","-25"]}]},"context":{"page_title":null,"page_url":null,"page_entity_id":null,"content_hierarchy":[]},"links":[[[{"start":0,"end":23,"url":null,"entity_id":"Q82306451","candidates":[]}],[],[],[],[],[{"start":0,"end":8,"url":null,"entity_id":"Q726723","candidates":[]}],[]],[[{"start":0,"end":23,"url":null,"entity_id":"Q82677630","candidates":[]}],[],[],[],[],[{"start":0,"end":12,"url":null,"entity_id":"Q33586","candidates":[]}],[]],[[{"start":0,"end":9,"url":null,"entity_id":"Q82461461","candidates":[]}],[],[],[],[],[{"start":0,"end":12,"url":null,"entity_id":"Q33586","candidates":[]}],[]],[[{"start":0,"end":23,"url":null,"entity_id":"Q84210328","candidates":[]}],[],[],[],[],[{"start":0,"end":8,"url":null,"entity_id":"Q84210325","candidates":[]}],[]],[[{"start":0,"end":23,"url":null,"entity_id":"Q84209458","candidates":[]}],[],[],[],[],[{"start":0,"end":25,"url":null,"entity_id":"Q84208013","candidates":[]}],[]],[[{"start":0,"end":10,"url":null,"entity_id":"Q84210350","candidates":[]}],[],[],[],[],[{"start":0,"end":12,"url":null,"entity_id":"Q13903","candidates":[]}],[]],[[{"start":0,"end":23,"url":null,"entity_id":"Q80498862","candidates":[]}],[],[],[],[],[{"start":0,"end":8,"url":null,"entity_id":"Q226134","candidates":[]}],[]],[[{"start":0,"end":23,"url":null,"entity_id":"Q80494631","candidates":[]}],[],[],[],[],[{"start":0,"end":8,"url":null,"entity_id":"Q226134","candidates":[]}],[]],[[{"start":0,"end":11,"url":null,"entity_id":"Q80477014","candidates":[]}],[],[],[],[],[{"start":0,"end":30,"url":null,"entity_id":"Q45059","candidates":[]}],[]],[[{"start":0,"end":9,"url":null,"entity_id":"Q79624102","candidates":[]}],[],[],[],[],[{"start":0,"end":30,"url":null,"entity_id":"Q45059","candidates":[]}],[]],[[{"start":0,"end":23,"url":null,"entity_id":"Q78755148","candidates":[]}],[],[],[],[],[{"start":0,"end":8,"url":null,"entity_id":"Q226134","candidates":[]}],[]],[[{"start":0,"end":11,"url":null,"entity_id":"Q79142906","candidates":[]}],[],[],[],[],[{"start":0,"end":30,"url":null,"entity_id":"Q45059","candidates":[]}],[]],[[{"start":0,"end":23,"url":null,"entity_id":"Q79114351","candidates":[]}],[],[],[],[],[{"start":0,"end":30,"url":null,"entity_id":"Q45059","candidates":[]}],[]],[[{"start":0,"end":9,"url":null,"entity_id":"Q79101734","candidates":[]}],[],[],[],[],[{"start":0,"end":30,"url":null,"entity_id":"Q45059","candidates":[]}],[]],[[{"start":0,"end":10,"url":null,"entity_id":"Q79101441","candidates":[]}],[],[],[],[],[{"start":0,"end":30,"url":null,"entity_id":"Q45059","candidates":[]}],[]],[[{"start":0,"end":23,"url":null,"entity_id":"Q79101028","candidates":[]}],[],[],[],[],[{"start":0,"end":30,"url":null,"entity_id":"Q45059","candidates":[]}],[]],[[{"start":0,"end":9,"url":null,"entity_id":"Q79099571","candidates":[]}],[],[],[],[],[{"start":0,"end":30,"url":null,"entity_id":"Q45059","candidates":[]}],[]],[[{"start":0,"end":23,"url":null,"entity_id":"Q77841770","candidates":[]}],[],[],[],[],[{"start":0,"end":8,"url":null,"entity_id":"Q1149918","candidates":[]}],[]],[[{"start":0,"end":10,"url":null,"entity_id":"Q77838252","candidates":[]}],[],[],[],[],[{"start":0,"end":8,"url":null,"entity_id":"Q1149918","candidates":[]}],[]],[[{"start":0,"end":23,"url":null,"entity_id":"Q76842826","candidates":[]}],[],[],[],[],[{"start":0,"end":7,"url":null,"entity_id":"Q1475104","candidates":[]}],[]]]}