{"version":"1.2","table":{"version":"2","table_id":"K29Z8X8Z","columns":[{"index":0,"name":"col0","values":["Bick Enclave C1YB","Fit X1/23","Maserati Bra","Mbserati Mistral","Maserat Kyalami","Alfa Romeo Amfasud","Reault Fuego","Fat Tuubina","Ferrari 308 GT/GTS","Vrlvo V40","pel Adam","Alfa Romeo\"GT","BMW 3 Seris","Fit 127","amborghini Slhouette","Fiat Rtmo","Fiat Tip","Lambosghii Miura","Fiat 28","BMW 6 Series"]},{"index":1,"name":"col1","values":["presentation","Turin Auto Show","presentation","presentation","presentation","presentation","presentation","Turin Auto Show","presentation","presentation","Red Dot","presentation","presentation","European Car of the Year","presentation","presentation","presentation","presentation","European Car of the Year","presentation"]},{"index":2,"name":"col2","values":["Bob Boniface","Centre Style Fiat","Italdesign Giugiaro","Pietro Frua","Pietro Frua","Italdesign Giugiaro","Robert Opron","Centre Style Fiat","Leonardo Fioravanti","Peter Horbury","Mark Adams","Bertone","Adrian van Hooydonk","Pio Manzù","Bertone","Sergio Sartorelli","Ercole Spada","Marcello Gandini","Dante Giacosa","Paul Bracq"]},{"index":3,"name":"col3","values":["General Motors","Fiat","Maserati","Fiat","Fiat","Alfa Romeo","Renault","Fiat","Ferrari","Volvo Cars","Opel","Alfa Romeo","BMW","Fiat","Lamborghini","Fiat","Fiat","Lamborghini","Fiat","BMW"]},{"index":4,"name":"col4","values":["1771.45","1330.62","1127.758","1240.0","1278.8899999999999","1360.41","1325.52","1263.7849999999999","1130.08","1431.995","1491.4199999999998","1353.2","1389.42","1347.76","1122.24","1395.8","1434.885","1052.1","1349.3799999999999","1377.24"]}]},"context":{"page_title":null,"page_url":null,"page_entity_id":null,"content_hierarchy":[]},"links":[[[{"start":0,"end":9,"url":null,"entity_id":"Q3071238","candidates":[]}],[{"start":0,"end":15,"url":null,"entity_id":"Q1510517","candidates":[]}],[{"start":0,"end":17,"url":null,"entity_id":"Q3664754","candidates":[]}],[{"start":0,"end":4,"url":null,"entity_id":"Q27597","candidates":[]}],[]],[[{"start":0,"end":12,"url":null,"entity_id":"Q1857154","candidates":[]}],[{"start":0,"end":12,"url":null,"entity_id":"Q604733","candidates":[]}],[{"start":0,"end":19,"url":null,"entity_id":"Q283754","candidates":[]}],[{"start":0,"end":8,"url":null,"entity_id":"Q35962","candidates":[]}],[]],[[{"start":0,"end":16,"url":null,"entity_id":"Q1907028","candidates":[]}],[{"start":0,"end":12,"url":null,"entity_id":"Q604733","candidates":[]}],[{"start":0,"end":11,"url":null,"entity_id":"Q1345767","candidates":[]}],[{"start":0,"end":4,"url":null,"entity_id":"Q27597","candidates":[]}],[]],[[{"start":0,"end":15,"url":null,"entity_id":"Q1455267","candidates":[]}],[{"start":0,"end":12,"url":null,"entity_id":"Q604733","candidates":[]}],[{"start":0,"end":11,"url":null,"entity_id":"Q1345767","candidates":[]}],[{"start":0,"end":4,"url":null,"entity_id":"Q27597","candidates":[]}],[]],[[{"start":0,"end":18,"url":null,"entity_id":"Q1360881","candidates":[]}],[{"start":0,"end":12,"url":null,"entity_id":"Q604733","candidates":[]}],[{"start":0,"end":19,"url":null,"entity_id":"Q283754","candidates":[]}],[{"start":0,"end":10,"url":null,"entity_id":"Q26921","candidates":[]}],[]],[[{"start":0,"end":12,"url":null,"entity_id":"Q1333796","candidates":[]}],[{"start":0,"end":12,"url":null,"entity_id":"Q604733","candidates":[]}],[{"start":0,"end":12,"url":null,"entity_id":"Q1349129","candidates":[]}],[{"start":0,"end":7,"url":null,"entity_id":"Q6686","candidates":[]}],[]],[[{"start":0,"end":11,"url":null,"entity_id":"Q1410661","candidates":[]}],[{"start":0,"end":15,"url":null,"entity_id":"Q1510517","candidates":[]}],[{"start":0,"end":17,"url":null,"entity_id":"Q3664754","candidates":[]}],[{"start":0,"end":4,"url":null,"entity_id":"Q27597","candidates":[]}],[]],[[{"start":0,"end":18,"url":null,"entity_id":"Q1407659","candidates":[]}],[{"start":0,"end":12,"url":null,"entity_id":"Q604733","candidates":[]}],[{"start":0,"end":19,"url":null,"entity_id":"Q534110","candidates":[]}],[{"start":0,"end":7,"url":null,"entity_id":"Q27586","candidates":[]}],[]],[[{"start":0,"end":9,"url":null,"entity_id":"Q1574600","candidates":[]}],[{"start":0,"end":12,"url":null,"entity_id":"Q604733","candidates":[]}],[{"start":0,"end":13,"url":null,"entity_id":"Q3900865","candidates":[]}],[{"start":0,"end":10,"url":null,"entity_id":"Q215293","candidates":[]}],[]],[[{"start":0,"end":8,"url":null,"entity_id":"Q1264219","candidates":[]}],[{"start":0,"end":7,"url":null,"entity_id":"Q265387","candidates":[]}],[{"start":0,"end":10,"url":null,"entity_id":"Q3849428","candidates":[]}],[{"start":0,"end":4,"url":null,"entity_id":"Q40966","candidates":[]}],[]],[[{"start":0,"end":13,"url":null,"entity_id":"Q1130996","candidates":[]}],[{"start":0,"end":12,"url":null,"entity_id":"Q604733","candidates":[]}],[{"start":0,"end":7,"url":null,"entity_id":"Q27325","candidates":[]}],[{"start":0,"end":10,"url":null,"entity_id":"Q26921","candidates":[]}],[]],[[{"start":0,"end":11,"url":null,"entity_id":"Q1146966","candidates":[]}],[{"start":0,"end":12,"url":null,"entity_id":"Q604733","candidates":[]}],[{"start":0,"end":19,"url":null,"entity_id":"Q374736","candidates":[]}],[{"start":0,"end":3,"url":null,"entity_id":"Q26678","candidates":[]}],[]],[[{"start":0,"end":7,"url":null,"entity_id":"Q915927","candidates":[]}],[{"start":0,"end":24,"url":null,"entity_id":"Q748054","candidates":[]}],[{"start":0,"end":9,"url":null,"entity_id":"Q3905383","candidates":[]}],[{"start":0,"end":4,"url":null,"entity_id":"Q27597","candidates":[]}],[]],[[{"start":0,"end":20,"url":null,"entity_id":"Q1060929","candidates":[]}],[{"start":0,"end":12,"url":null,"entity_id":"Q604733","candidates":[]}],[{"start":0,"end":7,"url":null,"entity_id":"Q27325","candidates":[]}],[{"start":0,"end":11,"url":null,"entity_id":"Q35886","candidates":[]}],[]],[[{"start":0,"end":9,"url":null,"entity_id":"Q776618","candidates":[]}],[{"start":0,"end":12,"url":null,"entity_id":"Q604733","candidates":[]}],[{"start":0,"end":17,"url":null,"entity_id":"Q3956282","candidates":[]}],[{"start":0,"end":4,"url":null,"entity_id":"Q27597","candidates":[]}],[]],[[{"start":0,"end":8,"url":null,"entity_id":"Q750528","candidates":[]}],[{"start":0,"end":12,"url":null,"entity_id":"Q604733","candidates":[]}],[{"start":0,"end":12,"url":null,"entity_id":"Q181343","candidates":[]}],[{"start":0,"end":4,"url":null,"entity_id":"Q27597","candidates":[]}],[]],[[{"start":0,"end":16,"url":null,"entity_id":"Q850536","candidates":[]}],[{"start":0,"end":12,"url":null,"entity_id":"Q604733","candidates":[]}],[{"start":0,"end":16,"url":null,"entity_id":"Q438424","candidates":[]}],[{"start":0,"end":11,"url":null,"entity_id":"Q35886","candidates":[]}],[]],[[{"start":0,"end":7,"url":null,"entity_id":"Q846139","candidates":[]}],[{"start":0,"end":24,"url":null,"entity_id":"Q748054","candidates":[]}],[{"start":0,"end":13,"url":null,"entity_id":"Q1164986","candidates":[]}],[{"start":0,"end":4,"url":null,"entity_id":"Q27597","candidates":[]}],[]],[[{"start":0,"end":12,"url":null,"entity_id":"Q730915","candidates":[]}],[{"start":0,"end":12,"url":null,"entity_id":"Q604733","candidates":[]}],[{"start":0,"end":10,"url":null,"entity_id":"Q722216","candidates":[]}],[{"start":0,"end":3,"url":null,"entity_id":"Q26678","candidates":[]}],[]],[[{"start":0,"end":17,"url":null,"entity_id":"Q55356792","candidates":[]}],[{"start":0,"end":12,"url":null,"entity_id":"Q604733","candidates":[]}],[{"start":0,"end":12,"url":null,"entity_id":"Q23302738","candidates":[]}],[{"start":0,"end":14,"url":null,"entity_id":"Q81965","candidates":[]}],[]]]}